Form3Home,Form5Home,Form3Away,Form5Away,FTResult,HomeAvgGoalsScored5,HomeAvgGoalsConceded5,AwayAvgGoalsScored5,AwayAvgGoalsConceded5,HomeElo,AwayElo,EloDifference,FormDifference,AvgGoalsScoredDifference5,AvgGoalsConcededDifference5
0.0,3.0,6.0,12.0,D,0.6,1.6,2.0,0.8,1479.2578228958284,1487.743804797587,-8.485981901758578,-9.0,-1.4,0.8
6.0,10.0,3.0,4.0,A,1.6,0.8,0.8,2.4,1533.0409318442366,1482.4500501886737,50.59088165556295,6.0,0.8,-1.5999999999999999
7.0,10.0,0.0,1.0,A,0.2,1.2,0.8,2.6,1404.1297510751774,1436.5734452872202,-32.44369421204283,9.0,-0.6000000000000001,-1.4000000000000001
3.0,3.0,6.0,10.0,A,0.6,1.4,2.0,1.2,1474.1849877987104,1678.833842725665,-204.64885492695453,-7.0,-1.4,0.19999999999999996
9.0,13.0,3.0,6.0,D,1.4,1.0,1.6,1.6,1439.838759922583,1671.8998511744317,-232.06109125184867,7.0,-0.20000000000000018,-0.6000000000000001
9.0,15.0,2.0,8.0,H,2.4,0.2,1.8,1.8,1732.519945432735,1503.457593200658,229.06235223207705,7.0,0.5999999999999999,-1.6
4.0,7.0,6.0,9.0,A,1.6,1.0,1.8,1.0,1686.4537596815069,1522.1942576870545,164.25950199445242,-2.0,-0.19999999999999996,0.0
4.0,10.0,7.0,8.0,H,2.2,2.0,0.8,0.4,1728.201403988658,1554.373476305261,173.8279276833971,2.0,1.4000000000000001,1.6
3.0,3.0,9.0,15.0,A,1.0,1.6,2.8,0.6,1499.3962543549571,1795.543425270335,-296.14717091537796,-12.0,-1.7999999999999998,1.0
7.0,10.0,7.0,10.0,A,2.0,2.2,1.2,0.6,1406.966326491289,1746.3543414681085,-339.3880149768195,0.0,0.8,1.6
6.0,12.0,4.0,10.0,H,2.2,1.0,1.4,2.6,1526.6866283621623,1402.4739558161812,124.21267254598115,2.0,0.8000000000000003,-1.6
4.0,8.0,1.0,4.0,D,1.0,0.6,0.8,1.4,1549.7207219503375,1483.9105772507519,65.81014469958563,4.0,0.19999999999999996,-0.7999999999999999
4.0,7.0,9.0,15.0,D,1.6,1.4,2.2,0.2,1670.7712353394052,1733.6485612677616,-62.87732592835641,-8.0,-0.6000000000000001,1.2
7.0,10.0,7.0,13.0,H,1.6,0.8,1.6,1.2,1748.1114726336245,1438.081628757067,310.0298438765576,-3.0,0.0,-0.3999999999999999
3.0,6.0,3.0,3.0,D,1.0,2.4,1.0,1.8,1480.104086364057,1501.742218179574,-21.638131815517,3.0,0.0,0.5999999999999999
2.0,5.0,3.0,3.0,A,1.4,1.8,0.4,1.0,1489.8995267903904,1487.743054208978,2.156472581412345,2.0,0.9999999999999999,0.8
3.0,4.0,6.0,7.0,D,1.0,2.0,1.4,1.0,1436.4717748806845,1533.1426022507724,-96.67082737008786,-3.0,-0.3999999999999999,1.0
4.0,10.0,4.0,7.0,D,2.0,1.0,1.8,1.0,1490.5108525745086,1683.6867119045853,-193.17585933007672,3.0,0.19999999999999996,0.0
6.0,12.0,4.0,7.0,H,1.6,0.6,0.2,1.0,1680.9074764042243,1402.056117396618,278.85135900760633,5.0,1.4000000000000001,-0.4
9.0,15.0,7.0,10.0,H,2.6,0.4,2.0,1.8,1801.0677921635038,1722.6770370954894,78.39075506801441,5.0,0.6000000000000001,-1.4
9.0,12.0,2.0,2.0,H,2.0,0.8,0.6,1.4,1532.793901754298,1477.8033038586161,54.99059789568196,10.0,1.4,-0.5999999999999999
3.0,6.0,2.0,8.0,A,1.0,1.0,1.0,0.6,1476.6530315871382,1560.8107445721773,-84.1577129850391,-2.0,0.0,0.4
1.0,4.0,1.0,2.0,D,0.8,1.4,1.4,2.4,1498.6298966123975,1493.0118483575668,5.618048254830683,2.0,-0.5999999999999999,-1.0
3.0,7.0,2.0,8.0,H,0.2,1.8,1.4,1.2,1411.7239402207642,1480.8430297503623,-69.11908952959811,-1.0,-1.2,0.6000000000000001
5.0,5.0,9.0,13.0,A,1.6,1.8,1.8,0.4,1660.1199581158317,1758.762749857198,-98.64279174136641,-8.0,-0.19999999999999996,1.4
1.0,7.0,2.0,5.0,D,1.2,2.4,1.2,1.2,1407.2630814003976,1678.8975863203689,-271.6345049199713,2.0,0.0,1.2
9.0,15.0,4.0,7.0,A,2.8,0.6,1.4,1.0,1783.2150842554163,1550.9953101588599,232.21977409655642,8.0,1.4,-0.4
4.0,7.0,4.0,4.0,H,0.8,1.6,0.8,1.8,1486.1904692448345,1430.385391999907,55.80507724492759,3.0,0.0,-0.19999999999999996
4.0,10.0,7.0,13.0,D,1.6,1.6,2.0,0.6,1443.1827911208115,1728.547398904017,-285.36460778320543,-3.0,-0.3999999999999999,1.0
9.0,12.0,6.0,7.0,A,1.8,0.4,1.6,2.0,1669.2469882937928,1734.3375252059209,-65.09053691212807,5.0,0.19999999999999996,-1.6
6.0,10.0,7.0,7.0,A,2.2,1.6,0.6,1.6,1716.712996914007,1503.8149975367485,212.89799937725843,3.0,1.6,0.0
5.0,11.0,6.0,12.0,D,1.6,0.8,2.2,0.4,1727.2499841531053,1784.512499006328,-57.26251485322268,-1.0,-0.6000000000000001,0.4
9.0,13.0,9.0,12.0,H,2.6,1.0,1.8,0.6,1761.4187449456522,1530.137906665844,231.28083827980822,1.0,0.8,0.4
1.0,3.0,1.0,5.0,D,2.0,2.6,1.2,1.6,1488.1227408737361,1412.1521888842283,75.97055198950784,-2.0,0.8,1.0
4.0,8.0,2.0,5.0,H,1.2,0.8,1.4,1.4,1566.454691630791,1492.9859495537837,73.46874207700739,3.0,-0.19999999999999996,-0.5999999999999999
4.0,10.0,2.0,8.0,A,1.6,0.8,1.6,1.6,1535.6381164537513,1458.53998482592,77.09813162783121,2.0,0.0,-0.8
2.0,5.0,6.0,9.0,D,1.2,1.4,1.6,1.0,1483.3339735150348,1666.7560445291203,-183.42207101408553,-4.0,-0.40000000000000013,0.3999999999999999
2.0,2.0,2.0,5.0,A,0.6,1.8,2.2,2.6,1470.129208756841,1667.7940532176067,-197.6648444607656,-3.0,-1.6,-0.8
2.0,6.0,3.0,7.0,H,1.2,1.0,0.4,1.6,1681.0531848131282,1409.568341728005,271.4848430851232,-1.0,0.7999999999999999,-0.6000000000000001
4.0,4.0,3.0,6.0,D,0.8,1.6,1.2,1.4,1428.851063531533,1478.187360055512,-49.336296523978945,-2.0,-0.3999999999999999,0.20000000000000018
2.0,3.0,2.0,3.0,D,1.0,1.2,1.2,1.8,1411.3246309540214,1484.1615314452417,-72.83690049122038,0.0,-0.19999999999999996,-0.6000000000000001
4.0,4.0,3.0,9.0,H,1.2,1.8,1.6,1.2,1491.9757965364365,1702.9245604330824,-210.94876389664591,-5.0,-0.40000000000000013,0.6000000000000001
6.0,12.0,7.0,8.0,A,2.2,1.2,1.8,0.8,1518.3252114854824,1578.2673868111526,-59.94217532567018,4.0,0.40000000000000013,0.3999999999999999
7.0,10.0,3.0,9.0,A,0.8,0.8,1.8,1.2,1497.225446244206,1733.8395354456477,-236.61408920144163,1.0,-1.0,-0.3999999999999999
2.0,2.0,2.0,5.0,D,0.8,2.2,1.0,1.4,1488.5844387039135,1433.2525743814033,55.33186432251023,-3.0,-0.19999999999999996,0.8000000000000003
3.0,6.0,4.0,7.0,D,0.2,2.0,0.8,0.8,1410.3172851146305,1534.8891730671257,-124.57188795249522,-1.0,-0.6000000000000001,1.2
4.0,8.0,2.0,3.0,A,2.2,2.0,1.4,2.0,1651.126054612724,1504.790739478619,146.33531513410503,5.0,0.8000000000000003,0.0
4.0,8.0,5.0,6.0,H,1.4,1.2,1.4,0.8,1471.9269670841982,1667.66620255485,-195.73923547065192,2.0,0.0,0.3999999999999999
4.0,10.0,9.0,15.0,D,1.8,0.8,3.4,1.4,1781.1107323165718,1764.8205116354084,16.29022068116342,-5.0,-1.5999999999999999,-0.5999999999999999
4.0,10.0,1.0,2.0,A,2.0,1.0,0.6,1.8,1649.8257542827253,1487.0594990032362,162.7662552794891,8.0,1.4,-0.8
9.0,10.0,4.0,4.0,H,1.8,0.6,0.6,2.2,1581.7909899612312,1406.793681964552,174.99730799667918,6.0,1.2000000000000002,-1.6
5.0,9.0,1.0,7.0,D,2.0,1.2,1.4,1.2,1728.9885209491129,1654.67676877926,74.31175216985275,2.0,0.6000000000000001,0.0
7.0,13.0,6.0,10.0,H,3.2,1.4,0.8,0.8,1766.9714489389507,1495.0745089406637,271.89693999828705,3.0,2.4000000000000004,0.5999999999999999
5.0,5.0,7.0,8.0,H,1.6,2.0,1.8,1.6,1511.1427304302156,1465.5749761326015,45.5677542976141,-3.0,-0.19999999999999996,0.3999999999999999
2.0,6.0,2.0,8.0,A,1.4,1.4,1.6,1.0,1429.3805760257162,1784.9827306722589,-355.60215464654266,-2.0,-0.20000000000000018,0.3999999999999999
3.0,6.0,3.0,5.0,D,1.4,1.6,2.2,2.6,1698.8137515205703,1655.236863525236,43.576887995334346,1.0,-0.8000000000000003,-1.0
4.0,5.0,4.0,7.0,H,1.8,1.6,1.8,1.6,1671.0623260834575,1488.5796730078291,182.48265307562838,-2.0,0.0,0.0
2.0,4.0,3.0,9.0,D,1.0,1.2,1.6,1.2,1482.288969235573,1520.1977736951512,-37.90880445957828,-5.0,-0.6000000000000001,0.0
3.0,5.0,3.0,3.0,H,0.6,1.4,0.2,0.8,1492.392792024668,1405.9913379325894,86.40145409207867,2.0,0.39999999999999997,0.5999999999999999
4.0,5.0,2.0,3.0,H,0.8,1.0,1.0,2.2,1540.9106153518921,1482.562996419147,58.347618932745036,2.0,-0.19999999999999996,-1.2000000000000002
1.0,7.0,1.0,3.0,D,1.2,1.0,1.0,2.0,1516.4313194587212,1486.3294506555771,30.101868803144043,4.0,0.19999999999999996,-1.0
3.0,4.0,4.0,8.0,H,0.6,0.8,1.0,0.8,1491.1036035801035,1532.0959810073616,-40.992377427258134,-4.0,-0.4,0.0
1.0,4.0,6.0,7.0,H,1.2,1.6,1.0,1.0,1701.7398007355541,1489.4667428096843,212.2730579258698,-3.0,0.19999999999999996,0.6000000000000001
6.0,7.0,2.0,3.0,D,1.4,1.6,0.0,1.0,1461.2796889744336,1410.2866250907573,50.993063883676314,4.0,1.4,0.6000000000000001
2.0,3.0,7.0,8.0,H,1.6,2.2,1.8,1.6,1438.8561302460885,1501.6671762098433,-62.81104596375485,-5.0,-0.19999999999999996,0.6000000000000001
3.0,7.0,5.0,8.0,A,0.6,1.4,2.0,1.4,1490.0541839082314,1790.0030557046912,-299.9488717964598,-1.0,-1.4,0.0
7.0,13.0,5.0,7.0,H,3.2,1.2,1.8,1.2,1773.1963989042815,1722.763570983782,50.43282792049945,6.0,1.4000000000000001,0.0
6.0,8.0,4.0,5.0,H,2.0,1.4,2.0,2.4,1677.8468477178503,1648.4523418908432,29.39450582700715,3.0,0.0,-1.0
2.0,5.0,9.0,13.0,H,1.4,1.4,2.0,0.4,1660.0744513244485,1576.3933074160427,83.68114390840583,-8.0,-0.6000000000000001,0.9999999999999999
4.0,7.0,1.0,4.0,H,2.0,1.8,0.8,2.4,1493.7778426172515,1401.5955123551296,92.18233026212192,3.0,1.2,-0.5999999999999999
6.0,12.0,5.0,6.0,H,2.0,0.6,1.0,0.8,1581.5142609961406,1485.9826500000056,95.53161099613499,6.0,1.0,-0.20000000000000007
2.0,3.0,4.0,8.0,H,1.4,2.4,1.8,1.6,1492.8779960882873,1454.7311435417234,38.14685254656388,-5.0,-0.40000000000000013,0.7999999999999998
7.0,8.0,4.0,5.0,H,1.8,1.2,0.8,1.4,1794.207536667015,1655.8699703621248,138.33756630489006,3.0,1.0,-0.19999999999999996
6.0,8.0,7.0,13.0,A,1.6,1.4,3.2,1.2,1496.2386638086539,1778.624911305471,-282.3862474968171,-5.0,-1.6,0.19999999999999996
2.0,4.0,6.0,7.0,A,0.4,1.2,1.8,1.6,1399.8118214156216,1504.2526462923872,-104.44082487676565,-3.0,-1.4,-0.40000000000000013
4.0,6.0,4.0,5.0,D,1.4,1.2,1.8,2.0,1714.740783536555,1446.8789176933155,267.86186584323946,1.0,-0.40000000000000013,-0.8
1.0,4.0,0.0,6.0,H,1.8,2.4,0.6,1.8,1652.138409267976,1486.3681165310986,165.7702927368773,-2.0,1.2000000000000002,0.5999999999999999
1.0,4.0,4.0,7.0,A,0.8,2.0,1.4,1.2,1396.7934824137203,1706.5418306769634,-309.7483482632431,-3.0,-0.5999999999999999,0.8
4.0,7.0,2.0,5.0,H,1.0,1.2,1.4,1.4,1538.8846529580721,1509.6426475080107,29.24200545006147,2.0,-0.3999999999999999,-0.19999999999999996
6.0,6.0,6.0,10.0,D,1.2,1.4,2.2,1.4,1491.9570426003875,1675.3565479271472,-183.3995053267597,-4.0,-1.0000000000000002,0.0
4.0,7.0,3.0,7.0,D,1.6,1.2,1.2,1.2,1489.2696945885093,1498.926011820532,-9.65631723202273,0.0,0.40000000000000013,0.0
6.0,10.0,9.0,11.0,H,2.2,1.2,2.6,1.2,1519.233331340601,1779.2268516188012,-259.9935202782003,-1.0,-0.3999999999999999,0.0
2.0,2.0,1.0,7.0,H,1.0,1.8,1.6,1.6,1515.4576556859633,1448.9161353637708,66.54152032219258,-5.0,-0.6000000000000001,0.19999999999999996
7.0,7.0,4.0,6.0,D,1.4,1.6,2.0,2.0,1698.782003172987,1454.6387451972919,244.14325797569518,1.0,-0.6000000000000001,-0.3999999999999999
6.0,12.0,6.0,7.0,H,3.0,0.4,1.2,1.4,1587.6251112374327,1532.77380271678,54.851308520652765,5.0,1.8,-0.9999999999999999
4.0,6.0,2.0,6.0,A,1.0,2.2,1.6,1.4,1479.5277765409658,1721.1956569955948,-241.66788045462908,0.0,-0.6000000000000001,0.8000000000000003
1.0,3.0,4.0,7.0,A,0.6,1.8,1.8,1.2,1393.9352533415679,1658.0149773420296,-264.07972400046174,-4.0,-1.2000000000000002,0.6000000000000001
7.0,10.0,9.0,13.0,D,2.6,1.8,2.4,0.8,1675.4506162122661,1778.530843020352,-103.08022680808585,-3.0,0.20000000000000018,1.0
4.0,5.0,4.0,5.0,A,1.0,1.6,1.0,1.8,1639.477190665373,1509.2707757850392,130.2064148803338,0.0,0.0,-0.19999999999999996
0.0,1.0,0.0,3.0,H,1.0,2.6,0.2,2.2,1406.493506289966,1476.668092654853,-70.17458636488686,-2.0,0.8,0.3999999999999999
3.0,7.0,9.0,12.0,D,1.2,1.4,2.2,1.0,1529.6174159124882,1522.3897181448926,7.2276977675956005,-5.0,-1.0000000000000002,0.3999999999999999
4.0,8.0,1.0,2.0,H,1.6,1.0,0.8,2.4,1722.77057657767,1392.3603337594927,330.41024281817727,6.0,0.8,-1.4
7.0,11.0,3.0,4.0,H,1.8,0.6,1.4,1.8,1779.770087471124,1405.254261839194,374.51582563193006,7.0,0.40000000000000013,-1.2000000000000002
6.0,7.0,4.0,5.0,D,2.0,1.4,1.0,1.0,1651.9831438660042,1521.4894891619888,130.4936547040154,2.0,1.0,0.3999999999999999
5.0,6.0,6.0,12.0,A,1.6,1.6,2.4,0.4,1445.585326658865,1596.6785297758597,-151.0932031169948,-6.0,-0.7999999999999998,1.2000000000000002
1.0,4.0,2.0,8.0,A,1.4,2.0,2.0,1.2,1437.2160422041293,1500.9697877481508,-63.75374554402151,-4.0,-0.6000000000000001,0.8
7.0,8.0,7.0,8.0,H,1.4,1.2,1.4,1.4,1521.7915880413602,1686.261190916666,-164.46960287530578,0.0,0.0,-0.19999999999999996
6.0,10.0,5.0,8.0,H,2.4,1.2,2.0,2.0,1783.95300520412,1670.7244626269473,113.22854257717268,2.0,0.3999999999999999,-0.8
0.0,0.0,3.0,4.0,A,0.0,2.6,0.8,1.6,1468.4564443682718,1647.688838951954,-179.2323945836822,-4.0,-0.8,1.0
1.0,7.0,3.0,5.0,A,1.6,1.6,0.6,2.2,1485.6186400590134,1492.8351483024844,-7.216508243471026,2.0,1.0,-0.6000000000000001
0.0,1.0,2.0,5.0,H,0.8,3.0,1.2,1.4,1401.0221161662253,1436.9235442521324,-35.90142808590713,-4.0,-0.3999999999999999,1.6
4.0,8.0,7.0,13.0,A,1.2,1.0,2.0,0.6,1676.074383675839,1789.956894711951,-113.88251103611196,-5.0,-0.8,0.4
2.0,8.0,1.0,4.0,H,1.4,1.2,1.2,1.8,1673.9704966826066,1482.3726060033541,191.5978906792525,4.0,0.19999999999999996,-0.6000000000000001
3.0,3.0,6.0,12.0,D,1.2,1.8,2.4,1.0,1411.906684836311,1777.3005822070031,-365.39389737069223,-9.0,-1.2,0.8
9.0,12.0,0.0,1.0,H,2.4,0.4,0.4,1.6,1600.3462113241153,1433.5483606558737,166.7978506682416,11.0,2.0,-1.2000000000000002
7.0,10.0,0.0,0.0,D,2.0,1.2,0.2,2.4,1518.227978149223,1472.6181843639415,45.609793785281454,10.0,1.8,-1.2
3.0,7.0,7.0,8.0,D,1.2,2.4,1.6,0.8,1494.5213063230347,1650.296985845454,-155.7756795224193,-1.0,-0.40000000000000013,1.5999999999999999
4.0,6.0,7.0,8.0,H,1.0,0.8,1.6,1.0,1534.3247331013974,1709.9353326382613,-175.6105995368639,-2.0,-0.6000000000000001,-0.19999999999999996
3.0,7.0,4.0,7.0,A,1.2,1.6,1.2,1.4,1632.1244504856465,1545.1818043787957,86.94264610685082,0.0,0.0,0.20000000000000018
5.0,8.0,9.0,10.0,A,2.0,1.2,1.2,0.8,1488.729505590807,1534.031870198704,-45.302364607896834,-2.0,0.8,0.3999999999999999
4.0,7.0,3.0,4.0,A,1.4,1.6,1.0,2.2,1529.1207124664807,1417.0832080785403,112.03750438794032,3.0,0.3999999999999999,-0.6000000000000001
4.0,10.0,7.0,8.0,H,2.0,1.0,1.4,1.0,1779.7390783877386,1531.886236920662,247.8528414670766,2.0,0.6000000000000001,0.0
0.0,1.0,4.0,7.0,D,0.4,1.6,1.4,2.6,1432.4297724837772,1495.639894495131,-63.21012201135386,-6.0,-0.9999999999999999,-1.0
9.0,13.0,4.0,4.0,H,1.6,0.6,1.4,1.8,1538.3874541873522,1407.5511008476626,130.8363533396896,9.0,0.20000000000000018,-1.2000000000000002
7.0,13.0,4.0,5.0,H,1.8,0.8,1.2,1.6,1791.7634318566015,1486.9229684461566,304.84046341044495,8.0,0.6000000000000001,-0.8
6.0,7.0,4.0,8.0,A,1.6,1.2,1.2,1.0,1696.2101991086604,1687.6956302122076,8.514568896452829,-1.0,0.40000000000000013,0.19999999999999996
5.0,8.0,5.0,11.0,H,1.6,0.8,1.8,0.8,1654.4606992869371,1514.0642647077398,140.39643457919738,-3.0,-0.19999999999999996,0.0
1.0,1.0,1.0,7.0,H,0.8,2.0,1.2,1.2,1495.006019780391,1663.4409698988022,-168.43495011841128,-6.0,-0.3999999999999999,0.8
1.0,5.0,3.0,6.0,A,0.8,0.8,1.2,1.8,1429.597068308543,1639.450926429236,-209.85385812069308,-1.0,-0.3999999999999999,-1.0
1.0,1.0,9.0,12.0,D,0.2,1.8,2.4,0.2,1473.4145710512944,1599.5498246367624,-126.13525358546804,-11.0,-2.1999999999999997,1.6
2.0,8.0,9.0,15.0,H,1.6,1.2,1.4,0.2,1521.91991605985,1530.531802835242,-8.611886775391895,-7.0,0.20000000000000018,1.0
3.0,5.0,3.0,7.0,A,1.0,1.6,1.8,1.2,1479.9687113864597,1703.1644561683572,-223.19574478189747,-2.0,-0.8,0.40000000000000013
4.0,7.0,3.0,4.0,D,1.2,1.0,1.4,1.8,1528.1384349468058,1498.7538217542472,29.384613192558618,3.0,-0.19999999999999996,-0.8
5.0,5.0,9.0,13.0,D,0.8,2.4,1.8,0.8,1500.7528987474027,1786.65042760433,-285.89752885692724,-8.0,-1.0,1.5999999999999999
6.0,8.0,0.0,2.0,H,1.2,1.0,0.6,1.2,1689.953778880894,1427.3389196398564,262.6148592410377,6.0,0.6,-0.19999999999999996
0.0,4.0,4.0,7.0,H,1.0,1.6,1.4,1.4,1667.562119751756,1524.999562613527,142.56255713822907,-3.0,-0.3999999999999999,0.20000000000000018
6.0,6.0,2.0,2.0,D,1.0,2.0,0.4,1.6,1415.8329006921836,1474.6648784376512,-58.83197774546761,4.0,0.6,0.3999999999999999
1.0,4.0,1.0,1.0,H,1.4,1.6,0.0,1.2,1415.4220103114947,1424.5588630199452,-9.136852708450533,3.0,1.4,0.40000000000000013
7.0,13.0,7.0,10.0,A,2.6,0.2,2.0,1.2,1591.8177286698724,1787.4711743546286,-195.6534456847562,3.0,0.6000000000000001,-1.0
6.0,6.0,5.0,11.0,H,1.4,2.0,1.8,0.6,1647.0523643493789,1646.8592613667943,0.19310298258460534,-5.0,-0.40000000000000013,1.4
4.0,8.0,4.0,7.0,H,1.2,0.8,1.6,1.4,1532.6813654893065,1410.879079768994,121.80228572031251,1.0,-0.40000000000000013,-0.5999999999999999
9.0,10.0,3.0,4.0,H,1.4,0.6,1.0,1.4,1693.5277229832993,1521.4256185111217,172.10210447217764,6.0,0.3999999999999999,-0.7999999999999999
0.0,4.0,4.0,8.0,A,0.6,1.4,1.2,1.0,1468.3133076998272,1533.5753197464826,-65.2620120466554,-4.0,-0.6,0.3999999999999999
4.0,5.0,3.0,3.0,A,1.4,1.6,0.6,1.2,1485.3267506119607,1488.0919495799376,-2.7651989679768576,2.0,0.7999999999999999,0.40000000000000013
7.0,7.0,6.0,12.0,D,1.0,1.6,1.2,0.4,1416.255716872423,1530.1089866550026,-113.85326978257967,-5.0,-0.19999999999999996,1.2000000000000002
1.0,1.0,3.0,4.0,A,0.4,1.6,0.6,1.2,1418.4571367664332,1673.663846005268,-255.20670923883472,-3.0,-0.19999999999999996,0.40000000000000013
3.0,9.0,4.0,10.0,H,1.6,0.8,1.0,0.8,1707.7351292733663,1587.2470555648633,120.48807370850295,-1.0,0.6000000000000001,0.0
7.0,11.0,6.0,9.0,H,1.4,0.6,1.6,1.4,1790.6730579468701,1643.0297340068387,147.64332394003145,2.0,-0.20000000000000018,-0.7999999999999999
4.0,8.0,0.0,1.0,D,1.4,1.0,0.2,1.4,1639.6019269717472,1434.5962540349035,205.00567293684367,7.0,1.2,-0.3999999999999999
3.0,6.0,7.0,10.0,A,0.8,0.8,1.8,1.0,1495.6632117829795,1792.5608613190518,-296.8976495360723,-4.0,-1.0,-0.19999999999999996
6.0,9.0,4.0,4.0,D,1.4,1.6,1.0,1.4,1636.727848690225,1491.6286359285743,145.09921276165073,5.0,0.3999999999999999,0.20000000000000018
0.0,4.0,6.0,9.0,H,1.2,1.6,1.4,0.8,1533.8599353201357,1695.3008124643522,-161.44087714421653,-5.0,-0.19999999999999996,0.8
3.0,4.0,5.0,8.0,H,1.2,1.8,1.0,1.2,1418.220997424759,1408.913799216658,9.307198208101,-4.0,0.19999999999999996,0.6000000000000001
9.0,13.0,4.0,6.0,H,2.4,0.8,1.0,1.0,1796.3420029525641,1635.8207853382348,160.52121761432932,7.0,1.4,-0.19999999999999996
6.0,6.0,2.0,6.0,D,1.2,1.4,1.0,1.2,1667.0226389914756,1502.3044187967719,164.7182201947037,0.0,0.19999999999999996,0.19999999999999996
1.0,1.0,0.0,3.0,D,0.4,1.6,0.4,1.4,1432.7112906339173,1470.1982711008134,-37.48698046689606,-2.0,0.0,0.20000000000000018
4.0,10.0,7.0,13.0,H,1.0,0.4,1.8,0.4,1544.4272587384928,1776.35478586338,-231.9275271248871,-3.0,-0.8,0.0
5.0,6.0,1.0,1.0,H,0.8,0.8,0.6,1.8,1493.563699816934,1412.9853865294367,80.5783132874974,5.0,0.20000000000000007,-1.0
6.0,8.0,4.0,8.0,H,1.2,1.0,1.2,0.8,1540.7503259200482,1525.5063593157408,15.243966604307388,0.0,0.0,0.19999999999999996
1.0,7.0,9.0,12.0,A,0.8,1.0,1.6,0.6,1577.4278080158358,1703.3469705323268,-125.91916251649104,-5.0,-0.8,0.4
2.0,4.0,9.0,10.0,D,0.4,1.0,1.4,0.8,1500.5510562322186,1542.5036884846015,-41.952632252382955,-6.0,-0.9999999999999999,0.19999999999999996
1.0,1.0,7.0,9.0,H,0.2,1.4,1.0,0.6,1478.0276390601546,1485.734331857593,-7.706692797438336,-8.0,-0.8,0.7999999999999999
0.0,1.0,9.0,13.0,A,0.8,2.0,2.4,0.8,1409.7118790370034,1799.6155104449974,-389.903631407994,-12.0,-1.5999999999999999,1.2
2.0,5.0,3.0,6.0,D,0.8,0.8,1.4,1.6,1489.981074139075,1535.507497109635,-45.526422970560134,-1.0,-0.5999999999999999,-0.8
4.0,10.0,2.0,2.0,H,1.6,0.6,0.4,1.4,1777.7981950136511,1431.267881483646,346.53031353000506,8.0,1.2000000000000002,-0.7999999999999999
2.0,8.0,0.0,4.0,H,1.0,1.0,0.8,1.4,1420.8606204125954,1565.4809868198984,-144.62036640730298,4.0,0.19999999999999996,-0.3999999999999999
6.0,6.0,4.0,10.0,H,1.2,1.4,1.2,0.6,1699.1189005844792,1540.6091706183659,158.50972996611335,-4.0,0.0,0.7999999999999999
9.0,15.0,7.0,7.0,H,2.0,0.6,1.2,1.2,1709.6129291544544,1660.756680369348,48.856248785106345,8.0,0.8,-0.6
4.0,7.0,4.0,7.0,A,1.4,1.4,1.0,1.4,1515.8292274823814,1646.4049805235845,-130.57575304120314,0.0,0.3999999999999999,0.0
1.0,5.0,6.0,7.0,H,1.0,1.2,1.4,1.4,1638.5897197340157,1415.452063028978,223.13765670503767,-2.0,-0.3999999999999999,-0.19999999999999996
7.0,10.0,0.0,1.0,H,1.6,1.0,0.8,1.8,1546.653700951319,1405.561866570286,141.0918343810331,9.0,0.8,-0.8
4.0,10.0,4.0,8.0,H,1.2,1.2,1.0,1.0,1649.0666088410244,1418.1989920951555,230.86761674586887,2.0,0.19999999999999996,0.19999999999999996
3.0,6.0,4.0,4.0,H,1.2,1.6,0.4,1.0,1424.3790482938932,1469.1006537952394,-44.721605501346176,2.0,0.7999999999999999,0.6000000000000001
0.0,1.0,4.0,7.0,H,0.4,1.6,1.4,1.2,1574.7085358146658,1629.3621707392483,-54.65363492458255,-6.0,-0.9999999999999999,0.40000000000000013
2.0,2.0,3.0,4.0,A,0.4,1.6,1.2,1.6,1420.8238135427437,1526.2732954232838,-105.44948188054013,-2.0,-0.7999999999999999,0.0
6.0,8.0,9.0,15.0,D,1.0,0.8,2.4,0.6,1489.1560587065496,1706.1912023054977,-217.03514359894803,-7.0,-1.4,0.20000000000000007
9.0,15.0,2.0,6.0,H,2.2,0.4,1.0,0.8,1801.3440785406385,1488.2525060434339,313.09157249720465,9.0,1.2000000000000002,-0.4
4.0,7.0,6.0,9.0,D,1.0,1.4,1.8,1.2,1659.0009832508724,1700.8745977029548,-41.87361445208239,-2.0,-0.8,0.19999999999999996
4.0,7.0,2.0,4.0,A,1.0,1.4,0.4,1.0,1526.7830196810671,1514.3772071695173,12.405812511549811,3.0,0.6,0.3999999999999999
4.0,4.0,6.0,10.0,A,1.2,1.6,1.6,0.4,1529.3883645444407,1783.9173275788455,-254.5289630344048,-6.0,-0.40000000000000013,1.2000000000000002
7.0,13.0,3.0,4.0,H,2.2,0.6,0.8,1.6,1709.5274119699286,1523.4468100166362,186.08060195329244,9.0,1.4000000000000001,-1.0
4.0,4.0,9.0,15.0,A,0.8,1.2,2.4,0.2,1464.9402495426596,1805.5044827932184,-340.5642332505588,-11.0,-1.5999999999999999,1.0
3.0,7.0,4.0,8.0,H,1.2,1.2,1.0,0.8,1532.5196311928673,1482.909722936966,49.609908255901246,-1.0,0.19999999999999996,0.3999999999999999
5.0,6.0,1.0,2.0,A,0.6,1.0,0.2,1.4,1499.3190449679796,1435.8819757442814,63.437069223698245,4.0,0.39999999999999997,-0.3999999999999999
0.0,0.0,7.0,10.0,A,0.8,2.2,1.2,1.2,1399.472373883586,1655.1561015277243,-255.68372764413834,-10.0,-0.3999999999999999,1.0000000000000002
4.0,10.0,6.0,9.0,H,2.0,1.2,1.8,1.8,1702.929142459927,1422.324503536921,280.6046389230062,1.0,0.19999999999999996,-0.6000000000000001
2.0,3.0,3.0,3.0,A,0.4,1.2,0.8,1.4,1477.8628765907954,1585.0981652673042,-107.23528867650884,0.0,-0.4,-0.19999999999999996
6.0,10.0,7.0,13.0,H,1.6,0.4,1.8,0.6,1786.4271103662018,1544.1439181639628,242.28319220223898,-3.0,-0.19999999999999996,-0.19999999999999996
3.0,5.0,2.0,8.0,A,0.8,1.2,1.2,1.2,1412.0434041650092,1665.1565711810188,-253.11316701600958,-3.0,-0.3999999999999999,0.0
3.0,4.0,4.0,4.0,A,1.0,1.6,1.0,1.6,1614.1677826833159,1544.5827526003732,69.5850300829427,0.0,0.0,0.0
4.0,10.0,7.0,10.0,A,1.6,1.0,2.2,1.4,1535.8199298678007,1711.2531307560891,-175.4332008882884,0.0,-0.6000000000000001,-0.3999999999999999
9.0,10.0,7.0,13.0,D,1.2,1.2,2.2,0.8,1653.8503009415424,1710.8332125561105,-56.98291161456814,-3.0,-1.0000000000000002,0.3999999999999999
4.0,7.0,3.0,4.0,H,1.2,1.4,1.0,1.6,1549.8285319258075,1459.6944702172252,90.1340617085823,3.0,0.19999999999999996,-0.20000000000000018
3.0,6.0,1.0,2.0,D,1.4,1.8,0.4,1.6,1421.0517353164041,1479.1356448113122,-58.083909494908085,4.0,0.9999999999999999,0.19999999999999996
6.0,6.0,9.0,12.0,D,1.4,1.0,2.0,0.4,1587.9346758838867,1783.5905997496193,-195.65592386573257,-6.0,-0.6000000000000001,0.6
9.0,15.0,3.0,4.0,D,2.4,0.4,0.6,1.2,1796.607877977586,1420.9400089806416,375.66786899694443,11.0,1.7999999999999998,-0.7999999999999999
3.0,5.0,0.0,0.0,A,0.8,1.0,0.6,2.0,1422.1458224843507,1413.2085271435167,8.937295340833998,5.0,0.20000000000000007,-1.0
1.0,7.0,4.0,5.0,D,0.8,0.8,0.8,1.6,1480.5491621526128,1501.679605752333,-21.130443599720138,2.0,0.0,-0.8
0.0,4.0,3.0,4.0,H,1.0,2.0,0.8,1.4,1533.1798016217977,1604.4347910781544,-71.25498945635672,0.0,0.19999999999999996,0.6000000000000001
4.0,8.0,6.0,9.0,H,1.2,1.2,1.2,1.0,1669.3095164517674,1528.3666859221187,140.94283052964875,-1.0,0.0,0.19999999999999996
7.0,7.0,7.0,10.0,H,1.6,1.0,2.4,1.6,1598.6048290231688,1700.582977616807,-101.97814859363825,-3.0,-0.7999999999999998,-0.6000000000000001
7.0,11.0,7.0,10.0,H,1.2,0.6,1.6,0.6,1664.7042109592305,1772.7366897319312,-108.03247877270064,1.0,-0.40000000000000013,0.0
3.0,7.0,0.0,4.0,D,1.4,1.2,0.8,1.6,1531.1444337024695,1464.3699663825564,66.77446731991313,3.0,0.5999999999999999,-0.40000000000000013
6.0,10.0,5.0,11.0,D,1.4,1.0,1.8,0.6,1551.5665630435267,1709.0951814383914,-157.52861839486468,-1.0,-0.40000000000000013,0.4
4.0,7.0,6.0,6.0,D,1.4,1.4,1.0,1.8,1421.2622454153918,1528.156175823131,-106.89393040773916,1.0,0.3999999999999999,-0.40000000000000013
3.0,4.0,0.0,3.0,H,0.6,1.0,1.0,1.8,1434.4709736198206,1592.1096399426845,-157.63866632286386,1.0,-0.4,-0.8
7.0,13.0,4.0,6.0,H,2.0,0.6,0.6,0.8,1798.474896152425,1499.812587577494,298.6623085749309,7.0,1.4,-0.20000000000000007
7.0,8.0,3.0,3.0,D,1.4,1.2,0.6,1.4,1661.590802403625,1420.927241191659,240.663561211966,5.0,0.7999999999999999,-0.19999999999999996
2.0,5.0,1.0,3.0,D,0.6,0.8,0.4,1.4,1477.7104133552618,1481.9743936086631,-4.263980253401314,2.0,0.19999999999999996,-0.5999999999999999
3.0,6.0,1.0,4.0,D,1.4,2.2,0.8,1.4,1527.7323726102495,1426.3874379921897,101.34493461805982,2.0,0.5999999999999999,0.8000000000000003
4.0,7.0,1.0,5.0,D,1.0,1.4,1.0,1.2,1525.4343248991684,1533.8662846264322,-8.431959727263802,2.0,0.0,0.19999999999999996
2.0,5.0,2.0,5.0,H,1.4,1.6,1.2,1.6,1433.4507682177664,1414.1989151898151,19.251853027951256,0.0,0.19999999999999996,0.0
4.0,10.0,4.0,4.0,H,2.0,1.2,1.6,2.6,1775.1502939195898,1525.318768422591,249.8315254969989,6.0,0.3999999999999999,-1.4000000000000001
2.0,3.0,7.0,13.0,H,0.4,1.4,2.2,1.2,1494.3115438549269,1652.3670607129668,-158.05551685803994,-10.0,-1.8000000000000003,0.19999999999999996
0.0,3.0,7.0,13.0,D,1.0,2.0,2.4,1.0,1595.0788892508886,1795.5056468442208,-200.42675759333224,-10.0,-1.4,1.0
4.0,4.0,2.0,3.0,H,0.8,1.4,0.2,0.6,1429.6897367043498,1468.947917842571,-39.25818113822129,1.0,0.6000000000000001,0.7999999999999999
1.0,5.0,7.0,8.0,A,1.0,1.4,1.8,1.6,1491.5722018682438,1669.8311881128752,-178.2589862446314,-3.0,-0.8,-0.20000000000000018
1.0,4.0,6.0,6.0,H,1.0,1.8,1.0,1.0,1470.796163632812,1428.044776369565,42.751387263247125,-2.0,0.0,0.8
5.0,9.0,7.0,10.0,A,1.6,0.6,1.8,0.6,1693.6832604868225,1614.0167499747376,79.66651051208487,-1.0,-0.19999999999999996,0.0
6.0,10.0,7.0,8.0,H,2.0,1.4,1.0,0.8,1704.4342001465864,1547.7153405137474,156.71885963283898,2.0,1.0,0.5999999999999999
2.0,3.0,7.0,11.0,A,0.2,0.6,2.0,1.0,1461.7726286977877,1677.0064772576586,-215.23384855987092,-8.0,-1.8,-0.4
5.0,5.0,5.0,5.0,A,1.6,1.8,0.6,1.4,1422.328992044354,1505.4333200283393,-83.10432798398529,0.0,1.0,0.40000000000000013
7.0,7.0,4.0,7.0,A,1.0,1.2,0.8,1.2,1420.2080902817736,1557.1969869363236,-136.98889665455,0.0,0.19999999999999996,0.0
4.0,4.0,7.0,13.0,A,1.4,2.2,2.0,0.4,1514.9935848764478,1624.3419335208807,-109.34834864443292,-9.0,-0.6000000000000001,1.8000000000000003
2.0,5.0,2.0,6.0,A,1.2,1.4,1.0,0.8,1408.9496118597474,1698.9325638168903,-289.98295195714286,-1.0,0.19999999999999996,0.5999999999999999
2.0,8.0,4.0,10.0,A,1.0,1.2,2.0,1.2,1519.495200293827,1781.089418524931,-261.5942182311039,-2.0,-1.0,0.0
4.0,10.0,1.0,4.0,H,2.0,1.4,0.8,1.4,1656.0118264650055,1487.9274361162052,168.0843903488003,6.0,1.2,0.0
5.0,11.0,6.0,10.0,A,2.4,1.2,1.8,1.2,1780.5008357379095,1719.4390112528977,61.06182448501181,1.0,0.5999999999999999,0.0
2.0,5.0,3.0,6.0,H,1.0,1.2,1.0,0.8,1538.5500756723477,1423.3609853236494,115.1890903486983,-1.0,0.0,0.3999999999999999
1.0,1.0,4.0,4.0,D,0.6,2.0,1.0,1.8,1589.3923069681314,1476.4827459155692,112.90956105256214,-3.0,-0.4,0.19999999999999996
0.0,1.0,4.0,5.0,H,0.8,1.8,1.8,2.0,1493.4920246573868,1416.7644035031724,76.72762115421438,-4.0,-1.0,-0.19999999999999996
4.0,10.0,1.0,2.0,H,1.0,0.8,0.6,1.4,1561.0619943586244,1405.0846044374466,155.97738992117775,8.0,0.4,-0.5999999999999999
4.0,8.0,4.0,7.0,H,1.2,0.6,1.0,1.0,1700.9635755875945,1418.1770785110693,282.78649707652517,1.0,0.19999999999999996,-0.4
5.0,5.0,6.0,10.0,A,0.6,1.2,2.0,1.4,1468.732618199116,1663.7619541814588,-195.0293359823429,-5.0,-1.4,-0.19999999999999996
3.0,6.0,1.0,4.0,A,1.0,1.2,1.6,2.4,1413.120198730198,1525.2343714698993,-112.11417273970142,2.0,-0.6000000000000001,-1.2
7.0,8.0,2.0,2.0,A,1.2,1.2,0.6,1.4,1494.971950337946,1599.8536766585246,-104.88172632057854,6.0,0.6,-0.19999999999999996
6.0,10.0,4.0,8.0,D,2.6,1.2,1.8,1.6,1778.2725145647387,1783.3177396981018,-5.045225133363147,2.0,0.8,-0.40000000000000013
7.0,13.0,5.0,5.0,H,2.0,0.6,1.2,1.2,1681.0502683386703,1534.506284591336,146.54398374733432,8.0,0.8,-0.6
6.0,12.0,1.0,2.0,H,1.8,0.8,0.0,0.8,1721.7021482999812,1459.5094916507041,262.19265664927707,10.0,1.8,0.0
9.0,13.0,2.0,5.0,A,1.8,0.6,0.8,2.2,1609.0458815715297,1534.7912522431782,74.25462932835148,8.0,1.0,-1.6
6.0,10.0,9.0,12.0,H,2.2,1.2,2.4,0.6,1672.557254872003,1712.906847609437,-40.349592737433795,-2.0,-0.19999999999999973,0.6
0.0,2.0,6.0,10.0,A,0.6,1.6,1.2,0.6,1397.9906330680099,1616.1398529409664,-218.14921987295656,-8.0,-0.6,1.0
2.0,6.0,0.0,3.0,D,1.4,1.6,0.4,1.6,1774.569352675924,1421.8685857523758,352.70076692354814,3.0,0.9999999999999999,0.0
4.0,5.0,3.0,4.0,D,0.8,2.2,1.0,1.2,1530.9346504592208,1497.348626441344,33.58602401787675,1.0,-0.19999999999999996,1.0000000000000002
5.0,5.0,9.0,13.0,D,0.8,1.2,2.2,0.6,1599.3129988473613,1681.5909461498336,-82.27794730247228,-8.0,-1.4000000000000001,0.6
0.0,2.0,7.0,8.0,A,0.0,1.6,2.4,1.4,1455.0876074075372,1782.6943988079056,-327.60679140036837,-6.0,-2.4,0.20000000000000018
3.0,7.0,6.0,8.0,A,1.0,1.2,1.0,0.8,1407.5101725983177,1505.6388562506977,-98.12868365238,-1.0,0.0,0.3999999999999999
3.0,5.0,4.0,5.0,D,1.8,2.2,0.4,1.2,1415.3906780640482,1470.10634363824,-54.71566557419192,0.0,1.4,1.0000000000000002
3.0,7.0,6.0,10.0,D,2.0,1.8,1.4,1.0,1523.4080631803436,1562.8883026481801,-39.480239467836554,-3.0,0.6000000000000001,0.8
4.0,5.0,6.0,8.0,D,1.2,1.2,1.2,0.6,1536.3960872814746,1699.073772897456,-162.67768561598132,-3.0,0.0,0.6
6.0,9.0,0.0,4.0,H,2.2,0.8,0.8,1.4,1714.6743294751973,1405.7426907325573,308.93163874263996,5.0,1.4000000000000001,-0.5999999999999999
1.0,4.0,0.0,1.0,H,0.6,1.6,0.2,2.0,1429.969800899638,1446.9863922602751,-17.01659136063722,3.0,0.39999999999999997,-0.3999999999999999
7.0,11.0,9.0,12.0,H,1.4,0.4,2.6,1.4,1688.5518251786484,1665.5963758431883,22.955449335460116,-1.0,-1.2000000000000002,-0.9999999999999999
4.0,4.0,0.0,1.0,A,1.2,1.4,0.6,1.8,1482.1671924457635,1413.1720670635905,68.995125382173,3.0,0.6,-0.40000000000000013
7.0,8.0,2.0,6.0,A,1.2,1.2,1.2,1.4,1555.9964218528426,1781.4612334712615,-225.46481161841893,2.0,0.0,-0.19999999999999996
2.0,6.0,4.0,6.0,H,0.8,1.2,0.8,1.6,1478.9836447067783,1522.0573493906827,-43.07370468390445,0.0,0.0,-0.40000000000000013
6.0,12.0,4.0,6.0,D,1.2,0.4,1.2,1.0,1611.3833767764881,1541.1525634459529,70.23081333053528,6.0,0.0,-0.6
6.0,10.0,4.0,5.0,D,1.2,0.8,1.6,1.6,1503.3152890780775,1525.7316303529637,-22.416341274886236,5.0,-0.40000000000000013,-0.8
7.0,10.0,5.0,6.0,H,2.6,1.4,0.4,0.6,1785.9675157415843,1596.0398819136826,189.92763382790167,4.0,2.2,0.7999999999999999
7.0,8.0,1.0,5.0,H,1.4,0.8,1.8,2.2,1701.053287656061,1413.411163305443,287.6421243506179,3.0,-0.40000000000000013,-1.4000000000000001
0.0,0.0,4.0,7.0,A,0.2,2.4,1.2,1.8,1437.2456636391753,1565.7371504739422,-128.49148683476687,-7.0,-1.0,0.5999999999999999
7.0,13.0,1.0,4.0,D,2.2,0.4,1.4,2.2,1777.2032916644973,1422.17538738253,355.02790428196727,9.0,0.8000000000000003,-1.8000000000000003
4.0,10.0,6.0,12.0,A,1.4,1.0,2.6,0.6,1496.4150330342563,1721.5745855190185,-225.15955248476212,-2.0,-1.2000000000000002,0.4
4.0,4.0,3.0,3.0,H,0.6,1.6,0.8,1.6,1436.7292543120834,1406.412613651145,30.316640660938447,1.0,-0.20000000000000007,0.0
5.0,6.0,5.0,5.0,H,1.4,1.2,1.2,1.2,1783.74684378159,1523.4460200426352,260.30082373895493,1.0,0.19999999999999996,0.0
4.0,4.0,4.0,8.0,D,0.8,1.2,1.0,1.0,1479.2816715716076,1481.8691655809341,-2.5874940093265195,-4.0,-0.19999999999999996,0.19999999999999996
4.0,5.0,7.0,10.0,H,0.6,1.8,1.8,0.8,1534.2926483417605,1688.8179887049832,-154.52534036322277,-5.0,-1.2000000000000002,1.0
4.0,6.0,0.0,3.0,D,0.4,0.4,0.6,1.4,1589.2054734896512,1412.5770991565887,176.62837433306254,3.0,-0.19999999999999996,-0.9999999999999999
4.0,10.0,7.0,13.0,A,0.8,0.4,1.6,0.4,1600.727176202698,1699.2080257524385,-98.48084954974047,-3.0,-0.8,0.0
6.0,9.0,2.0,6.0,D,2.0,1.4,1.0,0.8,1659.9066572363733,1546.8422820527678,113.06437518360553,3.0,1.0,0.5999999999999999
5.0,6.0,4.0,7.0,H,0.8,1.0,0.6,0.8,1492.4114103651093,1590.1849314185229,-97.77352105341356,-1.0,0.20000000000000007,0.19999999999999996
3.0,6.0,4.0,7.0,A,1.2,1.0,1.2,1.2,1532.7643246239584,1510.4929904630658,22.271334160892593,-1.0,0.0,-0.19999999999999996
4.0,10.0,7.0,7.0,H,1.6,1.4,1.0,1.6,1569.9592577097978,1432.5071470762277,137.4521106335701,3.0,0.6000000000000001,-0.20000000000000018
4.0,10.0,2.0,5.0,H,2.0,1.0,0.8,1.0,1691.699524428315,1476.4001358482758,215.29938858003925,5.0,1.2,0.0
2.0,2.0,4.0,7.0,A,1.2,2.2,0.8,1.8,1412.5240088504997,1543.9440268737906,-131.42001802329082,-5.0,0.3999999999999999,0.40000000000000013
2.0,5.0,0.0,0.0,H,1.2,1.8,0.4,2.6,1528.5470279665776,1432.1446557152328,96.40237225134479,5.0,0.7999999999999999,-0.8
6.0,12.0,2.0,6.0,H,2.4,0.8,0.6,0.6,1725.7326063278113,1585.0474526808584,140.6851536469528,6.0,1.7999999999999998,0.20000000000000007
7.0,13.0,7.0,8.0,H,1.8,0.4,2.2,1.0,1708.7633106849487,1774.19155884908,-65.42824816413122,5.0,-0.40000000000000013,-0.6
0.0,0.0,7.0,8.0,H,0.4,2.4,1.0,1.0,1441.0060006464385,1483.5500654339037,-42.54406478746523,-8.0,-0.6,1.4
6.0,7.0,1.0,5.0,D,1.0,1.2,0.6,1.0,1430.9061506374696,1478.001132287034,-47.09498164956426,2.0,0.4,0.19999999999999996
1.0,4.0,4.0,7.0,H,0.2,0.8,1.2,1.0,1595.4296095023624,1505.2483123792263,90.18129712313612,-3.0,-1.0,-0.19999999999999996
2.0,3.0,7.0,11.0,A,0.8,1.6,2.0,0.6,1526.697585200662,1783.2700310877938,-256.57244588713183,-8.0,-1.2,1.0
9.0,13.0,1.0,2.0,H,1.8,0.6,0.8,1.8,1710.6175931504904,1410.669726384958,299.94786676553235,11.0,1.0,-1.2000000000000002
6.0,8.0,1.0,1.0,H,2.4,1.0,0.8,1.8,1775.5024099831385,1411.2662480225301,364.23616196060834,7.0,1.5999999999999999,-0.8
4.0,8.0,6.0,10.0,A,1.2,1.4,2.0,1.0,1520.3449456840199,1699.9016067108728,-179.5566610268529,-2.0,-0.8,0.3999999999999999
3.0,3.0,9.0,12.0,A,0.8,1.6,2.4,0.8,1402.0017623430576,1730.1434576358986,-328.14169529284095,-9.0,-1.5999999999999999,0.8
6.0,10.0,1.0,5.0,H,1.6,1.4,0.6,1.0,1577.562823057707,1577.4438873329493,0.11893572475764813,5.0,1.0,0.3999999999999999
4.0,10.0,6.0,10.0,H,2.2,1.4,1.0,0.8,1664.3843132564266,1539.4663708537373,124.91794240268928,0.0,1.2000000000000002,0.5999999999999999
3.0,3.0,4.0,10.0,A,1.0,1.6,2.4,1.6,1396.362517971492,1670.0235576279922,-273.6610396565002,-7.0,-1.4,0.0
2.0,3.0,3.0,3.0,A,0.4,1.2,0.8,1.6,1464.2504877332801,1454.7566452001922,9.4938425330879,0.0,-0.4,-0.40000000000000013
4.0,8.0,9.0,10.0,H,1.2,0.8,1.4,1.2,1493.3777558021575,1567.7351326894532,-74.35737688729569,-2.0,-0.19999999999999996,-0.3999999999999999
1.0,1.0,4.0,8.0,D,0.8,2.0,1.2,0.8,1408.9936801494098,1433.17871851059,-24.185038361180204,-7.0,-0.3999999999999999,1.2
1.0,2.0,6.0,10.0,H,0.8,1.8,2.6,0.8,1427.0937282969016,1759.0784080711949,-331.9846797742932,-8.0,-1.8,1.0
3.0,7.0,0.0,3.0,H,1.2,1.0,1.0,1.4,1509.8691294559417,1391.7417008947766,118.12742856116506,4.0,0.19999999999999996,-0.3999999999999999
9.0,12.0,1.0,3.0,H,1.8,1.0,0.8,1.4,1733.1125465330545,1523.728496303506,209.3840502295484,9.0,1.0,-0.3999999999999999
7.0,11.0,3.0,7.0,D,1.2,0.6,0.4,0.6,1776.4734877985218,1602.2261527916344,174.2473350068874,4.0,0.7999999999999999,0.0
1.0,2.0,3.0,5.0,H,0.4,1.4,0.6,1.6,1583.2070999797234,1514.5817330372458,68.62536694247751,-3.0,-0.19999999999999996,-0.20000000000000018
6.0,10.0,7.0,10.0,H,1.6,0.8,2.2,1.8,1706.3283297890382,1663.5968345498268,42.73149523921143,0.0,-0.6000000000000001,-1.0
6.0,7.0,9.0,13.0,A,1.2,1.4,1.8,0.6,1531.4861111110404,1718.5978528931873,-187.11174178214696,-6.0,-0.6000000000000001,0.7999999999999999
0.0,2.0,1.0,2.0,H,0.6,1.8,0.2,1.8,1529.4356888207483,1458.543295216038,70.89239360471038,0.0,0.39999999999999997,0.0
6.0,7.0,2.0,2.0,H,1.8,2.2,0.6,1.4,1665.895604729445,1406.6949099697915,259.2006947596535,5.0,1.2000000000000002,0.8000000000000003
6.0,9.0,6.0,7.0,A,1.2,1.2,1.6,1.2,1553.4802475344259,1524.124014610969,29.3562329234569,2.0,-0.40000000000000013,0.0
4.0,5.0,3.0,4.0,H,0.4,0.8,0.6,1.4,1605.6313419706626,1423.6885391178735,181.9428028527891,1.0,-0.19999999999999996,-0.5999999999999999
3.0,4.0,9.0,15.0,A,0.4,2.0,2.2,0.6,1507.8668510657549,1739.8274285045454,-231.96057743879055,-11.0,-1.8000000000000003,1.4
3.0,9.0,6.0,10.0,H,2.4,0.8,1.0,0.4,1761.250368723687,1491.2057951496654,270.04457357402157,-1.0,1.4,0.4
6.0,6.0,3.0,6.0,A,1.4,1.2,1.0,1.4,1444.0878651502237,1542.154891161009,-98.06702601078518,0.0,0.3999999999999999,-0.19999999999999996
2.0,8.0,5.0,11.0,A,1.0,0.6,1.2,0.6,1429.2240376915556,1780.4281686175561,-351.2041309260005,-3.0,-0.19999999999999996,0.0
9.0,15.0,9.0,12.0,A,2.0,0.6,2.0,0.6,1705.474440379878,1719.4517423023476,-13.977301922469678,3.0,0.0,0.0
0.0,3.0,3.0,4.0,A,1.2,1.8,1.0,1.4,1384.3151094832942,1590.6336913912057,-206.3185819079115,-1.0,0.19999999999999996,0.40000000000000013
3.0,7.0,0.0,0.0,A,0.6,1.0,1.0,2.2,1475.8675461247465,1399.6533585082132,76.21418761653331,7.0,-0.4,-1.2000000000000002
3.0,9.0,2.0,5.0,H,1.2,1.0,1.0,1.2,1546.693489330498,1424.6854395220664,122.00804980843168,4.0,0.19999999999999996,-0.19999999999999996
9.0,12.0,6.0,6.0,H,1.8,0.6,1.4,1.0,1721.5183274431276,1442.0212800094437,279.497047433684,6.0,0.40000000000000013,-0.4
7.0,11.0,3.0,9.0,H,1.4,0.8,1.2,0.8,1783.0712092728531,1550.8372068791289,232.23400239372427,2.0,0.19999999999999996,0.0
6.0,7.0,7.0,7.0,H,1.4,1.4,0.8,0.8,1598.234800479867,1598.0302328820012,0.20456759786588918,0.0,0.5999999999999999,0.5999999999999999
9.0,15.0,6.0,12.0,H,2.2,0.6,1.6,0.6,1746.1423188265192,1699.1595500579042,46.98276876861496,3.0,0.6000000000000001,0.0
1.0,2.0,3.0,4.0,H,1.2,2.0,0.8,1.8,1417.3485090994168,1518.782089691123,-101.43358059170623,-2.0,0.3999999999999999,0.19999999999999996
3.0,4.0,6.0,10.0,D,0.4,1.2,2.2,2.2,1427.5673617719863,1662.0167820753322,-234.44942030334596,-6.0,-1.8000000000000003,-1.0000000000000002
1.0,2.0,0.0,3.0,H,0.2,1.6,0.4,2.2,1467.0949662937235,1499.3151799880693,-32.22021369434583,-1.0,-0.2,-0.6000000000000001
6.0,9.0,6.0,9.0,H,1.8,1.2,2.2,0.6,1537.8779042839856,1747.4964790506704,-209.6185747666848,0.0,-0.40000000000000013,0.6
3.0,6.0,3.0,3.0,D,1.4,1.2,1.6,2.0,1438.138524823543,1403.5361136941137,34.602411129429356,3.0,-0.20000000000000018,-0.8
3.0,3.0,0.0,6.0,D,0.6,1.8,1.0,1.0,1516.8510334218843,1552.7682631483676,-35.917229726483356,-3.0,-0.4,0.8
4.0,4.0,9.0,15.0,A,0.2,1.0,2.6,0.6,1423.141747698544,1750.5679328999615,-327.42618520141764,-11.0,-2.4,0.4
4.0,7.0,1.0,2.0,H,0.8,0.6,0.8,1.6,1601.4645956230606,1421.251076781007,180.21351884205365,5.0,0.0,-1.0
3.0,4.0,9.0,12.0,A,0.4,1.6,2.0,1.0,1456.2560083416004,1548.7168622361087,-92.46085389450832,-8.0,-1.6,0.6000000000000001
6.0,9.0,9.0,9.0,D,1.4,1.0,1.2,1.0,1545.3077105359428,1599.6205792744224,-54.312868738479665,0.0,0.19999999999999996,0.0
4.0,10.0,1.0,7.0,A,1.8,1.8,2.0,1.6,1644.700618466644,1455.4546884322313,189.24593003441282,3.0,-0.19999999999999996,0.19999999999999996
3.0,6.0,4.0,5.0,A,0.8,1.8,1.4,1.8,1461.5972802698107,1431.6187749543524,29.97850531545828,1.0,-0.5999999999999999,0.0
4.0,4.0,7.0,11.0,A,2.0,2.2,1.6,1.0,1400.2019342962483,1786.4053886707186,-386.2034543744703,-7.0,0.3999999999999999,1.2000000000000002
9.0,15.0,3.0,6.0,H,2.2,0.4,1.4,1.0,1729.419468249793,1739.595338244005,-10.175869994212007,9.0,0.8000000000000003,-0.6
3.0,9.0,0.0,3.0,H,1.4,1.4,0.4,1.4,1702.1814386776769,1496.2932913682967,205.8881473093802,6.0,0.9999999999999999,0.0
9.0,13.0,9.0,15.0,H,1.6,0.8,2.6,0.8,1792.1712707700729,1723.6535861504387,68.51768461963411,-2.0,-1.0,0.0
9.0,12.0,0.0,3.0,A,2.2,1.0,1.0,2.4,1533.797788614955,1476.5163538909644,57.281434723990515,9.0,1.2000000000000002,-1.4
7.0,10.0,1.0,4.0,H,1.4,0.8,0.2,1.0,1603.003925821189,1419.7584011517774,183.24552466941145,6.0,1.2,-0.19999999999999996
6.0,7.0,7.0,7.0,H,1.6,1.8,1.4,1.2,1442.0125704430518,1534.9139150472433,-92.90134460419154,0.0,0.20000000000000018,0.6000000000000001
1.0,4.0,6.0,10.0,H,1.0,1.2,1.2,0.4,1561.302264614032,1592.9305941573962,-31.62832954336409,-6.0,-0.19999999999999996,0.7999999999999999
3.0,6.0,4.0,4.0,H,1.6,1.4,0.6,1.4,1742.294378884285,1514.1519927816043,228.14238610268058,2.0,1.0,0.0
0.0,0.0,4.0,7.0,A,0.2,1.8,1.2,1.6,1487.6776202123074,1653.3162896226333,-165.63866941032597,-7.0,-1.0,0.19999999999999996
3.0,6.0,3.0,9.0,D,1.2,2.0,1.4,1.2,1479.9833995733072,1698.714392995334,-218.7309934220268,-3.0,-0.19999999999999996,0.8
3.0,7.0,4.0,7.0,D,1.2,0.8,1.4,1.6,1591.7953182265594,1654.4515655534701,-62.656247326910716,0.0,-0.19999999999999996,-0.8
4.0,4.0,1.0,4.0,D,1.8,2.0,0.6,1.6,1400.6032336277713,1513.7506934500814,-113.14745982231011,0.0,1.2000000000000002,0.3999999999999999
4.0,4.0,3.0,4.0,D,1.0,1.4,0.6,2.0,1556.0020819184028,1461.5561910372296,94.44589088117323,0.0,0.4,-0.6000000000000001
3.0,6.0,4.0,7.0,H,1.6,1.4,1.8,1.4,1744.2417196612598,1453.5073476552564,290.73437200600347,-1.0,-0.19999999999999996,0.0
6.0,12.0,0.0,2.0,A,2.2,1.2,0.8,1.8,1518.3441501463076,1436.7047152496543,81.63943489665326,10.0,1.4000000000000001,-0.6000000000000001
1.0,4.0,9.0,10.0,A,0.2,0.8,2.0,1.4,1407.5573127436712,1454.213658851158,-46.6563461074868,-6.0,-1.8,-0.5999999999999999
0.0,0.0,4.0,7.0,A,0.4,2.2,1.0,1.0,1476.170527118935,1546.4210081406156,-70.25048102168057,-7.0,-0.6,1.2000000000000002
9.0,15.0,9.0,13.0,D,2.4,0.6,1.6,0.8,1748.9027927951634,1793.836410874871,-44.933618079707685,2.0,0.7999999999999998,-0.20000000000000007
7.0,13.0,6.0,12.0,H,1.6,0.4,2.4,1.0,1613.5975719759756,1713.059939995652,-99.46236801967643,1.0,-0.7999999999999998,-0.6
3.0,4.0,4.0,7.0,H,1.0,1.6,1.0,1.2,1451.0567755059658,1684.3623327390226,-233.3055572330568,-3.0,0.0,0.40000000000000013
9.0,12.0,7.0,13.0,A,2.2,1.4,1.4,0.6,1450.1914851992415,1797.8585845267876,-347.6670993275461,-1.0,0.8000000000000003,0.7999999999999999
2.0,5.0,0.0,1.0,H,0.6,1.0,0.0,1.0,1518.4268105049803,1402.8811956887723,115.54561481620794,4.0,0.6,0.0
4.0,10.0,5.0,5.0,H,1.6,1.2,1.2,1.4,1553.8757465236095,1548.547343535409,5.328402988200423,5.0,0.40000000000000013,-0.19999999999999996
4.0,4.0,4.0,7.0,H,0.6,2.0,1.4,1.0,1472.424352043888,1580.9271572199011,-108.50280517601323,-3.0,-0.7999999999999999,1.0
4.0,4.0,7.0,13.0,H,1.4,2.0,1.6,0.4,1465.2198420488223,1601.8850775824096,-136.6652355335873,-9.0,-0.20000000000000018,1.6
4.0,4.0,2.0,5.0,H,0.8,1.4,1.6,1.4,1686.341067285378,1398.624499081416,287.71656820396197,-1.0,-0.8,0.0
6.0,12.0,0.0,0.0,H,1.8,1.2,0.8,2.2,1458.0926505023178,1468.2693618158587,-10.176711313540864,12.0,1.0,-1.0000000000000002
3.0,9.0,4.0,4.0,A,1.8,1.6,1.0,2.0,1695.6231036719546,1497.4202358970047,198.20286777494994,5.0,0.8,-0.3999999999999999
4.0,8.0,6.0,9.0,A,1.8,1.4,2.2,1.6,1644.1577871262534,1754.5354980884765,-110.37771096222309,-1.0,-0.40000000000000013,-0.20000000000000018
7.0,13.0,3.0,9.0,H,1.4,0.4,1.6,1.4,1799.8813134360087,1516.3214212370865,283.55989219892217,4.0,-0.20000000000000018,-0.9999999999999999
6.0,6.0,7.0,13.0,A,1.2,1.6,2.0,0.4,1446.2063030237125,1753.7532652774166,-307.5469622537041,-7.0,-0.8,1.2000000000000002
6.0,12.0,1.0,4.0,H,2.0,1.0,1.2,1.4,1468.7489357649972,1570.2708719572217,-101.52193619222453,8.0,0.8,-0.3999999999999999
0.0,0.0,7.0,7.0,D,0.6,2.4,1.2,1.4,1466.2579633532418,1499.4316343596215,-33.173671006379664,-7.0,-0.6,1.0
6.0,6.0,0.0,1.0,A,1.0,1.6,0.0,0.8,1432.3001762576216,1416.7873224548632,15.5128538027584,5.0,1.0,0.8
4.0,5.0,4.0,5.0,H,1.0,1.4,1.0,1.0,1558.4210086678704,1634.284121993792,-75.86311332592163,0.0,0.0,0.3999999999999999
0.0,6.0,0.0,6.0,A,1.2,1.4,1.4,1.6,1508.565078867752,1703.3794460412892,-194.81436717353722,0.0,-0.19999999999999996,-0.20000000000000018
6.0,7.0,4.0,5.0,H,2.0,2.2,0.6,1.0,1473.8811149644557,1509.7655375893469,-35.88442262489116,2.0,1.4,1.2000000000000002
6.0,10.0,4.0,7.0,A,1.6,0.8,1.0,1.4,1586.0985089813034,1488.210920644994,97.88758833630936,3.0,0.6000000000000001,-0.5999999999999999
9.0,9.0,1.0,5.0,H,1.8,1.6,1.6,1.4,1755.8871442153777,1397.2728529545147,358.61429126086296,4.0,0.19999999999999996,0.20000000000000018
7.0,13.0,4.0,7.0,D,1.2,0.2,1.0,1.2,1794.4076152255625,1691.814765495824,102.59284972973842,6.0,0.19999999999999996,-1.0
7.0,13.0,6.0,10.0,A,2.0,0.6,1.8,1.2,1736.7746644217445,1570.8543473792815,165.920317042463,3.0,0.19999999999999996,-0.6
3.0,3.0,4.0,8.0,D,0.2,0.8,1.4,1.0,1417.979933272103,1557.2283978506307,-139.24846457852777,-5.0,-1.2,-0.19999999999999996
4.0,8.0,0.0,3.0,A,1.0,0.6,1.0,1.6,1675.0899585030143,1525.2898858605618,149.8000726424525,5.0,0.0,-1.0
1.0,2.0,1.0,1.0,H,0.8,2.4,0.8,2.4,1406.3825363310757,1457.148279976681,-50.7657436456052,1.0,0.0,0.0
1.0,4.0,6.0,10.0,H,1.2,1.6,2.0,1.6,1575.1522106767252,1468.9997762449523,106.15243443177292,-6.0,-0.8,0.0
7.0,10.0,6.0,12.0,D,1.4,1.2,1.8,0.6,1484.9019148317477,1472.0579415782436,12.843973253504146,-2.0,-0.40000000000000013,0.6
1.0,4.0,3.0,6.0,H,1.0,1.6,0.8,1.2,1637.2745509958793,1429.3097472555344,207.9648037403449,-2.0,0.19999999999999996,0.40000000000000013
4.0,5.0,3.0,7.0,A,0.4,0.8,1.4,1.2,1499.0853974239358,1596.7786491467145,-97.69325172277877,-2.0,-0.9999999999999999,-0.3999999999999999
3.0,6.0,4.0,10.0,D,1.2,1.6,1.6,0.6,1701.4855501667091,1738.6685602963246,-37.18301012961547,-4.0,-0.40000000000000013,1.0
9.0,10.0,9.0,12.0,A,1.4,1.0,2.8,1.2,1563.2540641893718,1763.4874274052875,-200.2333632159157,-2.0,-1.4,-0.19999999999999996
5.0,8.0,7.0,11.0,H,1.2,0.8,1.2,0.4,1514.520202899006,1779.319046686178,-264.7988437871718,-3.0,0.0,0.4
4.0,8.0,7.0,8.0,D,1.0,0.6,1.2,1.2,1730.9771457054007,1492.5933294226716,238.38381628272919,0.0,-0.19999999999999996,-0.6
4.0,8.0,4.0,5.0,H,1.2,0.8,0.8,1.2,1567.7420424578868,1664.5763138957582,-96.8342714378714,3.0,0.3999999999999999,-0.3999999999999999
1.0,1.0,3.0,4.0,H,1.0,2.4,0.4,1.0,1465.4924819408845,1490.7411954597321,-25.24871351884758,-3.0,0.6,1.4
9.0,15.0,3.0,4.0,H,3.2,0.8,2.0,1.8,1766.6832286884646,1571.956409393548,194.7268192949166,11.0,1.2000000000000002,-1.0
7.0,10.0,3.0,4.0,H,1.4,0.6,0.6,2.0,1477.6207509514888,1400.8197269578304,76.80102399365842,6.0,0.7999999999999999,-1.4
0.0,6.0,4.0,4.0,D,0.8,1.2,0.6,1.4,1433.895943172532,1696.8993542497115,-263.0034110771794,2.0,0.20000000000000007,-0.19999999999999996
3.0,3.0,6.0,9.0,H,0.8,1.6,1.6,1.6,1533.523087558936,1555.0208624909976,-21.497774932061702,-6.0,-0.8,0.0
4.0,8.0,5.0,9.0,H,1.0,1.0,1.0,0.4,1781.2675409861713,1490.6448351226782,290.62270586349314,-1.0,0.0,0.6
6.0,9.0,4.0,4.0,A,1.6,2.2,0.2,0.6,1454.9076088938384,1432.0721006232168,22.83550827062163,5.0,1.4000000000000001,1.6
2.0,6.0,7.0,11.0,H,0.8,0.6,1.4,0.2,1733.7618116157191,1511.7355369886877,222.0262746270314,-5.0,-0.5999999999999999,0.39999999999999997
3.0,9.0,3.0,7.0,A,1.6,1.2,1.4,1.4,1585.0825347992122,1648.9706653433816,-63.88813054416937,2.0,0.20000000000000018,-0.19999999999999996
7.0,10.0,2.0,8.0,H,2.2,0.8,1.0,0.8,1485.1683985336745,1483.0971875404925,2.0712109931819214,2.0,1.2000000000000002,0.0
4.0,10.0,3.0,9.0,D,1.6,1.2,1.6,1.4,1773.9198545556515,1562.3685489215175,211.551305634134,1.0,0.0,-0.19999999999999996
3.0,6.0,7.0,13.0,D,1.4,1.4,1.0,1.2,1579.136820503421,1453.1363977297722,126.00042277364878,-7.0,0.3999999999999999,0.19999999999999996
5.0,5.0,6.0,7.0,H,0.6,1.2,1.0,1.2,1702.8815273003972,1642.9884922926958,59.89303500770143,-2.0,-0.4,0.0
4.0,10.0,6.0,6.0,A,0.4,2.0,1.0,1.2,1442.159298794858,1544.0747995818003,-101.9155007869424,4.0,-0.6,0.8
5.0,8.0,0.0,4.0,A,1.6,0.8,0.4,1.0,1716.1997560676596,1508.3032510077917,207.89650505986788,4.0,1.2000000000000002,-0.19999999999999996
4.0,4.0,3.0,4.0,D,1.2,1.8,1.8,1.8,1465.6785072655791,1571.7703840688534,-106.09187680327432,0.0,-0.6000000000000001,0.0
7.0,8.0,1.0,4.0,A,2.0,0.8,1.0,2.4,1557.6509279869617,1674.6674283666832,-117.01650037972149,4.0,1.0,-1.5999999999999999
4.0,8.0,9.0,15.0,A,1.2,1.0,3.2,0.8,1505.9213879183583,1772.497377758794,-266.5759898404358,-7.0,-2.0,0.19999999999999996
3.0,9.0,5.0,8.0,A,1.2,1.8,0.8,0.6,1448.9265274454465,1708.8626087487892,-259.9360813033427,1.0,0.3999999999999999,1.2000000000000002
3.0,6.0,7.0,13.0,A,0.8,1.0,2.8,0.6,1494.9004383389477,1498.5712112025185,-3.6707728635708463,-7.0,-1.9999999999999998,0.4
6.0,6.0,4.0,7.0,D,0.6,1.0,1.8,0.8,1638.108396331801,1562.5310239478565,75.57737238394452,-1.0,-1.2000000000000002,0.19999999999999996
5.0,11.0,3.0,7.0,D,1.2,1.0,1.2,1.6,1451.7857447501638,1507.2720408979667,-55.48629614780293,4.0,0.0,-0.6000000000000001
1.0,5.0,4.0,7.0,A,1.0,1.4,0.6,2.4,1469.249442617399,1456.0070437179515,13.24239889944738,-2.0,0.4,-1.0
4.0,4.0,4.0,4.0,A,1.8,1.8,1.2,1.8,1559.1656068890918,1591.7415976831826,-32.575990794090785,0.0,0.6000000000000001,0.0
1.0,7.0,4.0,5.0,H,1.4,1.4,1.2,1.6,1567.2435120722082,1460.8035441148884,106.43996795731982,2.0,0.19999999999999996,-0.20000000000000018
9.0,9.0,4.0,5.0,A,1.6,1.0,1.0,1.0,1536.1214075908813,1724.1531480585786,-188.03174046769732,4.0,0.6000000000000001,0.0
9.0,15.0,4.0,8.0,H,3.2,0.4,1.4,1.4,1779.733850199065,1766.6833821153805,13.050468083684564,7.0,1.8000000000000003,-0.9999999999999999
0.0,2.0,4.0,7.0,D,0.8,2.0,1.4,1.4,1469.1917079367638,1567.3012467528433,-98.10953881607952,-5.0,-0.5999999999999999,0.6000000000000001
7.0,11.0,4.0,5.0,D,1.0,0.4,1.2,1.4,1701.2391409718248,1468.4270118918528,232.812129079972,6.0,-0.19999999999999996,-0.9999999999999999
6.0,9.0,3.0,6.0,H,1.8,1.2,0.6,1.6,1541.200691306137,1443.8472437301907,97.35344757594635,3.0,1.2000000000000002,-0.40000000000000013
9.0,13.0,4.0,7.0,D,2.6,0.8,1.0,1.2,1499.7042960115702,1636.9753115227493,-137.27101551117903,6.0,1.6,-0.3999999999999999
6.0,7.0,4.0,8.0,D,0.8,2.0,2.2,0.8,1456.194796896804,1562.343270769004,-106.14847387219993,-1.0,-1.4000000000000001,1.2
4.0,7.0,9.0,15.0,A,1.4,1.2,3.6,0.4,1584.2214235790584,1787.2540243031892,-203.03260072413082,-8.0,-2.2,0.7999999999999999
3.0,9.0,1.0,4.0,D,1.0,0.8,1.6,2.0,1451.9981223179648,1558.9532293212908,-106.95510700332602,5.0,-0.6000000000000001,-1.2
1.0,5.0,4.0,5.0,A,1.0,1.6,1.2,2.0,1501.5632830188613,1772.392139994486,-270.8288569756246,0.0,-0.19999999999999996,-0.3999999999999999
6.0,8.0,6.0,7.0,D,1.4,1.0,1.0,2.0,1720.097808404116,1678.7227680211458,41.375040382970155,1.0,0.3999999999999999,-1.0
9.0,15.0,3.0,7.0,H,2.8,0.4,1.0,0.6,1788.7634464847283,1450.4887001364257,338.27474634830264,8.0,1.7999999999999998,-0.19999999999999996
2.0,8.0,4.0,7.0,D,1.2,0.8,1.4,1.2,1632.841677198044,1588.3550579037637,44.48661929428022,1.0,-0.19999999999999996,-0.3999999999999999
2.0,6.0,1.0,4.0,A,1.8,1.0,1.2,2.0,1548.0199443286224,1515.886609459243,32.133334869379496,2.0,0.6000000000000001,-1.0
2.0,5.0,4.0,8.0,A,1.0,1.2,1.2,0.8,1462.5347657325783,1725.9900545633905,-263.45528883081215,-3.0,-0.19999999999999996,0.3999999999999999
7.0,7.0,3.0,3.0,A,0.8,1.8,1.4,2.0,1661.988942696297,1511.6342636637964,150.3546790325006,4.0,-0.5999999999999999,-0.19999999999999996
3.0,3.0,1.0,2.0,D,0.6,2.0,1.0,2.2,1441.7309557043627,1471.3079959625918,-29.57704025822909,1.0,-0.4,-0.20000000000000018
4.0,7.0,6.0,12.0,A,1.6,2.2,2.0,1.0,1754.979651142927,1558.613180157696,196.366470985231,-5.0,-0.3999999999999999,1.2000000000000002
2.0,5.0,4.0,8.0,H,1.6,1.6,1.0,1.4,1563.70056241681,1451.4474638012848,112.25309861552523,-3.0,0.6000000000000001,0.20000000000000018
5.0,5.0,7.0,9.0,H,1.4,1.6,0.6,0.2,1578.2749629009622,1690.2654248237059,-111.99046192274363,-4.0,0.7999999999999999,1.4000000000000001
4.0,4.0,4.0,5.0,D,0.8,2.0,1.0,1.4,1514.3957691217754,1565.1914027542775,-50.79563363250213,-1.0,-0.19999999999999996,0.6000000000000001
2.0,4.0,7.0,8.0,H,0.6,1.0,1.4,1.0,1461.2867523319715,1567.4769107054165,-106.190158373445,-4.0,-0.7999999999999999,0.0
4.0,8.0,4.0,7.0,H,0.6,0.4,0.6,1.8,1696.7324249804033,1655.5219425395996,41.21048244080362,1.0,0.0,-1.4
6.0,12.0,9.0,15.0,A,1.8,1.0,2.4,0.0,1552.1932898049902,1795.1833368374341,-242.99004703244395,-3.0,-0.5999999999999999,1.0
7.0,10.0,2.0,5.0,H,1.4,0.8,1.8,1.2,1729.349338638782,1544.6606602532308,184.68867838555116,5.0,-0.40000000000000013,-0.3999999999999999
4.0,5.0,3.0,7.0,H,1.0,1.0,1.8,2.0,1600.2495035436154,1743.0852055030753,-142.8357019594598,-2.0,-0.8,-1.0
5.0,11.0,1.0,4.0,H,2.6,1.2,0.8,1.2,1505.4468810879778,1435.9883706279552,69.45851046002258,7.0,1.8,0.0
2.0,2.0,3.0,6.0,A,1.4,2.6,0.8,0.8,1463.0607890882388,1641.088884072397,-178.0280949841581,-4.0,0.5999999999999999,1.8
3.0,6.0,1.0,5.0,H,1.8,1.6,0.8,1.0,1517.5882163790243,1456.5808130173505,61.00740336167382,1.0,1.0,0.6000000000000001
1.0,2.0,5.0,11.0,D,0.6,1.4,2.2,1.4,1540.8552728397513,1509.2522685014574,31.603004338293886,-9.0,-1.6,0.0
4.0,8.0,4.0,8.0,D,1.4,1.0,1.6,1.0,1565.5657428913926,1602.1606713576393,-36.594928466246756,0.0,-0.20000000000000018,0.0
1.0,2.0,4.0,6.0,A,0.4,1.4,0.6,0.8,1443.9047995837989,1473.962765765523,-30.05796618172417,-4.0,-0.19999999999999996,0.5999999999999999
1.0,4.0,4.0,5.0,A,1.2,1.6,0.6,1.2,1425.36768451314,1525.0164552365907,-99.64877072345075,-1.0,0.6,0.40000000000000013
3.0,4.0,7.0,10.0,H,1.4,2.4,1.0,0.6,1749.9237559638548,1722.5107881780025,27.412967785852288,-6.0,0.3999999999999999,1.7999999999999998
4.0,4.0,2.0,2.0,H,1.2,1.8,1.2,2.2,1506.250738640009,1456.8100504482297,49.44068819177937,2.0,0.0,-0.40000000000000013
9.0,15.0,6.0,9.0,A,2.2,0.0,2.2,1.2,1777.2262422924432,1535.5453109240152,241.680931368428,6.0,0.0,-1.2
1.0,7.0,4.0,7.0,D,0.6,1.2,1.6,1.8,1648.4818942408908,1458.4875120999936,189.9943821408972,0.0,-1.0,-0.6000000000000001
5.0,6.0,4.0,10.0,A,1.0,1.0,1.2,0.6,1556.096740619702,1705.827087114979,-149.730346495277,-4.0,-0.19999999999999996,0.4
5.0,6.0,6.0,9.0,H,0.8,0.8,1.6,1.2,1646.1311593398843,1547.1510145375028,98.98014480238157,-3.0,-0.8,-0.3999999999999999
9.0,9.0,4.0,8.0,D,2.2,1.4,1.6,1.4,1530.8488723814603,1463.1839506425486,67.66492173891174,1.0,0.6000000000000001,0.0
7.0,9.0,6.0,12.0,H,1.0,0.6,1.8,0.4,1657.0237657705495,1766.333635861778,-109.3098700912285,-3.0,-0.8,0.19999999999999996
1.0,3.0,4.0,7.0,H,1.0,1.6,1.6,1.6,1547.1639079587137,1499.9421035210466,47.22180443766706,-4.0,-0.6000000000000001,0.0
4.0,5.0,4.0,8.0,H,1.0,1.2,1.0,0.6,1563.548462544094,1558.1140209670004,5.434441577093594,-3.0,0.0,0.6
0.0,1.0,3.0,6.0,D,0.2,1.4,1.4,2.0,1449.2250841821444,1744.6034713655092,-295.3783871833648,-5.0,-1.2,-0.6000000000000001
6.0,10.0,1.0,2.0,H,1.6,1.0,0.8,1.8,1708.1920954087373,1454.4450421544714,253.7470532542659,8.0,0.8,-0.8
1.0,5.0,1.0,1.0,H,0.6,1.4,1.0,1.8,1651.1759671534185,1422.6736116006123,228.5023555528062,4.0,-0.4,-0.40000000000000013
5.0,9.0,6.0,10.0,A,1.8,1.4,1.0,0.6,1502.4013467145671,1729.3617099648927,-226.9603632503256,-1.0,0.8,0.7999999999999999
6.0,8.0,3.0,6.0,A,0.6,0.6,1.0,1.2,1463.1925897949009,1557.921190508125,-94.72860071322407,2.0,-0.4,-0.6
7.0,8.0,5.0,8.0,A,0.8,0.6,1.2,0.6,1514.3595602081261,1612.8175663861039,-98.45800617797772,0.0,-0.3999999999999999,0.0
0.0,2.0,7.0,10.0,D,0.6,1.8,2.4,1.4,1453.7669320639584,1531.5269824719733,-77.76005040801488,-8.0,-1.7999999999999998,0.40000000000000013
5.0,6.0,4.0,6.0,A,1.4,1.6,1.8,2.2,1451.4521190111143,1514.1331783460014,-62.681059334887095,0.0,-0.40000000000000013,-0.6000000000000001
3.0,9.0,1.0,2.0,H,1.4,1.2,0.6,1.4,1767.9954589165689,1447.5632611273536,320.43219778921525,7.0,0.7999999999999999,-0.19999999999999996
0.0,1.0,4.0,5.0,A,1.4,2.2,1.0,1.4,1413.3773338585374,1556.4601857007885,-143.0828518422511,-4.0,0.3999999999999999,0.8000000000000003
4.0,7.0,4.0,8.0,A,1.8,1.8,1.6,0.8,1727.9134129847928,1580.2385209248105,147.6748920599823,-1.0,0.19999999999999996,1.0
3.0,7.0,6.0,7.0,D,1.8,1.8,0.6,0.8,1496.1975355458956,1466.937157770052,29.260377775843608,0.0,1.2000000000000002,1.0
3.0,9.0,4.0,7.0,H,1.0,0.8,1.2,1.2,1564.0092963021248,1508.2714544141263,55.73784188799846,2.0,-0.19999999999999996,-0.3999999999999999
6.0,10.0,9.0,10.0,H,1.6,0.8,2.0,1.0,1736.0090076744664,1701.5447976991636,34.464209975302765,0.0,-0.3999999999999999,-0.19999999999999996
7.0,8.0,4.0,5.0,D,1.2,1.0,1.0,1.8,1611.0617627239292,1652.9317708155932,-41.870008091663976,3.0,0.19999999999999996,-0.8
1.0,5.0,9.0,11.0,D,0.8,1.2,1.4,0.4,1558.0826410029645,1657.0551457345855,-98.97250473162103,-6.0,-0.5999999999999999,0.7999999999999999
4.0,7.0,6.0,12.0,A,0.8,1.0,2.2,0.8,1461.4525172207968,1741.4936482237215,-280.04113100292466,-5.0,-1.4000000000000001,0.19999999999999996
4.0,4.0,0.0,1.0,H,1.4,2.0,1.2,2.0,1729.5979398594238,1411.6928069839064,317.90513287551744,3.0,0.19999999999999996,0.0
6.0,9.0,5.0,11.0,A,1.0,0.6,2.2,1.0,1550.370809207081,1545.165469567017,5.2053396400640395,-2.0,-1.2000000000000002,-0.4
5.0,9.0,6.0,9.0,A,1.4,0.8,2.0,1.6,1600.787910940491,1711.8186494826018,-111.03073854211084,0.0,-0.6000000000000001,-0.8
3.0,9.0,4.0,5.0,H,2.2,1.4,1.2,1.4,1770.1003929726376,1494.0926014898268,276.0077914828107,4.0,1.0000000000000002,0.0
6.0,10.0,4.0,8.0,D,2.2,1.0,2.0,2.2,1575.7913975571587,1518.5803017136532,57.21109584350552,2.0,0.20000000000000018,-1.2000000000000002
7.0,11.0,5.0,5.0,D,1.6,0.6,1.2,2.0,1654.144846139859,1655.8420704103196,-1.6972242704605378,6.0,0.40000000000000013,-1.4
3.0,7.0,1.0,2.0,H,0.8,1.0,0.8,2.0,1514.096129613226,1447.9422568648588,66.15387274836712,5.0,0.0,-1.0
1.0,1.0,2.0,5.0,H,0.8,2.6,1.4,1.8,1454.8654280707806,1444.1499520676873,10.715476003093272,-4.0,-0.5999999999999999,0.8
2.0,5.0,7.0,7.0,A,1.0,1.4,1.0,1.2,1545.2383640472324,1569.3044626565206,-24.066098609288247,-2.0,0.0,0.19999999999999996
9.0,12.0,4.0,8.0,H,2.6,0.8,1.4,1.4,1745.49582708447,1596.7857320797425,148.71009500472746,4.0,1.2000000000000002,-0.5999999999999999
0.0,0.0,1.0,2.0,A,0.8,2.0,0.6,1.4,1402.6553366012654,1554.2758344298734,-151.620497828608,-2.0,0.20000000000000007,0.6000000000000001
4.0,8.0,6.0,6.0,H,2.2,2.4,0.8,1.0,1526.641914446723,1542.3091964740113,-15.667282027288365,2.0,1.4000000000000001,1.4
1.0,5.0,3.0,7.0,A,1.8,2.4,0.8,1.0,1433.2870846058677,1524.9589970750455,-91.67191246917787,-2.0,1.0,1.4
9.0,10.0,1.0,7.0,A,1.2,1.0,0.8,1.2,1553.9464598949637,1476.8105199823538,77.13593991260996,3.0,0.3999999999999999,-0.19999999999999996
5.0,11.0,4.0,7.0,H,2.2,1.2,1.6,1.6,1557.548895874979,1717.2145135514618,-159.66561767648273,4.0,0.6000000000000001,-0.40000000000000013
1.0,4.0,5.0,11.0,A,1.2,2.2,1.6,0.6,1485.8040347786493,1662.4334128510366,-176.62937807238723,-7.0,-0.40000000000000013,1.6
5.0,6.0,7.0,8.0,D,1.2,1.4,2.0,1.4,1651.0787621157408,1580.5547058517375,70.52405626400332,-2.0,-0.8,0.0
6.0,12.0,6.0,9.0,D,2.4,1.2,2.8,1.6,1710.6236392273654,1771.295403227874,-60.671764000508574,3.0,-0.3999999999999999,-0.40000000000000013
1.0,1.0,4.0,4.0,H,0.4,1.8,2.0,2.8,1455.3255910700177,1447.4820938656217,7.843497204396044,-3.0,-1.6,-0.9999999999999998
4.0,7.0,7.0,11.0,H,1.0,1.2,2.2,1.4,1486.2566931602155,1548.1027226971173,-61.846029536901824,-4.0,-1.2000000000000002,-0.19999999999999996
4.0,5.0,9.0,12.0,A,1.0,1.4,2.6,1.0,1546.842646222058,1752.9290152922854,-206.08636907022742,-7.0,-1.6,0.3999999999999999
3.0,4.0,6.0,10.0,D,2.0,3.0,1.2,1.0,1447.6681318091992,1553.7604219513862,-106.09229014218704,-6.0,0.8,2.0
6.0,9.0,7.0,8.0,A,1.0,1.0,1.8,2.0,1512.2023945487526,1539.3985169730158,-27.196122424263194,1.0,-0.8,-1.0
3.0,6.0,4.0,10.0,D,0.8,1.0,1.8,1.0,1544.250490783022,1708.6823449183546,-164.43185413533251,-4.0,-1.0,0.0
3.0,7.0,3.0,7.0,A,1.6,1.4,1.2,1.0,1702.7666880687343,1665.5265875984683,37.24010047026604,0.0,0.40000000000000013,0.3999999999999999
7.0,7.0,0.0,2.0,H,2.6,1.6,1.2,2.4,1772.7828629666997,1431.799624867042,340.9832380996577,5.0,1.4000000000000001,-0.7999999999999998
1.0,5.0,4.0,4.0,H,1.0,1.6,1.0,1.6,1600.7740267377617,1451.3372964119985,149.43673032576316,1.0,0.0,0.0
5.0,8.0,1.0,4.0,H,2.2,1.6,1.2,2.6,1585.470944656059,1480.887795974328,104.58314868173102,4.0,1.0000000000000002,-1.0
5.0,11.0,0.0,0.0,H,2.4,0.8,0.6,1.8,1664.6722669440933,1400.4164825082087,264.2557844358846,11.0,1.7999999999999998,-1.0
6.0,8.0,3.0,7.0,D,1.8,1.6,2.2,2.0,1546.7488574018678,1602.1278920330112,-55.37903463114344,1.0,-0.40000000000000013,-0.3999999999999999
3.0,4.0,5.0,11.0,A,1.4,2.4,2.2,1.0,1442.316593087457,1594.4916479806004,-152.1750548931434,-7.0,-0.8000000000000003,1.4
4.0,10.0,3.0,4.0,H,0.8,0.6,1.4,2.0,1565.1616552357114,1691.3654547844092,-126.20379954869782,6.0,-0.5999999999999999,-1.4
0.0,1.0,3.0,4.0,H,1.2,2.6,1.0,2.0,1442.2323274704127,1536.4099436186873,-94.17761614827464,-3.0,0.19999999999999996,0.6000000000000001
7.0,10.0,6.0,7.0,H,2.0,2.0,1.0,1.0,1545.2556291055105,1480.3995810277208,64.85604807778964,3.0,1.0,1.0
0.0,1.0,4.0,5.0,A,0.8,3.0,1.8,2.6,1467.2309100446457,1461.3250177388813,5.905892305764382,-4.0,-1.0,0.3999999999999999
5.0,8.0,6.0,6.0,H,1.2,0.6,1.2,1.6,1711.7542524979008,1509.1304869692065,202.62376552869432,2.0,0.0,-1.0
9.0,15.0,7.0,11.0,D,3.2,0.6,2.8,1.0,1747.9851712003144,1669.6161110360642,78.36906016425019,4.0,0.40000000000000036,-0.4
0.0,0.0,7.0,10.0,D,0.8,2.2,2.8,1.4,1406.9660686684697,1766.2332768064387,-359.26720813796896,-10.0,-1.9999999999999998,0.8000000000000003
5.0,9.0,1.0,7.0,A,1.6,1.0,0.8,0.8,1649.8988472480944,1559.878231133396,90.02061611469844,2.0,0.8,0.19999999999999996
3.0,4.0,0.0,1.0,D,0.8,1.6,0.6,2.8,1531.8921284991986,1471.7487251641344,60.14340333506425,3.0,0.20000000000000007,-1.1999999999999997
3.0,6.0,7.0,13.0,H,0.8,1.4,2.4,0.4,1522.9270320180499,1734.188626151471,-211.2615941334211,-7.0,-1.5999999999999999,0.9999999999999999
6.0,7.0,5.0,8.0,A,1.2,1.2,1.0,0.6,1474.0098755095275,1718.143958016094,-244.13408250656653,-1.0,0.19999999999999996,0.6
7.0,11.0,4.0,10.0,A,1.8,0.8,0.6,0.4,1580.9321390222683,1578.7211641940435,2.2109748282248347,1.0,1.2000000000000002,0.4
5.0,11.0,4.0,6.0,A,2.6,0.6,1.2,1.0,1750.703499461839,1665.428624592694,85.27487486914515,5.0,1.4000000000000001,-0.4
4.0,7.0,9.0,13.0,A,1.6,2.2,2.0,1.2,1450.8628330753886,1555.7178137690032,-104.8549806936146,-6.0,-0.3999999999999999,1.0000000000000002
4.0,5.0,1.0,1.0,H,1.8,1.8,0.4,1.6,1605.2195802395408,1403.87438046194,201.34519977760078,4.0,1.4,0.19999999999999996
0.0,3.0,3.0,3.0,H,1.0,1.8,1.0,2.2,1693.7290698569936,1439.8687123978282,253.86035745916547,0.0,0.0,-0.40000000000000013
7.0,9.0,4.0,8.0,H,2.2,1.0,1.6,1.4,1673.957158807582,1542.4078096303501,131.54934917723176,1.0,0.6000000000000001,-0.3999999999999999
4.0,7.0,3.0,4.0,A,1.0,1.0,1.4,2.0,1544.3239806773772,1457.8708435434758,86.45313713390146,3.0,-0.3999999999999999,-1.0
3.0,6.0,7.0,10.0,H,1.2,1.6,0.6,0.4,1468.470244614958,1568.1217631225613,-99.65151850760344,-4.0,0.6,1.2000000000000002
9.0,13.0,7.0,11.0,D,2.2,1.0,1.4,0.2,1557.4954936030472,1716.36627818205,-158.87078457900293,2.0,0.8000000000000003,0.8
4.0,8.0,6.0,8.0,H,1.6,1.2,1.2,0.8,1754.1967727300994,1577.438865754008,176.75790697609136,0.0,0.40000000000000013,0.3999999999999999
1.0,1.0,7.0,7.0,D,0.8,3.0,2.4,1.6,1472.7091245612432,1604.259180842432,-131.55005628118874,-6.0,-1.5999999999999999,1.4
1.0,1.0,3.0,6.0,A,0.4,2.2,1.2,1.4,1393.0169216796473,1484.8673342918203,-91.85041261217293,-5.0,-0.7999999999999999,0.8000000000000003
4.0,4.0,4.0,7.0,H,0.6,1.2,1.4,1.6,1549.2677944994869,1445.919019253279,103.34877524620788,-3.0,-0.7999999999999999,-0.40000000000000013
6.0,8.0,1.0,4.0,H,1.8,1.0,0.8,1.6,1669.5645560846563,1527.7561970072363,141.80835907741994,4.0,1.0,-0.6000000000000001
3.0,3.0,4.0,10.0,D,0.8,2.0,2.0,0.8,1444.943273874068,1729.1140646752312,-284.1707908011633,-7.0,-1.2,1.2
7.0,11.0,3.0,6.0,D,2.6,0.8,1.0,1.2,1671.6881945255534,1695.9980341390221,-24.30983961346874,5.0,1.6,-0.3999999999999999
1.0,7.0,3.0,9.0,D,1.4,1.8,1.2,1.2,1539.098322153176,1526.236519495224,12.861802657952012,-2.0,0.19999999999999996,0.6000000000000001
1.0,4.0,7.0,13.0,A,0.8,1.6,2.0,0.8,1515.7610550379864,1569.4906355722972,-53.7295805343108,-9.0,-1.2,0.8
4.0,7.0,5.0,11.0,D,1.2,1.4,2.6,0.8,1527.5373117346885,1670.387402286089,-142.8500905514004,-4.0,-1.4000000000000001,0.5999999999999999
3.0,9.0,4.0,4.0,H,1.8,1.2,0.6,1.0,1491.0444773786423,1438.7661307872459,52.278346591396485,5.0,1.2000000000000002,0.19999999999999996
6.0,7.0,4.0,8.0,H,0.4,0.8,1.2,1.2,1580.5497293709946,1741.7688064816662,-161.2190771106716,-1.0,-0.7999999999999999,-0.3999999999999999
2.0,8.0,6.0,9.0,H,1.6,1.0,1.6,1.4,1731.3430293239853,1466.2412799662038,265.1017493577815,-1.0,0.0,-0.3999999999999999
7.0,9.0,2.0,5.0,D,1.0,0.4,1.0,1.8,1709.7368747834714,1545.7277255517547,164.00914923171672,4.0,0.0,-1.4
4.0,4.0,2.0,2.0,A,0.6,1.2,1.2,2.6,1678.6897635626624,1490.017395137603,188.6723684250594,2.0,-0.6,-1.4000000000000001
3.0,7.0,1.0,1.0,D,1.0,1.0,0.8,2.4,1570.6956187667556,1399.7601686668997,170.93545009985587,6.0,0.19999999999999996,-1.4
3.0,4.0,6.0,10.0,H,0.4,2.2,2.0,1.0,1459.3348221132815,1656.1487532246538,-196.8139311113723,-6.0,-1.6,1.2000000000000002
5.0,8.0,6.0,7.0,D,3.0,1.6,1.4,0.8,1600.0722926886856,1553.4546826532332,46.617610035452344,1.0,1.6,0.8
2.0,3.0,6.0,10.0,D,0.6,1.6,0.8,0.4,1543.8734534788664,1582.4040014438829,-38.53054796501647,-7.0,-0.20000000000000007,1.2000000000000002
5.0,5.0,5.0,9.0,H,1.2,1.6,1.0,0.4,1503.3329991254193,1696.4212707956551,-193.08827167023583,-4.0,0.19999999999999996,1.2000000000000002
4.0,8.0,1.0,7.0,H,1.6,0.8,1.0,1.0,1561.1167366201269,1563.033564799862,-1.9168281797351483,1.0,0.6000000000000001,-0.19999999999999996
3.0,7.0,1.0,1.0,H,1.2,1.6,0.4,2.0,1744.4242858031328,1513.1055757165198,231.318710086613,6.0,0.7999999999999999,-0.3999999999999999
1.0,4.0,5.0,9.0,D,0.6,1.2,3.0,1.4,1440.5125758418285,1598.325847634103,-157.81327179227446,-5.0,-2.4,-0.19999999999999996
6.0,6.0,6.0,9.0,A,1.2,2.0,1.8,1.2,1454.1101156751693,1503.175641669677,-49.06552599450765,-3.0,-0.6000000000000001,0.8
5.0,9.0,3.0,7.0,A,1.8,0.8,0.8,1.6,1653.2474775399185,1476.474746859452,176.77273068046657,2.0,1.0,-0.8
6.0,9.0,5.0,5.0,D,1.8,1.2,1.2,1.6,1650.3784669407466,1533.3075980185956,117.07086892215102,4.0,0.6000000000000001,-0.40000000000000013
1.0,2.0,4.0,8.0,A,0.8,2.2,1.8,1.0,1395.5872213916064,1735.5159765992787,-339.92875520767234,-6.0,-1.0,1.2000000000000002
7.0,13.0,4.0,4.0,H,2.4,0.8,0.4,1.0,1579.7553459046424,1668.4250532303172,-88.66970732567484,9.0,2.0,-0.19999999999999996
4.0,10.0,7.0,10.0,A,0.8,0.4,1.8,0.8,1569.0482938827554,1574.4724441812543,-5.424150298498944,0.0,-1.0,-0.4
1.0,4.0,2.0,6.0,A,0.6,1.2,1.4,1.0,1552.7519730306371,1663.5290693091433,-110.77709627850618,-2.0,-0.7999999999999999,0.19999999999999996
6.0,9.0,1.0,2.0,D,1.2,1.8,0.6,2.0,1471.6928384105167,1400.3691298405415,71.32370856997522,7.0,0.6,-0.19999999999999996
3.0,6.0,7.0,8.0,A,1.2,1.4,1.6,1.4,1519.7318972325338,1516.908699911481,2.823197321052703,-2.0,-0.40000000000000013,0.0
3.0,7.0,7.0,13.0,A,2.0,1.2,2.2,0.6,1585.0397106037403,1593.041482935005,-8.001772331264647,-6.0,-0.20000000000000018,0.6
1.0,4.0,3.0,6.0,H,0.4,0.8,0.8,1.0,1671.2394060837034,1451.295762821783,219.94364326192044,-2.0,-0.4,-0.19999999999999996
2.0,8.0,2.0,5.0,A,1.2,0.8,0.6,1.0,1678.7047949000903,1458.2290517373933,220.47574316269697,3.0,0.6,-0.19999999999999996
0.0,1.0,3.0,4.0,D,0.6,1.8,0.6,1.2,1511.138876958274,1545.840152237112,-34.70127527883801,-3.0,0.0,0.6000000000000001
9.0,9.0,4.0,7.0,H,1.6,1.2,1.6,1.4,1514.525950346071,1639.0281582643524,-124.50220791828133,2.0,0.0,-0.19999999999999996
7.0,8.0,6.0,7.0,H,1.6,1.0,1.2,1.6,1742.9526146557023,1736.9876477467092,5.964966908993119,1.0,0.40000000000000013,-0.6000000000000001
1.0,1.0,9.0,10.0,H,0.4,1.6,1.8,1.0,1565.2913579909573,1730.4132296953821,-165.12187170442485,-9.0,-1.4,0.6000000000000001
4.0,8.0,4.0,5.0,H,1.6,0.8,0.8,1.2,1666.4712738333235,1455.2868472132132,211.18442662011034,3.0,0.8,-0.3999999999999999
1.0,2.0,2.0,6.0,H,0.6,1.6,1.4,1.4,1518.5670385295011,1512.3037356613067,6.263302868194387,-4.0,-0.7999999999999999,0.20000000000000018
4.0,7.0,1.0,5.0,H,0.8,0.8,1.0,1.2,1579.3261587786278,1668.4269300042179,-89.10077122559005,2.0,-0.19999999999999996,-0.3999999999999999
7.0,7.0,2.0,6.0,A,1.2,2.0,2.2,1.6,1462.076803413227,1594.65574560103,-132.57894218780302,1.0,-1.0000000000000002,0.3999999999999999
1.0,7.0,9.0,13.0,H,1.4,1.6,2.4,0.8,1645.0573087746598,1587.0123324246977,58.0449763499621,-6.0,-1.0,0.8
3.0,7.0,9.0,12.0,D,1.0,0.8,2.0,0.8,1664.9547216546828,1520.8106347750918,144.144086879591,-5.0,-1.0,0.0
9.0,11.0,7.0,10.0,D,2.0,1.4,1.8,0.8,1515.6933241519973,1575.687819940738,-59.99449578874078,1.0,0.19999999999999996,0.5999999999999999
2.0,2.0,3.0,4.0,D,0.8,2.2,0.4,1.0,1401.6704695155627,1544.538812562091,-142.86834304652825,-2.0,0.4,1.2000000000000002
3.0,6.0,0.0,6.0,H,1.4,2.0,1.0,1.4,1738.946633335424,1449.3367772330682,289.6098561023557,0.0,0.3999999999999999,0.6000000000000001
6.0,10.0,7.0,11.0,H,1.6,1.4,1.6,1.0,1733.2219497135734,1512.884604133806,220.33734557976732,-1.0,0.0,0.3999999999999999
7.0,11.0,4.0,4.0,D,1.8,0.6,0.4,1.2,1571.4505168381675,1522.8043416320718,48.64617520609568,7.0,1.4,-0.6
4.0,6.0,4.0,7.0,A,1.6,1.6,1.0,0.8,1581.4530698815004,1592.5288344981575,-11.075764616657125,-1.0,0.6000000000000001,0.8
0.0,2.0,4.0,5.0,D,0.6,1.4,1.2,1.2,1665.5337944070313,1667.8478572518693,-2.314062844837963,-3.0,-0.6,0.19999999999999996
4.0,5.0,2.0,3.0,H,0.8,1.6,1.0,1.6,1461.1326513165939,1395.824665412182,65.30798590441191,2.0,-0.19999999999999996,0.0
7.0,13.0,6.0,8.0,A,2.2,0.8,1.4,0.6,1512.1173392510527,1675.1645693573626,-163.04723010630983,5.0,0.8000000000000003,0.20000000000000007
1.0,3.0,4.0,7.0,H,1.0,1.4,1.2,1.6,1518.2305861417103,1456.1499529328235,62.080633208886866,-4.0,-0.19999999999999996,-0.20000000000000018
3.0,5.0,3.0,4.0,H,0.4,0.4,1.2,1.4,1552.2966372158694,1557.5335333371788,-5.236896121309428,1.0,-0.7999999999999999,-0.9999999999999999
6.0,10.0,6.0,9.0,D,1.8,1.0,2.0,1.4,1588.49608720818,1737.4628785519417,-148.96679134376177,1.0,-0.19999999999999996,-0.3999999999999999
0.0,3.0,4.0,7.0,A,1.0,2.2,0.8,1.4,1442.0241827312398,1652.3699032764882,-210.34572054524847,-4.0,0.19999999999999996,0.8000000000000003
3.0,5.0,6.0,10.0,H,1.0,1.2,1.8,1.0,1527.4921767272542,1583.2672439126136,-55.775067185359376,-5.0,-0.8,0.19999999999999996
5.0,7.0,6.0,7.0,H,0.6,0.4,0.8,1.4,1562.2987459825756,1642.367794509782,-80.0690485272064,0.0,-0.20000000000000007,-0.9999999999999999
0.0,0.0,2.0,3.0,H,0.6,2.4,0.6,1.4,1448.0481743515852,1389.8006737918365,58.24750055974869,-3.0,0.0,1.0
4.0,10.0,4.0,7.0,A,1.8,0.8,1.4,1.2,1505.576290644003,1744.0039271589915,-238.42763651498854,3.0,0.40000000000000013,-0.3999999999999999
1.0,2.0,5.0,5.0,H,0.4,1.2,0.4,1.0,1669.4988100763069,1518.8393259627962,150.65948411351064,-3.0,0.0,0.19999999999999996
6.0,7.0,3.0,4.0,H,1.0,1.4,1.2,1.2,1471.02906407932,1547.6371205744526,-76.60805649513259,3.0,-0.19999999999999996,0.19999999999999996
4.0,10.0,4.0,10.0,D,1.6,0.8,1.0,0.8,1583.8321585863134,1517.5485327556726,66.28362583064086,0.0,0.6000000000000001,0.0
6.0,12.0,1.0,7.0,H,1.8,1.2,1.0,0.8,1735.270385290654,1454.1015173557428,281.1688679349113,5.0,0.8,0.3999999999999999
5.0,9.0,5.0,5.0,A,0.8,0.4,1.2,1.2,1561.3468276762023,1677.9515464138344,-116.60471873763208,4.0,-0.3999999999999999,-0.7999999999999999
3.0,5.0,9.0,10.0,D,1.6,1.8,1.8,0.8,1581.272092049374,1675.345547189489,-94.07345514011513,-5.0,-0.19999999999999996,1.0
1.0,2.0,2.0,8.0,H,0.6,1.8,0.6,0.8,1401.8313148849847,1549.316186583054,-147.48487169806936,-6.0,0.0,1.0
2.0,8.0,7.0,9.0,A,0.8,0.8,1.0,0.4,1505.9715862579878,1573.8756924802603,-67.9041062222725,-1.0,-0.19999999999999996,0.4
0.0,4.0,4.0,4.0,D,0.6,1.0,0.8,1.4,1457.3059418144567,1666.294385617593,-208.9884438031363,0.0,-0.20000000000000007,-0.3999999999999999
7.0,10.0,2.0,8.0,A,1.8,0.8,1.0,0.8,1660.3312081937531,1598.8464975820493,61.484710611703804,2.0,0.8,0.0
4.0,5.0,3.0,3.0,A,0.6,0.8,1.0,2.0,1504.2846585164802,1462.6028417979012,41.68181671857906,2.0,-0.4,-1.2
6.0,7.0,6.0,10.0,H,1.6,1.4,1.2,1.0,1587.8198475464933,1466.4764604454404,121.34338710105294,-3.0,0.40000000000000013,0.3999999999999999
5.0,8.0,6.0,7.0,D,1.8,1.0,1.2,1.2,1671.77700533704,1533.6667178040486,138.11028753299138,1.0,0.6000000000000001,-0.19999999999999996
7.0,10.0,4.0,5.0,D,1.8,1.0,1.6,1.8,1737.6155770627097,1587.6604421456557,149.955134917054,5.0,0.19999999999999996,-0.8
6.0,7.0,6.0,12.0,D,0.8,1.4,1.4,1.0,1642.1635430622098,1735.4746367382263,-93.31109367601653,-5.0,-0.5999999999999999,0.3999999999999999
3.0,3.0,1.0,7.0,H,1.0,1.2,1.6,1.2,1553.7618742498435,1499.4515369686121,54.31033728123134,-4.0,-0.6000000000000001,0.0
3.0,6.0,7.0,7.0,H,1.4,1.0,1.2,1.2,1560.436649548592,1526.9919425053001,33.44470704329183,-1.0,0.19999999999999996,-0.19999999999999996
4.0,10.0,6.0,6.0,H,1.6,0.6,1.8,2.2,1663.3844769049786,1459.5495730866758,203.8349038183028,4.0,-0.19999999999999996,-1.6
1.0,2.0,9.0,11.0,H,0.8,1.4,1.6,0.6,1467.7824963246128,1563.3991379701042,-95.61664164549143,-9.0,-0.8,0.7999999999999999
3.0,5.0,5.0,8.0,D,0.8,1.4,0.8,0.6,1404.5532575000059,1596.1245549670282,-191.5712974670223,-3.0,0.0,0.7999999999999999
5.0,9.0,2.0,5.0,D,2.0,1.0,1.4,1.6,1666.9237290189192,1592.5137184637765,74.41001055514266,4.0,0.6000000000000001,-0.6000000000000001
1.0,5.0,6.0,9.0,H,0.6,1.2,1.2,1.4,1512.1592758132638,1460.2887708901644,51.87050492309936,-4.0,-0.6,-0.19999999999999996
5.0,8.0,1.0,5.0,H,1.4,0.8,0.4,1.0,1740.8119321486097,1546.119831497154,194.69210065145558,3.0,0.9999999999999999,-0.19999999999999996
4.0,7.0,5.0,5.0,A,1.0,1.6,1.2,1.6,1630.0139134190777,1678.444015260725,-48.430101841647456,2.0,-0.19999999999999996,0.0
6.0,9.0,7.0,10.0,D,2.2,1.6,1.6,1.6,1589.1829253504732,1734.1115589342464,-144.92863358377326,-1.0,0.6000000000000001,0.0
1.0,5.0,0.0,4.0,H,0.8,1.2,1.4,1.6,1511.3556721397172,1492.3805233453752,18.975148794341976,1.0,-0.5999999999999999,-0.40000000000000013
4.0,7.0,4.0,5.0,D,1.0,1.4,0.8,1.4,1521.341381135083,1410.203818870223,111.13756226486021,2.0,0.19999999999999996,0.0
0.0,2.0,4.0,10.0,A,0.0,1.6,2.0,0.8,1536.6163393349161,1672.8879690672165,-136.27162973230043,-8.0,-2.0,0.8
5.0,6.0,4.0,10.0,H,0.4,0.4,2.0,1.2,1603.1401863512008,1582.1672939663006,20.972892384900206,-4.0,-1.6,-0.7999999999999999
7.0,8.0,6.0,9.0,A,1.2,1.2,2.0,0.6,1662.8808997833694,1575.9997650259477,86.8811347574217,-1.0,-0.8,0.6
3.0,6.0,1.0,7.0,A,0.8,1.8,1.0,1.2,1452.2691072321322,1638.0335770771098,-185.7644698449776,-1.0,-0.19999999999999996,0.6000000000000001
6.0,6.0,4.0,5.0,D,1.8,2.4,0.8,1.0,1458.1939673036256,1513.514881596314,-55.32091429268826,1.0,1.0,1.4
0.0,1.0,4.0,4.0,H,0.8,1.8,1.0,1.4,1498.9405270177392,1461.2224926522488,37.71803436549044,-3.0,-0.19999999999999996,0.40000000000000013
6.0,10.0,7.0,11.0,D,1.8,1.0,2.0,0.4,1565.591103294642,1738.619966824072,-173.02886352943005,-1.0,-0.19999999999999996,0.6
3.0,6.0,3.0,7.0,A,1.6,1.6,1.0,1.2,1577.7258064818811,1526.1435841216125,51.58222236026859,-1.0,0.6000000000000001,0.40000000000000013
5.0,8.0,5.0,7.0,A,1.2,1.4,2.0,1.4,1719.6394755309475,1681.3958124222181,38.24366310872938,1.0,-0.8,0.0
2.0,8.0,9.0,9.0,D,1.2,0.8,1.4,0.6,1713.5878602753573,1582.0513802815378,131.5364799938195,-1.0,-0.19999999999999996,0.20000000000000007
0.0,1.0,4.0,5.0,A,0.2,2.2,1.0,1.2,1523.2143765755593,1526.9168443556707,-3.7024677801114194,-4.0,-0.8,1.0000000000000002
7.0,9.0,4.0,7.0,H,1.0,0.2,1.8,2.0,1611.287898387631,1629.8858650406796,-18.597966653048616,2.0,-0.8,-1.8
4.0,8.0,4.0,7.0,H,1.2,1.0,1.6,1.8,1668.10285340757,1576.9453403421,91.15751306546986,1.0,-0.40000000000000013,-0.8
0.0,6.0,6.0,10.0,A,1.6,2.2,2.0,1.0,1445.6077319699084,1679.5493443294404,-233.94161235953197,-4.0,-0.3999999999999999,1.2000000000000002
4.0,7.0,5.0,9.0,A,1.8,1.8,1.6,0.6,1452.9656230176001,1743.8483111100975,-290.88268809249735,-2.0,0.19999999999999996,1.2000000000000002
2.0,8.0,6.0,7.0,D,1.0,1.2,1.2,1.4,1518.6679401728745,1528.8170250838211,-10.149084910946613,1.0,-0.19999999999999996,-0.19999999999999996
4.0,10.0,5.0,5.0,H,2.0,1.2,0.6,1.2,1569.329568351173,1406.4653538136918,162.8642145374813,5.0,1.4,0.0
2.0,3.0,4.0,4.0,H,1.6,2.0,1.2,1.6,1582.1926555454588,1456.755643588671,125.43701195678773,-1.0,0.40000000000000013,0.3999999999999999
3.0,3.0,5.0,9.0,D,0.8,1.6,1.8,1.0,1501.2702058315522,1679.0661336084052,-177.79592777685298,-6.0,-1.0,0.6000000000000001
9.0,10.0,4.0,4.0,H,2.2,0.8,0.6,1.2,1682.90365920936,1497.9158909516325,184.98776825772757,6.0,1.6,-0.3999999999999999
7.0,7.0,0.0,0.0,D,1.4,1.6,0.4,2.6,1525.8678032353175,1526.163598424063,-0.29579518874538735,7.0,0.9999999999999999,-1.0
7.0,10.0,4.0,10.0,H,1.2,0.2,2.0,1.0,1588.9162246206586,1562.4647240120523,26.45150060860624,0.0,-0.8,-0.8
1.0,4.0,4.0,6.0,A,0.8,1.8,1.6,1.2,1564.2837991439653,1594.8541967435935,-30.570397599628222,-2.0,-0.8,0.6000000000000001
7.0,11.0,7.0,11.0,A,1.8,0.6,1.4,0.2,1728.0027061624762,1627.1335033352523,100.86920282722394,0.0,0.40000000000000013,0.39999999999999997
3.0,4.0,1.0,7.0,D,1.6,2.4,1.8,1.8,1623.2620749572523,1459.5894131010275,163.67266185622475,-3.0,-0.19999999999999996,0.5999999999999999
2.0,5.0,0.0,3.0,H,0.6,1.2,1.2,2.8,1414.7314278307053,1437.3416579528948,-22.610230122189478,2.0,-0.6,-1.5999999999999999
3.0,4.0,2.0,6.0,H,1.2,2.0,1.0,1.4,1465.663761827256,1509.7598219342897,-44.096060107033736,-2.0,0.19999999999999996,0.6000000000000001
7.0,8.0,2.0,6.0,A,1.4,1.0,0.8,0.8,1519.3609470502784,1721.1437575807497,-201.78281053047135,2.0,0.5999999999999999,0.19999999999999996
5.0,9.0,6.0,10.0,D,1.8,1.0,1.8,1.0,1675.9766896945994,1671.1922973213757,4.784392373223682,-1.0,0.0,0.0
5.0,8.0,7.0,13.0,A,1.4,1.4,1.4,0.0,1514.8082433446891,1599.975784511287,-85.16754116659786,-5.0,0.0,1.4
2.0,5.0,4.0,8.0,H,1.6,2.0,1.6,1.0,1472.6954997099008,1658.0862107125024,-185.39071100260162,-3.0,0.0,1.0
0.0,0.0,4.0,7.0,D,1.0,3.2,1.6,1.2,1438.0635002511924,1561.7428817137547,-123.67938146256233,-7.0,-0.6000000000000001,2.0
1.0,1.0,4.0,4.0,A,0.6,2.2,0.4,1.0,1512.631323426318,1511.4481659493774,1.1831574769405506,-3.0,0.19999999999999996,1.2000000000000002
5.0,7.0,3.0,7.0,H,1.4,1.2,1.4,1.8,1678.8472169548047,1462.7932345670506,216.0539823877541,0.0,0.0,-0.6000000000000001
4.0,7.0,0.0,4.0,A,1.4,1.4,0.6,2.0,1507.7888463121365,1575.8558998821072,-68.06705356997077,3.0,0.7999999999999999,-0.6000000000000001
6.0,8.0,2.0,3.0,A,2.0,1.0,0.6,1.4,1579.9794351924397,1524.6345834854435,55.344851706996224,5.0,1.4,-0.3999999999999999
4.0,6.0,9.0,13.0,H,1.0,0.8,2.0,0.4,1726.0758166849114,1622.2014442310906,103.8743724538208,-7.0,-1.0,0.4
4.0,8.0,4.0,5.0,A,0.8,0.6,2.0,2.4,1407.7574015480996,1630.236101239858,-222.4786996917585,3.0,-1.2,-1.7999999999999998
4.0,8.0,9.0,12.0,A,1.6,1.0,2.2,0.6,1714.0533981596502,1696.852967212186,17.200430947464156,-4.0,-0.6000000000000001,0.4
4.0,7.0,3.0,7.0,D,0.8,0.8,1.4,1.4,1508.5500964042283,1510.6869158572856,-2.136819453057342,0.0,-0.5999999999999999,-0.5999999999999999
3.0,4.0,3.0,5.0,H,0.6,2.0,0.6,1.8,1579.3770240189174,1404.2362774112894,175.140746607628,-1.0,0.0,0.19999999999999996
4.0,5.0,1.0,1.0,H,0.4,1.0,0.8,2.4,1531.5180886483784,1505.7478182633831,25.77027038499523,4.0,-0.4,-1.4
6.0,10.0,1.0,1.0,H,2.0,0.8,1.2,3.0,1625.4626569685145,1434.8022875137685,190.66036945474593,9.0,0.8,-2.2
7.0,13.0,5.0,9.0,A,1.2,0.0,2.0,1.0,1589.3684040082233,1689.4545974578684,-100.08619344964518,4.0,-0.8,-1.0
4.0,5.0,4.0,5.0,H,1.4,1.4,1.2,1.8,1566.7818627021406,1467.6565187215149,99.12534398062576,0.0,0.19999999999999996,-0.40000000000000013
9.0,15.0,2.0,8.0,H,2.6,0.6,1.0,0.8,1700.1472020926296,1511.5140084642455,188.6331936283841,7.0,1.6,-0.20000000000000007
4.0,7.0,7.0,8.0,H,1.2,0.8,0.8,0.4,1667.1674756170826,1716.9945517803312,-49.82707616324865,-1.0,0.3999999999999999,0.4
1.0,1.0,7.0,11.0,A,1.2,2.6,1.8,0.6,1428.9811238032453,1695.2757611683917,-266.2946373651464,-10.0,-0.6000000000000001,2.0
6.0,12.0,6.0,8.0,D,2.0,0.6,1.0,0.8,1620.3961212198458,1536.584624397047,83.81149682279874,4.0,1.0,-0.20000000000000007
4.0,5.0,1.0,1.0,D,1.0,1.2,1.2,2.2,1465.8932652779513,1507.5110717069467,-41.617806428995436,4.0,-0.19999999999999996,-1.0000000000000002
3.0,4.0,6.0,7.0,A,0.6,2.0,2.0,1.2,1396.3824478031345,1587.8332648005946,-191.45081699746015,-3.0,-1.4,0.8
1.0,5.0,6.0,10.0,H,0.8,1.4,0.8,0.4,1520.0740886679203,1579.9812311975886,-59.90714252966836,-5.0,0.0,0.9999999999999999
6.0,7.0,1.0,5.0,A,1.2,1.0,1.0,1.2,1699.9341495427975,1528.5744107017792,171.35973884101827,2.0,0.19999999999999996,-0.19999999999999996
4.0,7.0,3.0,7.0,H,2.6,1.8,1.8,1.4,1639.7706621405262,1704.518837258982,-64.74817511845595,0.0,0.8,0.40000000000000013
4.0,7.0,4.0,8.0,H,1.6,1.2,0.8,0.6,1670.8497502181265,1504.8678218031844,165.9819284149421,-1.0,0.8,0.6
6.0,6.0,3.0,6.0,H,1.0,2.2,1.0,2.2,1583.8422661589268,1458.3279924270412,125.51427373188562,0.0,0.0,0.0
4.0,8.0,9.0,15.0,H,1.4,1.0,2.2,0.6,1577.739253038189,1689.1898117565813,-111.45055871839236,-7.0,-0.8000000000000003,0.4
4.0,5.0,4.0,10.0,A,0.4,0.6,1.8,1.0,1495.3144648289242,1629.949478194106,-134.63501336518175,-5.0,-1.4,-0.4
6.0,12.0,3.0,7.0,D,1.6,0.6,1.4,1.2,1686.6758891123577,1702.4480721870211,-15.772183074663417,5.0,0.20000000000000018,-0.6
3.0,5.0,1.0,1.0,H,1.0,1.2,0.6,2.0,1533.3880243274446,1424.16751017758,109.22051414986458,4.0,0.4,-0.8
3.0,7.0,4.0,5.0,D,0.6,0.8,1.2,1.4,1574.4965011766456,1471.3779952988943,103.1185058777512,2.0,-0.6,-0.5999999999999999
6.0,9.0,7.0,10.0,A,2.0,0.8,1.2,0.6,1574.7664698706974,1590.8060479680862,-16.039578097388812,-1.0,0.8,0.20000000000000007
0.0,4.0,0.0,3.0,H,1.0,2.0,0.8,2.6,1706.2610719115821,1394.6402131505345,311.62085876104766,1.0,0.19999999999999996,-0.6000000000000001
9.0,11.0,9.0,9.0,D,2.0,0.8,1.2,1.6,1689.84467330691,1589.2733540204085,100.57131928650142,2.0,0.8,-0.8
3.0,3.0,4.0,7.0,A,0.6,2.2,1.0,1.2,1447.2313843131574,1531.170696781804,-83.93931246864668,-4.0,-0.4,1.0000000000000002
7.0,8.0,6.0,10.0,H,1.4,1.2,1.8,1.0,1547.5676688707126,1659.866705744461,-112.29903687374826,-2.0,-0.40000000000000013,0.19999999999999996
1.0,2.0,7.0,10.0,A,1.4,2.0,3.2,1.6,1498.436918240863,1648.84481560661,-150.40789736574698,-8.0,-1.8000000000000003,0.3999999999999999
7.0,10.0,1.0,7.0,A,1.4,1.2,0.8,1.0,1576.084962726395,1587.6848924706592,-11.599929744264273,3.0,0.5999999999999999,0.19999999999999996
7.0,7.0,6.0,7.0,H,1.2,1.2,1.0,1.0,1538.4283130115036,1526.130408097745,12.297904913758657,0.0,0.19999999999999996,0.19999999999999996
0.0,1.0,3.0,6.0,D,0.6,1.6,1.4,1.6,1428.976149074275,1701.452433014887,-272.4762839406119,-5.0,-0.7999999999999999,0.0
0.0,3.0,4.0,10.0,A,0.8,3.0,1.4,1.0,1389.665796554638,1691.650305708254,-301.98450915361605,-7.0,-0.5999999999999999,2.0
7.0,10.0,0.0,3.0,H,1.6,1.0,0.6,2.4,1633.2330609607557,1443.9478015465077,189.285259414248,7.0,1.0,-1.4
7.0,10.0,1.0,2.0,A,1.4,1.0,0.6,1.2,1531.9929543719165,1444.5508635730712,87.44209079884536,8.0,0.7999999999999999,-0.19999999999999996
7.0,11.0,9.0,10.0,D,2.2,1.0,1.4,1.0,1684.6699668240901,1595.980754450906,88.68921237318409,1.0,0.8000000000000003,0.0
1.0,2.0,7.0,10.0,A,1.4,2.0,1.2,0.8,1489.4350966238949,1642.2348825777237,-152.79978595382886,-8.0,0.19999999999999996,1.2
3.0,9.0,1.0,7.0,A,2.2,1.0,1.8,1.6,1565.5615288099277,1711.6530132477908,-146.09148443786307,2.0,0.40000000000000013,-0.6000000000000001
6.0,6.0,0.0,0.0,H,1.2,1.4,0.4,3.4,1530.2113157957874,1385.5848888565956,144.6264269391918,6.0,0.7999999999999999,-2.0
1.0,4.0,4.0,10.0,A,0.4,0.8,1.6,1.0,1484.761559721317,1586.637867834002,-101.87630811268491,-6.0,-1.2000000000000002,-0.19999999999999996
4.0,4.0,6.0,7.0,A,1.2,1.6,1.2,1.2,1687.588813817517,1673.730324941831,13.858488875685907,-3.0,0.0,0.40000000000000013
0.0,3.0,2.0,6.0,D,0.6,2.0,1.4,1.4,1441.8889292532795,1473.4368675921226,-31.547938338843096,-3.0,-0.7999999999999999,0.6000000000000001
4.0,7.0,9.0,10.0,H,1.0,1.2,2.6,1.0,1596.571618924879,1639.9580891523901,-43.386470227511154,-3.0,-1.6,0.19999999999999996
4.0,10.0,9.0,10.0,H,1.6,1.0,1.8,1.2,1695.4268062891292,1534.6518124306285,160.7749938585007,0.0,-0.19999999999999996,-0.19999999999999996
3.0,6.0,4.0,10.0,D,1.2,1.2,1.4,1.0,1472.2496415422695,1533.1801804217696,-60.93053887950009,-4.0,-0.19999999999999996,0.19999999999999996
4.0,10.0,6.0,9.0,D,1.4,1.0,1.4,1.2,1582.4169724984165,1534.432211131373,47.984761367043575,1.0,0.0,-0.19999999999999996
7.0,11.0,1.0,1.0,D,1.8,1.2,1.2,2.0,1590.6496099476665,1494.7662411271344,95.88336882053204,10.0,0.6000000000000001,-0.8
4.0,4.0,1.0,1.0,H,0.4,0.8,0.6,2.2,1451.679111857465,1434.7606809688857,16.918430888579223,3.0,-0.19999999999999996,-1.4000000000000001
6.0,10.0,4.0,4.0,A,1.6,1.2,1.0,1.2,1526.1637797325254,1696.07684651562,-169.91306678309456,6.0,0.6000000000000001,0.0
0.0,0.0,5.0,11.0,A,0.4,2.4,2.4,1.2,1380.7605742656858,1689.494281415,-308.7337071493141,-11.0,-2.0,1.2
4.0,7.0,0.0,4.0,H,1.8,1.6,0.6,1.0,1714.2967995858705,1482.1177733832374,232.17902620263317,3.0,1.2000000000000002,0.6000000000000001
6.0,10.0,7.0,10.0,D,3.0,1.2,1.8,0.8,1638.6833486012556,1696.7015468402637,-58.01819823900814,0.0,1.2,0.3999999999999999
9.0,13.0,7.0,7.0,H,1.2,0.4,1.4,1.6,1648.271876784307,1590.5346247182956,57.73725206601148,6.0,-0.19999999999999996,-1.2000000000000002
6.0,9.0,3.0,6.0,H,1.2,1.0,1.6,1.4,1678.3658237613172,1560.9260299904415,117.43979377087567,3.0,-0.40000000000000013,-0.3999999999999999
0.0,0.0,3.0,9.0,A,0.2,2.8,1.6,2.0,1372.0599950194546,1534.8643589787566,-162.804363959302,-9.0,-1.4000000000000001,0.7999999999999998
1.0,2.0,7.0,7.0,H,1.4,2.0,1.0,1.0,1500.865920379005,1445.5794326055943,55.28648777341073,-5.0,0.3999999999999999,1.0
4.0,7.0,4.0,8.0,H,1.6,0.8,1.2,1.0,1699.685689216499,1529.5713377208906,170.1143514956084,-1.0,0.40000000000000013,-0.19999999999999996
6.0,7.0,1.0,1.0,H,1.2,1.4,0.8,1.8,1594.2663288463184,1431.028976840863,163.23735200545548,6.0,0.3999999999999999,-0.40000000000000013
4.0,10.0,5.0,11.0,H,1.6,1.2,2.2,1.0,1546.0038886233058,1677.922603923067,-131.9187152997613,-1.0,-0.6000000000000001,0.19999999999999996
0.0,1.0,0.0,3.0,D,0.2,1.6,1.0,1.6,1481.5085812615475,1561.5352221121314,-80.02664085058382,-2.0,-0.8,0.0
5.0,11.0,7.0,7.0,D,1.8,1.2,2.2,1.4,1591.3291817408635,1713.6172277926735,-122.28804605180994,4.0,-0.40000000000000013,-0.19999999999999996
7.0,8.0,6.0,12.0,H,1.6,0.8,1.2,0.6,1703.4214389015829,1671.645931699998,31.775507201584787,-4.0,0.40000000000000013,0.20000000000000007
4.0,10.0,4.0,8.0,H,2.8,1.0,1.4,1.2,1644.4662428795182,1576.634078220154,67.83216465936425,2.0,1.4,-0.19999999999999996
3.0,4.0,9.0,13.0,A,0.8,1.0,1.2,0.4,1464.4034731262375,1656.118045200339,-191.71457207410162,-9.0,-0.3999999999999999,0.6
4.0,5.0,1.0,4.0,D,1.2,1.4,1.2,1.6,1499.7387028307749,1562.6624396603615,-62.92373682958669,1.0,0.0,-0.20000000000000018
4.0,8.0,6.0,10.0,A,1.8,1.0,2.0,0.4,1665.7080699618475,1711.9002231777185,-46.19215321587103,-2.0,-0.19999999999999996,0.6
2.0,2.0,6.0,10.0,D,0.6,1.4,1.8,1.2,1560.7188834439744,1596.2098850627056,-35.49100161873116,-8.0,-1.2000000000000002,0.19999999999999996
6.0,9.0,0.0,0.0,H,0.6,0.8,0.2,2.6,1673.4680570972846,1370.237869622168,303.2301874751165,9.0,0.39999999999999997,-1.8
1.0,1.0,7.0,10.0,H,1.0,2.2,1.4,1.0,1441.4597227469753,1535.5731427171934,-94.11341997021805,-9.0,-0.3999999999999999,1.2000000000000002
6.0,7.0,2.0,4.0,A,0.8,0.8,0.8,1.2,1433.284607016272,1476.6982987155598,-43.41369169928771,3.0,0.0,-0.3999999999999999
1.0,5.0,1.0,1.0,A,0.8,1.0,0.4,1.8,1515.5502754183549,1495.5296435640832,20.02063185427164,4.0,0.4,-0.8
7.0,8.0,5.0,5.0,D,2.4,1.4,0.8,1.0,1706.4376614268863,1506.918269196562,199.51939223032423,3.0,1.5999999999999999,0.3999999999999999
3.0,9.0,4.0,10.0,A,1.6,2.2,2.4,1.2,1525.1406530745294,1654.1899487837454,-129.04929570921604,-1.0,-0.7999999999999998,1.0000000000000002
9.0,15.0,3.0,9.0,D,1.2,0.0,2.2,1.8,1651.701370580454,1595.7458563607486,55.95551421970549,6.0,-1.0000000000000002,-1.8
4.0,5.0,7.0,11.0,A,1.4,2.0,2.2,0.6,1567.4035563347993,1712.6519607869375,-145.24840445213817,-6.0,-0.8000000000000003,1.4
3.0,4.0,9.0,10.0,D,1.4,1.6,1.8,0.4,1446.0063876646434,1707.3535582600505,-261.3471705954071,-6.0,-0.40000000000000013,1.2000000000000002
7.0,10.0,3.0,3.0,H,2.2,1.4,0.4,1.0,1659.1335501302185,1555.7752820975013,103.3582680327172,7.0,1.8000000000000003,0.3999999999999999
6.0,9.0,5.0,6.0,H,0.6,0.8,0.8,0.8,1677.0151205197603,1503.3712057740863,173.643914745674,3.0,-0.20000000000000007,0.0
3.0,7.0,4.0,4.0,H,2.4,2.2,0.6,1.6,1600.5463756455338,1490.729124279298,109.81725136623572,3.0,1.7999999999999998,0.6000000000000001
5.0,9.0,1.0,4.0,H,2.4,1.2,0.4,0.8,1709.5942108985435,1512.3937259466977,197.20048495184574,5.0,2.0,0.3999999999999999
7.0,10.0,1.0,4.0,H,2.0,0.6,1.2,2.6,1711.3696821379842,1563.3874324568656,147.98224968111867,6.0,0.8,-2.0
9.0,10.0,4.0,5.0,D,2.6,1.2,1.6,1.6,1651.964478643802,1453.1754591510598,198.78901949274223,5.0,1.0,-0.40000000000000013
0.0,0.0,4.0,10.0,A,0.2,2.0,1.8,1.2,1363.7126851934383,1602.7350694914353,-239.02238429799695,-10.0,-1.6,0.8
3.0,6.0,3.0,5.0,A,1.2,2.4,1.4,1.4,1516.302999717541,1674.5457233188358,-158.24272360129476,1.0,-0.19999999999999996,1.0
7.0,13.0,4.0,7.0,H,1.4,0.4,1.2,1.6,1656.175714731267,1531.0987985663805,125.07691616488637,6.0,0.19999999999999996,-1.2000000000000002
4.0,6.0,5.0,11.0,D,1.0,0.8,2.4,0.8,1480.347109688003,1705.9453999261002,-225.5982902380972,-5.0,-1.4,0.0
7.0,13.0,0.0,1.0,D,2.6,0.2,0.2,1.2,1705.6677429267259,1519.3779438069093,186.2897991198165,12.0,2.4,-1.0
0.0,4.0,4.0,6.0,D,1.0,3.0,0.8,0.6,1558.5578720668873,1485.1766700779813,73.38120198890601,-2.0,0.19999999999999996,2.4
5.0,9.0,3.0,7.0,H,2.0,0.8,0.8,1.2,1708.0409973332512,1431.189009609121,276.85198772413014,2.0,1.2,-0.3999999999999999
2.0,3.0,3.0,3.0,H,0.4,1.4,0.8,2.8,1561.9635335964667,1510.1147482185756,51.84878537789109,0.0,-0.4,-1.4
5.0,5.0,2.0,6.0,H,1.8,1.8,0.8,1.0,1461.7517161957924,1494.7949487293538,-33.04323253356142,-1.0,1.0,0.8
4.0,4.0,0.0,0.0,H,0.8,2.0,0.6,2.4,1494.9895413985025,1359.4522680742339,135.53727332426865,4.0,0.20000000000000007,-0.3999999999999999
1.0,2.0,5.0,7.0,A,0.4,1.2,2.4,2.0,1508.8364578632684,1611.0878615891747,-102.25140372590636,-5.0,-2.0,-0.8
6.0,12.0,7.0,13.0,D,1.0,0.6,2.0,0.4,1673.6708567608312,1659.519978490196,14.150878270635076,-1.0,-1.0,0.19999999999999996
7.0,10.0,7.0,13.0,H,2.2,1.4,2.8,0.4,1612.9835424672706,1701.121209162149,-88.13766669487836,-3.0,-0.5999999999999996,0.9999999999999999
3.0,7.0,7.0,11.0,H,0.8,1.8,2.6,1.0,1541.6986401282247,1641.3646370819579,-99.66599695373316,-4.0,-1.8,0.8
3.0,7.0,7.0,11.0,D,2.0,1.4,2.4,0.4,1672.5888252872944,1707.6246409582673,-35.03581567097285,-4.0,-0.3999999999999999,0.9999999999999999
5.0,6.0,4.0,7.0,H,0.8,0.6,2.0,1.4,1497.6408197150915,1660.1246756501841,-162.4838559350926,-1.0,-1.2,-0.7999999999999999
7.0,9.0,3.0,7.0,A,2.6,1.6,1.2,2.0,1596.565232874221,1556.2212688431784,40.34396403104256,2.0,1.4000000000000001,-0.3999999999999999
0.0,6.0,7.0,10.0,A,0.8,1.4,1.0,0.8,1425.0745491425455,1679.7853172274067,-254.71076808486123,-4.0,-0.19999999999999996,0.5999999999999999
0.0,3.0,1.0,1.0,D,1.0,2.6,0.4,1.8,1507.2795783136537,1511.6716277681903,-4.392049454536618,2.0,0.6,0.8
1.0,5.0,1.0,2.0,H,0.4,0.8,0.8,3.0,1503.755727384378,1549.5970934118632,-45.841366027485265,3.0,-0.4,-2.2
0.0,0.0,5.0,8.0,D,1.0,2.8,1.6,1.2,1359.5184505450031,1461.685533725023,-102.16708318001997,-8.0,-0.6000000000000001,1.5999999999999999
5.0,11.0,4.0,6.0,H,2.0,0.6,0.8,1.4,1664.3765780352035,1557.1069340514593,107.26964398374412,5.0,1.2,-0.7999999999999999
4.0,10.0,6.0,7.0,H,2.6,1.4,1.2,2.0,1645.263361542975,1491.0908169374854,154.17254460548952,3.0,1.4000000000000001,-0.6000000000000001
4.0,10.0,7.0,9.0,D,2.4,1.2,1.4,0.8,1698.5044526629424,1710.6577538324577,-12.153301169515316,1.0,1.0,0.3999999999999999
5.0,9.0,7.0,10.0,A,2.2,0.8,2.4,1.4,1692.5432188143768,1628.064964611161,64.47825420321578,-1.0,-0.19999999999999973,-0.5999999999999999
6.0,8.0,7.0,10.0,H,2.4,2.0,1.0,0.8,1606.082643241982,1670.2679068596458,-64.18526361766385,-2.0,1.4,1.2
5.0,8.0,3.0,5.0,H,1.4,1.0,0.8,1.8,1506.4794251498902,1548.2683286166607,-41.788903466770535,3.0,0.5999999999999999,-0.8
4.0,10.0,4.0,4.0,D,2.2,1.2,1.6,2.0,1642.8607727189205,1662.5272644742386,-19.66649175531802,6.0,0.6000000000000001,-0.8
0.0,3.0,3.0,7.0,H,0.6,1.6,1.2,1.6,1434.0995261967382,1482.0658398832927,-47.966313686554486,-4.0,-0.6,0.0
3.0,6.0,7.0,11.0,D,1.4,2.2,2.0,0.6,1479.9239735369608,1508.621291496222,-28.697317959261227,-5.0,-0.6000000000000001,1.6
6.0,9.0,4.0,8.0,D,1.6,1.8,2.4,1.4,1557.4323036859828,1697.293417820138,-139.8611141341553,1.0,-0.7999999999999998,0.40000000000000013
2.0,2.0,4.0,8.0,D,0.4,1.6,2.0,1.2,1512.5669198853377,1641.9654806017732,-129.39856071643544,-6.0,-1.6,0.40000000000000013
9.0,13.0,3.0,5.0,H,2.8,1.4,0.6,1.0,1632.3778660395049,1499.442825956034,132.93504008347077,8.0,2.1999999999999997,0.3999999999999999
1.0,1.0,6.0,10.0,H,0.6,3.0,2.4,1.8,1558.3511547465332,1597.328581907312,-38.97742716077869,-9.0,-1.7999999999999998,1.2
3.0,4.0,3.0,3.0,H,0.8,2.4,0.8,1.6,1552.781972054248,1429.585882759151,123.19608929509695,1.0,0.0,0.7999999999999998
2.0,5.0,7.0,11.0,D,1.8,2.0,2.4,0.8,1659.7750878696365,1667.1287546398055,-7.353666770168957,-6.0,-0.5999999999999999,1.2
5.0,9.0,1.0,1.0,H,1.2,0.6,1.0,2.0,1712.0444318527464,1358.1317725247145,353.91265932803185,8.0,0.19999999999999996,-1.4
5.0,9.0,2.0,8.0,H,1.4,0.6,2.2,1.0,1475.2833818399147,1678.9453706994852,-203.66198885957056,1.0,-0.8000000000000003,-0.4
4.0,10.0,1.0,4.0,H,1.4,0.8,1.2,2.0,1673.8751892123717,1503.6722959609278,170.2028932514438,6.0,0.19999999999999996,-1.2
2.0,6.0,7.0,9.0,H,2.0,1.6,1.8,1.0,1700.4840149502013,1505.4306943661588,195.05332058404247,-3.0,0.19999999999999996,0.6000000000000001
9.0,13.0,7.0,7.0,A,0.4,0.4,1.6,2.0,1422.8007323736495,1566.7036719355501,-143.90293956190067,6.0,-1.2000000000000002,-1.6
3.0,4.0,2.0,3.0,A,0.8,1.8,0.6,1.6,1486.9931791267056,1525.0165667146662,-38.02338758796054,1.0,0.20000000000000007,0.19999999999999996
3.0,6.0,1.0,5.0,D,1.2,2.2,1.8,2.0,1553.5335949846658,1678.1937477690674,-124.66015278440159,1.0,-0.6000000000000001,0.20000000000000018
6.0,10.0,5.0,9.0,H,0.4,1.2,2.2,1.0,1447.553156903414,1653.4715409089235,-205.91838400550955,1.0,-1.8000000000000003,0.19999999999999996
3.0,7.0,4.0,4.0,D,0.6,2.0,0.8,2.4,1431.151260435936,1557.5468706949605,-126.39561025902458,3.0,-0.20000000000000007,-0.3999999999999999
9.0,13.0,1.0,4.0,D,3.0,1.4,1.6,2.6,1626.1679302182938,1486.1339093581719,140.03402086012193,9.0,1.4,-1.2000000000000002
7.0,11.0,5.0,6.0,A,1.8,0.4,1.4,1.4,1697.5060258705582,1656.5038865839613,41.00213928659696,5.0,0.40000000000000013,-0.9999999999999999
1.0,1.0,6.0,10.0,A,1.0,2.4,1.8,1.0,1495.6658402006606,1681.881644972639,-186.21580477197836,-9.0,-0.8,1.4
2.0,6.0,3.0,9.0,H,2.0,1.6,2.2,1.8,1665.4128416317212,1591.6908281452272,73.722013486494,-3.0,-0.20000000000000018,-0.19999999999999996
6.0,10.0,7.0,13.0,H,2.0,1.2,3.0,1.4,1687.6776260157815,1620.3719491751513,67.30567684063021,-3.0,-1.0,-0.19999999999999996
4.0,8.0,4.0,8.0,D,2.0,1.0,2.0,1.2,1651.8745129282636,1699.1030538512182,-47.22854092295461,0.0,0.0,-0.19999999999999996
2.0,5.0,5.0,6.0,A,1.6,2.2,1.6,1.6,1478.3769451401672,1673.169805849726,-194.79286070955868,-1.0,0.0,0.6000000000000001
5.0,6.0,4.0,7.0,A,0.8,1.2,1.4,1.6,1512.9876692273858,1565.5624924719461,-52.57482324456032,-1.0,-0.5999999999999999,-0.40000000000000013
1.0,3.0,3.0,3.0,H,1.2,2.2,0.6,1.8,1681.3455076423443,1483.8414192534287,197.50408838891553,0.0,0.6,0.40000000000000013
6.0,10.0,5.0,8.0,H,0.4,0.4,1.8,1.6,1436.4696671702984,1642.8349517873123,-206.3652846170139,2.0,-1.4,-1.2000000000000002
4.0,5.0,5.0,8.0,A,1.0,1.8,2.2,1.6,1548.7764477318901,1709.2544379132717,-160.47799018138153,-3.0,-1.2000000000000002,0.19999999999999996
7.0,10.0,6.0,10.0,A,1.8,1.4,0.6,1.4,1551.117878311619,1463.138950527345,87.97892778427399,0.0,1.2000000000000002,0.0
4.0,8.0,3.0,5.0,A,2.0,1.4,0.8,1.8,1490.7968191056998,1445.785135696395,45.01168340930485,3.0,1.2,-0.40000000000000013
3.0,6.0,1.0,1.0,H,1.8,2.0,1.0,2.6,1596.5799191412932,1490.7767492045946,105.80316993669862,5.0,0.8,-0.6000000000000001
4.0,5.0,4.0,8.0,D,1.2,2.0,1.6,1.4,1677.5574429354388,1646.6230164942178,30.93442644122092,-3.0,-0.40000000000000013,0.6000000000000001
7.0,8.0,6.0,12.0,H,1.6,1.4,0.8,0.2,1675.6867166617399,1433.9527563582844,241.73396030345543,-4.0,0.8,1.2
0.0,3.0,0.0,1.0,D,0.6,1.6,0.8,2.0,1481.225079457059,1493.3930890009642,-12.1680095439051,2.0,-0.20000000000000007,-0.3999999999999999
7.0,7.0,4.0,5.0,H,1.4,1.6,1.2,1.8,1572.32224699694,1542.0166932068962,30.30555379004386,2.0,0.19999999999999996,-0.19999999999999996
9.0,12.0,9.0,12.0,A,0.8,0.8,2.2,1.0,1456.5774406419941,1694.2391359011324,-237.66169525913824,0.0,-1.4000000000000001,-0.19999999999999996
2.0,6.0,4.0,10.0,H,1.2,1.0,1.8,1.0,1656.6636919246428,1546.3286993152399,110.33499260940289,-4.0,-0.6000000000000001,0.0
4.0,10.0,1.0,7.0,D,2.2,1.4,2.0,1.6,1614.5831907468948,1496.5855775339562,117.99761321293863,3.0,0.20000000000000018,-0.20000000000000018
2.0,2.0,4.0,8.0,A,1.2,2.2,2.0,1.2,1471.7183123394332,1705.7616866519522,-234.04337431251906,-6.0,-0.8,1.0000000000000002
7.0,8.0,3.0,6.0,H,2.2,1.8,1.4,2.0,1713.7982154731753,1592.0361415813895,121.7620738917858,2.0,0.8000000000000003,-0.19999999999999996
4.0,5.0,5.0,7.0,D,0.8,1.4,1.2,1.6,1508.515247265243,1450.2575576585377,58.2576896067053,-2.0,-0.3999999999999999,-0.20000000000000018
5.0,7.0,1.0,4.0,A,1.0,1.0,0.8,1.6,1438.2963834831235,1493.1862536324734,-54.88987014934992,3.0,0.19999999999999996,-0.6000000000000001
1.0,4.0,5.0,5.0,A,1.0,1.8,1.0,1.8,1533.03608499682,1686.538051145515,-153.50196614869515,-1.0,0.0,0.0
9.0,12.0,9.0,11.0,A,2.2,1.0,2.4,1.2,1681.964362012439,1726.0729893618686,-44.108627349429526,1.0,-0.19999999999999973,-0.19999999999999996
3.0,6.0,1.0,2.0,A,1.4,1.8,1.4,2.4,1576.4272762830221,1487.3271776378006,89.10009864522158,4.0,0.0,-0.5999999999999999
3.0,9.0,6.0,9.0,D,0.6,0.8,0.8,0.8,1431.7618179456413,1458.7683790546373,-27.00656110899604,0.0,-0.20000000000000007,0.0
1.0,2.0,4.0,6.0,H,0.8,1.8,0.8,0.8,1500.997575773355,1500.9107604928522,0.08681528050283305,-4.0,0.0,1.0
4.0,8.0,2.0,8.0,H,2.4,1.4,1.6,1.2,1710.7545665419482,1609.590310856899,101.16425568504928,0.0,0.7999999999999998,0.19999999999999996
4.0,6.0,4.0,8.0,H,1.4,1.6,1.4,1.0,1654.0901304528747,1649.1965779659859,4.893552486888893,-2.0,0.0,0.6000000000000001
3.0,7.0,9.0,11.0,D,1.4,1.2,1.8,0.8,1547.1716855953878,1674.843730381592,-127.6720447862042,-4.0,-0.40000000000000013,0.3999999999999999
1.0,5.0,7.0,10.0,A,1.6,1.4,1.4,1.0,1485.888355824322,1583.0194687065743,-97.13111288225241,-5.0,0.20000000000000018,0.3999999999999999
7.0,11.0,4.0,8.0,A,2.0,1.0,2.0,1.6,1661.5016602822368,1667.43220055223,-5.9305402699931165,3.0,0.0,-0.6000000000000001
1.0,5.0,3.0,3.0,H,0.6,0.8,1.2,2.2,1510.2072333335998,1567.1308034422746,-56.92357010867477,2.0,-0.6,-1.4000000000000001
9.0,13.0,4.0,4.0,H,2.4,1.0,0.8,1.6,1728.7408526562344,1498.3297124789892,230.41114017724522,9.0,1.5999999999999999,-0.6000000000000001
4.0,5.0,4.0,7.0,H,1.0,1.6,0.8,1.0,1651.967779390465,1428.990616521162,222.9771628693029,-2.0,0.19999999999999996,0.6000000000000001
4.0,10.0,7.0,10.0,A,1.0,0.6,2.4,1.2,1452.8836760269887,1716.6392695695968,-263.75559354260804,0.0,-1.4,-0.6
9.0,13.0,4.0,6.0,H,2.0,0.4,1.0,1.2,1586.9481282039187,1434.367723985779,152.58040421813962,7.0,1.0,-0.7999999999999999
4.0,4.0,0.0,4.0,H,0.8,1.6,0.8,2.2,1501.472084550175,1524.7502540791183,-23.27816952894341,0.0,0.0,-0.6000000000000001
1.0,5.0,1.0,5.0,H,1.4,1.4,1.0,1.4,1615.2287144090408,1541.533282043246,73.69543236579489,0.0,0.3999999999999999,0.0
7.0,8.0,1.0,2.0,H,1.6,1.4,1.0,2.0,1689.5480667183474,1482.8783402514896,206.6697264668578,6.0,0.6000000000000001,-0.6000000000000001
3.0,5.0,6.0,12.0,H,1.8,2.0,2.0,0.8,1499.9856296850776,1669.305909965162,-169.3202802800845,-7.0,-0.19999999999999996,1.2
1.0,4.0,9.0,15.0,A,0.8,1.4,3.0,0.8,1533.991900007042,1736.2822346924384,-202.29033468539637,-11.0,-2.2,0.5999999999999999
1.0,1.0,7.0,7.0,A,0.6,1.8,1.4,1.0,1470.5772362294965,1513.773188572168,-43.19595234267149,-6.0,-0.7999999999999999,0.8
0.0,1.0,4.0,7.0,D,0.6,2.8,1.2,1.0,1521.567910126436,1513.3895772862822,8.178332840153644,-6.0,-0.6,1.7999999999999998
1.0,5.0,7.0,11.0,A,1.0,1.4,1.6,0.4,1428.5590963313646,1695.356694372762,-266.79759804139735,-6.0,-0.6000000000000001,0.9999999999999999
3.0,9.0,6.0,7.0,H,1.6,1.2,1.4,1.4,1676.051449867065,1645.222239488562,30.82921037850292,2.0,0.20000000000000018,-0.19999999999999996
7.0,10.0,1.0,7.0,H,2.2,1.6,1.2,1.4,1670.2433032142776,1450.072573364941,220.17072984933657,3.0,1.0000000000000002,0.20000000000000018
4.0,4.0,9.0,13.0,H,0.6,1.8,2.0,0.6,1508.0022412829655,1577.2755993999424,-69.27335811697685,-9.0,-1.4,1.2000000000000002
9.0,10.0,4.0,10.0,H,2.4,1.4,2.0,1.2,1722.448911167918,1655.6920186839156,66.75689248400226,0.0,0.3999999999999999,0.19999999999999996
0.0,3.0,4.0,5.0,A,1.4,2.6,0.8,1.2,1555.6479553925437,1626.7115624587716,-71.06360706622786,-2.0,0.5999999999999999,1.4000000000000001
1.0,4.0,6.0,7.0,H,0.6,1.6,2.0,1.8,1438.1577199297262,1490.8185262765135,-52.66080634678724,-3.0,-1.4,-0.19999999999999996
6.0,12.0,9.0,10.0,D,1.8,0.6,2.0,1.2,1572.8887776686254,1518.160010303485,54.72876736514036,2.0,-0.19999999999999996,-0.6
0.0,3.0,0.0,4.0,D,1.2,2.8,1.0,1.6,1549.90697492925,1434.3000767946583,115.6068981345918,-1.0,0.19999999999999996,1.1999999999999997
6.0,6.0,6.0,7.0,D,1.8,2.0,0.6,1.2,1488.479023369986,1510.341744189493,-21.862720819507103,-1.0,1.2000000000000002,0.8
1.0,1.0,9.0,10.0,A,0.8,2.0,2.4,1.2,1525.0315292480611,1679.2036739732584,-154.1721447251973,-9.0,-1.5999999999999999,0.8
0.0,1.0,4.0,5.0,D,0.8,2.0,1.2,1.2,1468.9459486736253,1515.0208648421535,-46.07491616852826,-4.0,-0.3999999999999999,0.8
1.0,4.0,1.0,7.0,A,1.0,2.2,1.6,1.6,1443.0222366080884,1662.7423554407683,-219.72011883267987,-3.0,-0.6000000000000001,0.6000000000000001
4.0,7.0,9.0,13.0,A,1.0,1.4,2.4,0.6,1433.0148376241027,1727.5917934735414,-294.5769558494387,-6.0,-1.4,0.7999999999999999
3.0,7.0,6.0,7.0,D,1.4,1.8,1.2,1.0,1641.93763849634,1629.9961634509937,11.941475045346351,0.0,0.19999999999999996,0.8
3.0,9.0,1.0,1.0,D,1.8,1.2,0.6,2.8,1669.8057541245523,1527.8136058689486,141.99214825560375,8.0,1.2000000000000002,-1.5999999999999999
9.0,13.0,9.0,15.0,H,1.8,0.4,3.2,0.8,1703.67259278267,1727.9663362825302,-24.293743499860057,-2.0,-1.4000000000000001,-0.4
5.0,6.0,9.0,13.0,D,1.2,1.0,2.0,0.4,1517.5184963064926,1701.174961318331,-183.65646501183846,-7.0,-0.8,0.6
2.0,2.0,1.0,2.0,H,0.6,2.2,0.8,1.8,1533.5351391699453,1463.2244153726285,70.31072379731677,0.0,-0.20000000000000007,0.40000000000000013
6.0,12.0,4.0,10.0,D,2.4,1.0,1.6,0.6,1721.7102238487244,1579.1448901024312,142.56533374629316,2.0,0.7999999999999998,0.4
9.0,15.0,0.0,1.0,H,2.6,0.6,1.0,2.0,1730.5737947567982,1522.0495279648044,208.5242667919938,14.0,1.6,-1.4
3.0,7.0,4.0,7.0,H,1.6,1.4,1.4,1.8,1669.3989784717637,1635.2810154653446,34.11796300641913,0.0,0.20000000000000018,-0.40000000000000013
4.0,8.0,0.0,1.0,H,1.0,1.4,0.6,2.6,1515.8666292920275,1437.497351505554,78.3692777864735,7.0,0.4,-1.2000000000000002
7.0,11.0,1.0,1.0,A,2.2,1.2,1.2,3.0,1506.2204168908597,1561.8465683418754,-55.62615145101563,10.0,1.0000000000000002,-1.8
1.0,2.0,4.0,7.0,A,0.8,1.6,2.0,2.0,1422.9888343320374,1499.7902658326068,-76.80143150056938,-5.0,-1.2,-0.3999999999999999
7.0,8.0,3.0,4.0,H,1.2,0.6,0.6,1.6,1633.0605743214467,1429.9504267536497,203.11014756779696,4.0,0.6,-1.0
9.0,13.0,4.0,7.0,D,2.8,1.0,1.6,1.4,1676.1550409633737,1672.854387134437,3.3006538289366745,6.0,1.1999999999999997,-0.3999999999999999
4.0,4.0,1.0,1.0,H,1.2,2.4,0.6,2.0,1566.6806445013917,1458.3903392131122,108.29030528827957,3.0,0.6,0.3999999999999999
0.0,1.0,4.0,10.0,D,1.2,2.2,2.0,1.4,1518.6690177730197,1503.1707760243914,15.498241748628288,-9.0,-0.8,0.8000000000000003
7.0,13.0,3.0,6.0,H,2.6,0.8,1.4,1.2,1679.8369841241702,1513.8365531456961,166.00043097847401,7.0,1.2000000000000002,-0.3999999999999999
1.0,4.0,4.0,10.0,H,1.0,2.2,2.0,1.2,1639.5021122940918,1501.9993200621125,137.50279223197936,-6.0,-1.0,1.0000000000000002
0.0,1.0,5.0,5.0,A,0.8,3.6,1.0,2.0,1427.3833148109495,1543.6491758645498,-116.26586105360025,-4.0,-0.19999999999999996,1.6
3.0,4.0,2.0,8.0,H,0.8,1.6,1.6,0.8,1441.3569700306978,1567.7383468253831,-126.38137679468537,-4.0,-0.8,0.8
7.0,10.0,7.0,13.0,D,2.0,1.4,2.0,0.4,1518.2738185274147,1698.7677720829438,-180.49395355552906,-3.0,0.0,0.9999999999999999
9.0,15.0,1.0,1.0,D,2.6,0.8,0.8,1.8,1722.3210846147442,1431.2415444740914,291.07954014065285,14.0,1.8,-1.0
6.0,7.0,5.0,5.0,H,1.6,1.4,1.4,1.4,1676.6895816589913,1665.5637839472095,11.125797711781843,2.0,0.20000000000000018,0.0
4.0,10.0,7.0,10.0,D,2.0,1.0,1.6,0.6,1716.7578399332228,1638.0129582369482,78.74488169627466,0.0,0.3999999999999999,0.4
2.0,6.0,2.0,8.0,A,1.6,1.4,1.8,1.0,1506.7151525402207,1723.8792405386982,-217.1640879984775,-2.0,-0.19999999999999996,0.3999999999999999
5.0,8.0,0.0,0.0,H,1.2,1.0,0.6,3.8,1508.5028850439728,1422.0512057913681,86.45167925260466,8.0,0.6,-2.8
5.0,11.0,4.0,7.0,D,1.2,0.4,1.4,1.6,1694.4799514862818,1643.7899328907538,50.690018595528045,4.0,-0.19999999999999996,-1.2000000000000002
1.0,7.0,7.0,13.0,A,1.8,1.6,2.2,0.8,1494.2029234438728,1687.6333807424098,-193.43045729853702,-6.0,-0.40000000000000013,0.8
2.0,2.0,5.0,8.0,H,0.6,1.4,1.8,1.4,1440.8684765413382,1508.646886460168,-67.77840991882977,-6.0,-1.2000000000000002,0.0
2.0,5.0,3.0,6.0,D,1.2,1.8,1.0,1.6,1658.2432285319564,1448.6775254459508,209.56570308600567,-1.0,0.19999999999999996,0.19999999999999996
1.0,1.0,7.0,13.0,A,0.6,1.6,2.2,0.6,1452.7871115037935,1727.9243123240628,-275.1372008202693,-12.0,-1.6,1.0
2.0,5.0,7.0,7.0,H,1.2,1.2,1.0,1.6,1574.9090166574647,1559.5099746693102,15.399041988154522,-2.0,0.19999999999999996,-0.40000000000000013
5.0,11.0,9.0,9.0,A,1.6,0.4,2.0,1.0,1626.2660328207378,1688.4365070752017,-62.1704742544639,2.0,-0.3999999999999999,-0.6
7.0,8.0,1.0,1.0,H,1.4,1.2,0.8,1.8,1550.1994861214907,1512.1187075160788,38.08077860541198,7.0,0.5999999999999999,-0.6000000000000001
4.0,8.0,0.0,1.0,A,1.8,1.0,0.8,2.2,1494.4394071613065,1466.994590802655,27.44481635865145,7.0,1.0,-1.2000000000000002
4.0,7.0,0.0,4.0,H,1.0,1.0,1.4,2.2,1457.1223433447287,1485.7581055450948,-28.635762200366116,3.0,-0.3999999999999999,-1.2000000000000002
9.0,12.0,4.0,5.0,H,2.2,0.6,1.0,1.0,1692.9630660093949,1570.3824577232715,122.58060828612338,7.0,1.2000000000000002,-0.4
5.0,8.0,4.0,5.0,D,1.8,1.0,0.8,0.8,1715.8656689568638,1448.8820481231726,266.98362083369125,3.0,1.0,0.19999999999999996
6.0,7.0,9.0,11.0,D,0.6,1.2,1.8,0.6,1556.4636244243268,1553.2458363664741,3.2177880578526583,-4.0,-1.2000000000000002,0.6
1.0,1.0,2.0,6.0,A,1.0,2.2,1.0,1.2,1503.4385333156508,1666.9234027323844,-163.48486941673355,-5.0,0.0,1.0000000000000002
4.0,5.0,1.0,3.0,A,1.0,1.8,0.8,1.8,1627.8594433641238,1522.6456420668508,105.213801297273,2.0,0.19999999999999996,0.0
7.0,13.0,7.0,8.0,H,2.6,1.0,0.8,0.8,1690.9740361005515,1505.162229685831,185.81180641472042,5.0,1.8,0.19999999999999996
7.0,13.0,3.0,9.0,D,2.2,0.6,1.2,0.6,1724.2618252884429,1698.1424385219018,26.119386766541083,4.0,1.0000000000000002,0.0
0.0,0.0,4.0,8.0,H,0.4,3.2,1.4,0.8,1434.9639144613093,1613.3533241507967,-178.38940968948737,-8.0,-0.9999999999999999,2.4000000000000004
0.0,1.0,5.0,6.0,A,1.2,2.4,1.4,1.0,1479.3371435911135,1722.2866309108451,-242.9494873197316,-5.0,-0.19999999999999996,1.4
3.0,5.0,1.0,1.0,D,1.0,1.8,1.0,2.2,1565.9159922476433,1507.904998791279,58.010993456364304,4.0,0.0,-0.40000000000000013
4.0,6.0,5.0,11.0,D,0.8,1.2,1.8,0.8,1665.701637993694,1725.4835900271332,-59.78195203343921,-5.0,-1.0,0.3999999999999999
1.0,5.0,9.0,13.0,D,1.0,1.2,2.8,1.0,1612.7100858162694,1691.6172744350788,-78.90718861880941,-8.0,-1.7999999999999998,0.19999999999999996
7.0,11.0,1.0,5.0,A,1.8,0.6,1.8,1.4,1538.968809468403,1508.7164340593777,30.252375409025262,6.0,0.0,-0.7999999999999999
3.0,4.0,3.0,3.0,H,0.8,1.8,0.6,2.4,1473.3673873031075,1428.5911179608568,44.77626934225077,1.0,0.20000000000000007,-0.5999999999999999
3.0,7.0,4.0,8.0,H,1.0,0.6,0.8,0.8,1702.1267154428297,1552.479347503399,149.64736793943075,-1.0,0.19999999999999996,-0.20000000000000007
4.0,8.0,4.0,5.0,H,1.0,1.6,1.0,1.4,1515.8145802553518,1617.207092794603,-101.39251253925136,3.0,0.0,0.20000000000000018
5.0,6.0,9.0,15.0,A,0.8,0.6,3.2,0.0,1442.8065964361429,1699.0385176964246,-256.23192126028175,-9.0,-2.4000000000000004,0.6
3.0,5.0,7.0,7.0,H,1.0,1.8,1.2,1.4,1528.21196813556,1451.5560172760195,76.65595085954055,-2.0,-0.19999999999999996,0.40000000000000013
1.0,2.0,0.0,0.0,H,1.0,2.0,1.2,2.6,1514.3646615292532,1472.8774808531393,41.487180676113894,2.0,-0.19999999999999996,-0.6000000000000001
1.0,4.0,4.0,5.0,D,1.2,1.8,0.6,0.6,1610.6242029228135,1449.3894863079324,161.2347166148811,-1.0,0.6,1.2000000000000002
7.0,11.0,6.0,6.0,H,2.4,0.8,1.2,1.6,1694.37729339818,1470.6073683400064,223.7699250581736,5.0,1.2,-0.8
9.0,15.0,5.0,7.0,H,3.0,0.0,1.2,1.0,1706.3193303767796,1694.8459027624747,11.47342761430491,8.0,1.8,-1.0
4.0,7.0,7.0,9.0,A,1.2,2.0,1.8,0.8,1446.1093036552998,1727.7333445315649,-281.6240408762651,-2.0,-0.6000000000000001,1.2
3.0,3.0,6.0,7.0,D,0.6,2.6,1.6,1.6,1428.580205155992,1528.2228809404248,-99.64267578443287,-4.0,-1.0,1.0
5.0,9.0,3.0,7.0,H,1.8,1.0,1.6,1.0,1728.2639783917023,1505.9360456948086,222.32793269689364,2.0,0.19999999999999996,0.0
5.0,6.0,1.0,7.0,D,0.8,1.2,1.0,1.2,1660.234352578505,1557.946632918588,102.287719659917,-1.0,-0.19999999999999996,0.0
1.0,5.0,4.0,5.0,H,1.0,1.2,1.0,1.8,1618.7196793446833,1559.9063987192294,58.8132806254539,0.0,0.0,-0.6000000000000001
6.0,10.0,4.0,10.0,A,1.0,1.4,1.6,0.6,1503.6381565811314,1551.1452331426233,-47.507076561491886,0.0,-0.6000000000000001,0.7999999999999999
2.0,5.0,5.0,9.0,A,1.0,1.4,1.8,0.8,1549.9433402315265,1736.2672710787638,-186.3239308472373,-4.0,-0.8,0.5999999999999999
7.0,7.0,3.0,7.0,H,1.6,1.6,0.8,1.6,1534.7832221900562,1497.0778153315,37.705406858556216,0.0,0.8,0.0
4.0,6.0,4.0,5.0,H,1.2,1.2,1.6,2.2,1698.1649775107232,1511.0455867810047,187.1193907297186,1.0,-0.40000000000000013,-1.0000000000000002
4.0,10.0,3.0,7.0,H,1.4,0.6,1.2,1.8,1555.8452641818121,1441.409272616111,114.43599156570122,3.0,0.19999999999999996,-1.2000000000000002
7.0,11.0,9.0,15.0,A,2.0,0.8,2.8,0.2,1714.3744000365075,1719.678274871837,-5.303874835329452,-4.0,-0.7999999999999998,0.6000000000000001
0.0,0.0,4.0,5.0,H,2.0,3.4,0.6,1.0,1484.18932145086,1607.4078387469626,-123.21851729610262,-5.0,1.4,2.4
6.0,6.0,1.0,5.0,H,1.2,1.6,1.6,1.6,1481.7540791847364,1599.4774920780835,-117.72341289334713,1.0,-0.40000000000000013,0.0
3.0,4.0,7.0,13.0,H,0.6,1.4,2.8,0.8,1518.4279961067023,1681.8853429862863,-163.45734687958407,-9.0,-2.1999999999999997,0.5999999999999999
1.0,4.0,5.0,6.0,D,0.8,1.8,1.0,1.4,1559.9158379872704,1660.224913310464,-100.30907532319361,-2.0,-0.19999999999999996,0.40000000000000013
2.0,6.0,4.0,4.0,H,1.0,0.8,0.6,1.6,1456.0459926555766,1421.9236988083478,34.122293847228775,2.0,0.4,-0.8
4.0,4.0,6.0,9.0,H,1.6,3.2,1.6,1.6,1517.4870452067494,1475.3126207589917,42.1744244477577,-5.0,0.0,1.6
1.0,2.0,6.0,10.0,H,1.2,1.8,2.0,1.2,1609.9059969976925,1703.9458951168986,-94.0398981192061,-8.0,-0.8,0.6000000000000001
3.0,6.0,2.0,5.0,H,1.0,2.2,0.8,1.6,1506.0122680496063,1550.981385269164,-44.9691172195578,1.0,0.19999999999999996,0.6000000000000001
0.0,4.0,6.0,6.0,H,0.8,2.0,1.4,2.0,1450.7487812909226,1509.0884874318906,-58.33970614096802,-2.0,-0.5999999999999999,0.0
1.0,4.0,3.0,3.0,D,0.6,1.4,2.4,2.8,1420.841866458923,1485.2711538002848,-64.42928734136171,1.0,-1.7999999999999998,-1.4
7.0,11.0,6.0,10.0,H,2.8,1.0,1.4,0.6,1739.58728985716,1552.525245403416,187.06204445374397,1.0,1.4,0.4
9.0,15.0,7.0,10.0,H,2.6,0.4,2.0,1.4,1722.9276094514394,1531.5338876104538,191.39372184098556,5.0,0.6000000000000001,-0.9999999999999999
4.0,10.0,1.0,2.0,D,3.0,1.4,1.0,2.4,1676.0514672942002,1555.7772159236126,120.27425137058754,8.0,2.0,-1.0
3.0,7.0,6.0,8.0,H,1.2,0.8,2.2,1.2,1668.4574426222978,1689.9324481988895,-21.475005576591684,-1.0,-1.0000000000000002,-0.3999999999999999
4.0,4.0,4.0,8.0,H,0.4,1.4,1.2,0.8,1611.2172511781803,1452.236580224359,158.98067095382135,-4.0,-0.7999999999999999,0.5999999999999999
3.0,6.0,4.0,4.0,H,1.8,2.2,1.8,2.0,1519.1120172052113,1599.8824672243718,-80.77045001916053,2.0,0.0,0.20000000000000018
1.0,2.0,9.0,11.0,H,0.8,2.2,2.6,1.0,1563.4777800659297,1727.0908950603944,-163.6131149944647,-9.0,-1.8,1.2000000000000002
3.0,7.0,3.0,6.0,H,1.6,2.0,1.4,2.6,1706.9961081741887,1502.962054992316,204.03405318187265,1.0,0.20000000000000018,-0.6000000000000001
2.0,3.0,3.0,6.0,H,1.4,2.4,1.4,2.4,1560.4774020890025,1446.0485951255328,114.4288069634697,-3.0,0.0,0.0
4.0,10.0,6.0,7.0,H,2.0,0.8,2.0,2.6,1538.3643843476439,1510.6565484695593,27.707835878084552,3.0,0.0,-1.8
3.0,7.0,2.0,5.0,H,2.0,1.2,1.2,1.8,1692.0669155428611,1418.7073991149514,273.35951642790974,2.0,0.8,-0.6000000000000001
4.0,4.0,5.0,9.0,A,2.6,2.6,1.4,0.8,1477.620720881872,1676.1078755407104,-198.48715465883834,-5.0,1.2000000000000002,1.8
6.0,7.0,6.0,7.0,D,1.0,1.0,0.6,1.0,1551.3418764549026,1612.4006201266936,-61.058743671791035,0.0,0.4,0.0
4.0,5.0,4.0,8.0,A,0.8,1.0,2.6,1.4,1445.6566879407826,1682.6313595777765,-236.9746716369939,-3.0,-1.8,-0.3999999999999999
3.0,9.0,9.0,15.0,A,1.4,1.4,2.4,0.4,1469.322873493066,1728.917356717365,-259.594483224299,-6.0,-1.0,0.9999999999999999
6.0,10.0,7.0,9.0,A,2.2,0.8,1.2,0.8,1529.4464759435473,1685.025783944807,-155.57930800125973,1.0,1.0000000000000002,0.0
4.0,5.0,1.0,2.0,H,1.4,2.2,0.8,2.2,1564.4600044717354,1414.7247967322185,149.7352077395169,3.0,0.5999999999999999,0.0
3.0,6.0,3.0,6.0,H,1.0,1.4,1.2,1.8,1477.4357484791426,1494.8491800062395,-17.413431527096918,0.0,-0.19999999999999996,-0.40000000000000013
3.0,4.0,3.0,7.0,H,0.6,1.4,2.0,2.6,1454.6526969018714,1501.6605395084705,-47.00784260659907,-3.0,-1.4,-1.2000000000000002
4.0,4.0,9.0,15.0,A,2.4,2.4,1.6,0.4,1471.7195187121004,1734.8185588871368,-263.0990401750364,-11.0,0.7999999999999998,2.0
4.0,7.0,3.0,4.0,D,0.8,0.8,1.6,1.8,1549.8714919404915,1601.3528517387829,-51.48135979829135,3.0,-0.8,-1.0
6.0,9.0,4.0,8.0,A,1.8,1.8,0.4,0.6,1508.9188716925278,1622.5937656393771,-113.67489394684935,1.0,1.4,1.2000000000000002
3.0,9.0,6.0,10.0,H,1.8,1.8,2.6,1.2,1714.7359604342903,1719.3510428002928,-4.615082366002525,-1.0,-0.8,0.6000000000000001
6.0,9.0,3.0,3.0,H,2.4,1.0,0.8,2.2,1694.4681589408608,1443.647351727533,250.82080721332773,6.0,1.5999999999999999,-1.2000000000000002
4.0,5.0,4.0,8.0,A,1.2,1.4,2.0,1.2,1554.0285065997602,1692.080633043946,-138.05212644418566,-3.0,-0.8,0.19999999999999996
3.0,3.0,1.0,4.0,D,0.8,1.8,2.2,2.2,1491.4464994513705,1475.1221992669693,16.32430018440118,-1.0,-1.4000000000000001,-0.40000000000000013
3.0,6.0,7.0,8.0,A,1.8,3.0,1.2,1.6,1490.5938950602936,1575.5266489199123,-84.93275385961874,-2.0,0.6000000000000001,1.4
9.0,11.0,3.0,6.0,H,1.4,0.6,0.6,1.4,1687.935062508372,1474.5264699155775,213.40859259279455,5.0,0.7999999999999999,-0.7999999999999999
4.0,5.0,3.0,4.0,A,1.8,1.8,1.0,1.4,1587.3496214195495,1568.0317369189936,19.31788450055592,1.0,0.8,0.40000000000000013
1.0,2.0,6.0,9.0,A,0.8,1.8,1.8,1.8,1409.9199698633288,1719.54078730318,-309.6208174398512,-7.0,-1.0,0.0
3.0,3.0,3.0,7.0,H,1.0,1.8,1.2,1.2,1451.140468038881,1447.1595805905235,3.9808874483574073,-4.0,-0.19999999999999996,0.6000000000000001
3.0,9.0,3.0,7.0,H,2.6,1.4,1.4,1.2,1722.522661234951,1526.274857508889,196.2478037260621,2.0,1.2000000000000002,0.19999999999999996
9.0,15.0,3.0,6.0,H,1.6,0.4,1.8,2.4,1737.4754710963716,1506.261959483293,231.2135116130787,9.0,-0.19999999999999996,-2.0
7.0,10.0,2.0,8.0,H,2.2,1.2,1.2,1.0,1696.0551787610254,1545.896946223412,150.15823253761346,2.0,1.0000000000000002,0.19999999999999996
7.0,10.0,6.0,9.0,A,1.0,0.8,2.2,0.8,1611.786009305217,1705.275915275021,-93.48990596980389,1.0,-1.2000000000000002,0.0
0.0,1.0,6.0,7.0,D,0.6,2.2,1.4,1.2,1411.5771363008266,1566.3745704814958,-154.79743418066914,-6.0,-0.7999999999999999,1.0000000000000002
4.0,7.0,3.0,6.0,A,1.0,1.6,1.2,1.2,1596.9021078965472,1541.1587589175588,55.74334897898848,1.0,-0.19999999999999996,0.40000000000000013
0.0,3.0,3.0,6.0,A,1.0,3.0,1.6,2.4,1478.2131981836344,1518.642656359952,-40.42945817631767,-3.0,-0.6000000000000001,0.6000000000000001
9.0,13.0,3.0,6.0,H,1.8,0.6,0.8,1.0,1690.4008097595326,1444.693833339363,245.70697642016967,7.0,1.0,-0.4
1.0,4.0,9.0,10.0,H,1.4,1.8,1.8,1.6,1594.2378124401919,1568.63845789927,25.599354540921922,-6.0,-0.40000000000000013,0.19999999999999996
9.0,10.0,9.0,9.0,H,2.6,1.4,2.0,1.6,1703.8878430429174,1711.708123021288,-7.820279978370536,1.0,0.6000000000000001,-0.20000000000000018
9.0,15.0,2.0,5.0,H,1.8,0.2,1.2,1.8,1740.6214586378899,1542.7509586818937,197.87049995599614,10.0,0.6000000000000001,-1.6
3.0,6.0,3.0,6.0,H,1.0,1.4,0.8,1.6,1458.9704002489602,1466.6965377054983,-7.7261374565380265,0.0,0.19999999999999996,-0.20000000000000018
3.0,9.0,1.0,5.0,H,2.2,1.2,1.6,1.4,1724.9071442757538,1472.7377162261666,252.16942804958717,4.0,0.6000000000000001,-0.19999999999999996
1.0,4.0,9.0,12.0,A,1.0,1.8,2.8,0.6,1484.6103722252035,1712.112042501188,-227.50167027598445,-8.0,-1.7999999999999998,1.2000000000000002
6.0,10.0,9.0,15.0,A,1.6,0.8,2.0,0.6,1559.2640108514076,1699.775256807395,-140.5112459559873,-5.0,-0.3999999999999999,0.20000000000000007
3.0,3.0,9.0,13.0,D,0.6,2.2,2.2,0.6,1470.452033275756,1700.1323474726596,-229.6803141969035,-10.0,-1.6,1.6
3.0,6.0,1.0,2.0,H,1.0,1.2,1.0,2.4,1545.369876239914,1407.3660189784714,138.0038572614426,4.0,0.0,-1.2
6.0,9.0,6.0,9.0,H,1.8,1.2,1.8,1.2,1714.028831316984,1456.6496919532642,257.3791393637198,0.0,0.0,0.0
4.0,7.0,3.0,7.0,H,1.6,1.4,1.2,1.4,1574.4012226418818,1588.8754557361613,-14.474233094279498,0.0,0.40000000000000013,0.0
3.0,3.0,4.0,7.0,D,0.8,1.4,1.4,1.4,1446.1102360691277,1592.8214097104271,-146.7111736412994,-4.0,-0.5999999999999999,0.0
3.0,6.0,6.0,9.0,D,1.4,1.8,1.6,1.0,1521.6092608030028,1721.940539832703,-200.33127902970023,-3.0,-0.20000000000000018,0.8
1.0,2.0,0.0,3.0,A,1.0,1.8,1.0,2.6,1460.0822780558904,1490.8686363539107,-30.786358298020332,-1.0,0.0,-0.8
1.0,2.0,1.0,4.0,H,1.2,2.6,1.0,2.0,1548.4896033517969,1478.8717275553004,69.61787579649649,-2.0,0.19999999999999996,0.6000000000000001
9.0,12.0,9.0,15.0,H,2.6,0.8,2.0,0.4,1720.0829349389066,1732.6505662001712,-12.567631261264523,-3.0,0.6000000000000001,0.4
9.0,15.0,6.0,9.0,H,3.0,0.6,1.6,1.2,1723.4949503003431,1541.9578608784775,181.53708942186563,6.0,1.4,-0.6
3.0,9.0,1.0,1.0,H,1.2,0.8,0.6,1.6,1564.086289006857,1455.259999900441,108.82628910641597,8.0,0.6,-0.8
1.0,1.0,1.0,4.0,D,0.4,2.0,0.8,1.2,1475.2262708912892,1449.7556927331389,25.470578158150374,-3.0,-0.4,0.8
3.0,3.0,7.0,7.0,A,0.8,2.8,1.6,1.4,1484.4718508587275,1728.3373253278862,-243.8654744691587,-4.0,-0.8,1.4
1.0,4.0,3.0,5.0,A,1.0,2.0,1.4,2.0,1459.820744356078,1559.120892271475,-99.30014791539702,-1.0,-0.3999999999999999,0.0
4.0,5.0,6.0,12.0,A,0.6,1.0,1.8,0.8,1583.9627894465762,1741.5091864640222,-157.546397017446,-7.0,-1.2000000000000002,0.19999999999999996
1.0,1.0,4.0,7.0,H,0.6,2.4,1.6,1.8,1417.775742928086,1511.1995368533883,-93.42379392530233,-6.0,-1.0,0.5999999999999999
6.0,6.0,0.0,4.0,H,1.4,1.2,1.0,2.0,1467.5745732149112,1577.9505744745143,-110.37600125960307,2.0,0.3999999999999999,-0.8
7.0,10.0,6.0,12.0,H,1.8,0.8,1.8,0.6,1585.5368765596945,1702.8931773991712,-117.35630083947672,-2.0,0.0,0.20000000000000007
9.0,15.0,7.0,13.0,D,2.2,0.6,2.2,0.6,1696.983430895851,1702.9241733842036,-5.940742488352726,2.0,0.0,0.0
6.0,6.0,1.0,4.0,H,1.0,1.8,1.2,2.4,1547.14825830408,1454.6303469304755,92.51791137360442,2.0,-0.19999999999999996,-0.5999999999999999
6.0,7.0,7.0,13.0,D,2.0,2.2,2.0,0.6,1560.206370081015,1695.897953086311,-135.69158300529602,-6.0,0.0,1.6
2.0,5.0,3.0,9.0,A,0.8,0.6,1.6,0.8,1440.1679266992128,1573.674055040783,-133.50612834157027,-4.0,-0.8,-0.20000000000000007
3.0,9.0,9.0,15.0,D,1.4,1.4,3.2,0.6,1700.6468810380009,1725.7412466615135,-25.094365623512658,-6.0,-1.8000000000000003,0.7999999999999999
5.0,11.0,3.0,3.0,A,1.8,0.8,0.6,3.0,1685.6814210840482,1501.714603158883,183.9668179251653,8.0,1.2000000000000002,-2.2
0.0,1.0,7.0,10.0,A,0.4,1.8,2.2,0.6,1446.12923922489,1594.6676372352456,-148.53839801035565,-9.0,-1.8000000000000003,1.2000000000000002
4.0,4.0,1.0,2.0,D,1.6,2.4,0.4,1.6,1507.4741943601355,1478.951613384542,28.522580975593428,2.0,1.2000000000000002,0.7999999999999998
7.0,10.0,6.0,9.0,H,2.2,1.0,1.6,1.0,1730.564934397123,1465.3469641456745,265.2179702514484,1.0,0.6000000000000001,0.0
6.0,12.0,4.0,4.0,H,2.2,0.8,1.2,2.0,1743.1138165022223,1416.1711128898858,326.9427036123366,8.0,1.0000000000000002,-1.2
0.0,3.0,4.0,5.0,H,1.0,2.2,0.6,1.4,1585.309501281325,1576.6038626397653,8.705638641559744,-2.0,0.4,0.8000000000000003
6.0,6.0,3.0,3.0,H,1.2,2.8,1.0,2.0,1511.2427769658166,1575.7813274743914,-64.53855050857487,3.0,0.19999999999999996,0.7999999999999998
1.0,1.0,7.0,13.0,D,1.0,2.8,3.2,0.8,1459.192305228552,1721.179288363437,-261.9869831348851,-12.0,-2.2,1.9999999999999998
2.0,2.0,6.0,9.0,D,0.4,1.2,1.4,1.4,1440.3688097649326,1546.94737523836,-106.57856547342749,-7.0,-0.9999999999999999,-0.19999999999999996
7.0,13.0,2.0,3.0,A,2.4,0.8,0.8,1.8,1712.8989537265586,1496.6175940551063,216.28135967145226,10.0,1.5999999999999999,-1.0
3.0,9.0,1.0,4.0,H,1.6,1.0,0.2,1.6,1475.6708504029407,1566.2799763824992,-90.60912597955848,5.0,1.4000000000000001,-0.6000000000000001
2.0,5.0,0.0,1.0,A,1.8,2.2,0.4,1.8,1493.1376555324207,1460.4657780526047,32.671877479815976,4.0,1.4,0.40000000000000013
2.0,8.0,6.0,12.0,D,2.0,1.4,2.4,0.8,1684.4623208155913,1744.3329167706793,-59.87059595508799,-4.0,-0.3999999999999999,0.5999999999999999
5.0,11.0,3.0,4.0,D,1.8,0.8,1.2,2.2,1687.9184600073231,1424.1506059688736,263.7678540384495,7.0,0.6000000000000001,-1.4000000000000001
7.0,7.0,9.0,13.0,D,1.8,2.0,2.4,0.4,1558.342074101382,1596.5319332148786,-38.189859113496595,-6.0,-0.5999999999999999,1.6
6.0,9.0,4.0,7.0,A,2.0,1.0,1.4,1.6,1564.4488394510267,1709.8720966277572,-145.42325717673043,2.0,0.6000000000000001,-0.6000000000000001
4.0,10.0,5.0,8.0,H,1.6,1.4,1.8,1.4,1554.4509967279018,1550.8384526118402,3.612544116061599,2.0,-0.19999999999999996,0.0
5.0,5.0,6.0,9.0,H,1.0,1.8,1.6,1.0,1503.2705866728459,1469.0178577852012,34.25272888764471,-4.0,-0.6000000000000001,0.8
5.0,11.0,2.0,3.0,H,2.4,0.6,0.6,1.2,1723.1884929813034,1438.3596051470663,284.8288878342371,8.0,1.7999999999999998,-0.6
3.0,3.0,6.0,6.0,A,1.0,1.6,1.2,1.6,1562.6822743421142,1577.547892583304,-14.86561824118985,-3.0,-0.19999999999999996,0.0
4.0,5.0,2.0,6.0,H,1.2,1.6,1.4,1.4,1438.462967238148,1670.149959546317,-231.686992308169,-1.0,-0.19999999999999996,0.20000000000000018
7.0,11.0,1.0,5.0,H,2.2,0.6,1.8,2.0,1601.266027320214,1488.4035614270852,112.86246589312896,6.0,0.40000000000000013,-1.4
3.0,3.0,1.0,2.0,A,0.6,1.6,0.8,2.2,1447.6307356621521,1472.0273476190046,-24.39661195685244,1.0,-0.20000000000000007,-0.6000000000000001
7.0,10.0,6.0,10.0,H,2.0,1.0,2.4,1.2,1750.7206377239247,1706.5112327733132,44.20940495061154,0.0,-0.3999999999999999,-0.19999999999999996
0.0,4.0,3.0,9.0,A,0.2,1.4,1.2,0.6,1556.9019779924513,1697.296458397371,-140.3944804049197,-5.0,-1.0,0.7999999999999999
4.0,7.0,6.0,9.0,H,1.6,1.6,1.4,2.2,1712.9119717695548,1508.202901824019,204.70906994553593,-2.0,0.20000000000000018,-0.6000000000000001
6.0,9.0,7.0,10.0,D,1.8,1.6,1.4,1.2,1574.14604593003,1557.852843381176,16.29320254885397,-1.0,0.40000000000000013,0.40000000000000013
4.0,5.0,3.0,3.0,A,1.4,1.4,1.0,1.8,1461.758439634024,1572.9511823270948,-111.19274269307084,2.0,0.3999999999999999,-0.40000000000000013
2.0,8.0,3.0,3.0,H,1.4,0.8,0.6,2.0,1555.5764284727488,1442.8927598012435,112.6836686715053,5.0,0.7999999999999999,-1.2
3.0,7.0,4.0,7.0,H,2.2,1.8,1.2,1.2,1708.6571672642053,1436.3170327472558,272.34013451694955,0.0,1.0000000000000002,0.6000000000000001
5.0,9.0,7.0,8.0,H,1.4,0.4,1.2,1.2,1700.4052767859587,1500.1617682842582,200.2435085017005,1.0,0.19999999999999996,-0.7999999999999999
1.0,3.0,5.0,11.0,H,1.2,1.8,1.8,0.4,1678.8064717061673,1714.531980821453,-35.72550911528583,-8.0,-0.6000000000000001,1.4
1.0,3.0,7.0,13.0,D,0.4,1.0,3.0,0.8,1440.15066835066,1599.4749641166204,-159.32429576596041,-10.0,-2.6,0.19999999999999996
3.0,6.0,7.0,10.0,D,1.0,1.2,1.8,0.8,1473.817845186545,1745.920650322581,-272.10280513603607,-4.0,-0.8,0.3999999999999999
6.0,9.0,0.0,1.0,H,1.6,2.0,0.0,2.0,1516.7369805624446,1548.3678992540256,-31.630918691580973,8.0,1.6,0.0
1.0,2.0,7.0,10.0,A,1.8,3.2,2.0,1.6,1481.841283409933,1719.4742497867069,-237.63296637677377,-8.0,-0.19999999999999996,1.6
5.0,8.0,0.0,1.0,H,1.2,1.4,1.2,3.0,1563.1799092605133,1476.5142175305957,86.66569172991763,7.0,0.0,-1.6
5.0,11.0,6.0,9.0,H,2.0,0.6,1.6,1.8,1748.5343098123378,1514.1233210726878,234.41098873965007,2.0,0.3999999999999999,-1.2000000000000002
3.0,3.0,2.0,3.0,H,0.4,1.8,0.4,1.0,1450.0188913844345,1433.024536767469,16.99435461696544,0.0,0.0,0.8
5.0,11.0,4.0,4.0,H,2.4,0.8,1.0,1.8,1603.5325131646237,1457.7008905860207,145.83162257860295,7.0,1.4,-1.0
4.0,7.0,4.0,7.0,D,1.0,1.0,1.0,1.0,1434.5373170712608,1475.59756086254,-41.06024379127916,0.0,0.0,0.0
6.0,8.0,4.0,10.0,D,1.2,1.2,2.2,1.6,1499.4143719414903,1574.8934422727978,-75.47907033130741,-2.0,-1.0000000000000002,-0.40000000000000013
4.0,8.0,4.0,8.0,H,1.4,0.8,1.2,0.8,1718.2084105709703,1551.8999987232316,166.30841184773863,0.0,0.19999999999999996,0.0
0.0,0.0,4.0,5.0,H,0.0,2.4,1.2,1.4,1559.2417572059317,1667.9326137542612,-108.69085654832952,-5.0,-1.2,1.0
3.0,3.0,4.0,5.0,H,0.6,2.0,0.6,1.0,1563.5469677380747,1430.2321065391177,133.31486119895703,-2.0,0.0,1.0
3.0,4.0,3.0,9.0,H,1.2,1.8,2.0,1.2,1676.2428919171844,1700.3468891012822,-24.103997184097807,-5.0,-0.8,0.6000000000000001
7.0,9.0,0.0,1.0,D,1.4,0.4,1.2,2.8,1693.088941939464,1483.8305523770905,209.2583895623734,8.0,0.19999999999999996,-2.4
3.0,5.0,1.0,2.0,H,0.6,1.4,0.4,1.2,1556.319654086202,1428.6048814044987,127.71477268170338,3.0,0.19999999999999996,0.19999999999999996
3.0,9.0,2.0,5.0,H,1.8,1.6,1.0,1.2,1520.3348815509723,1469.3860003842553,50.948881166717,4.0,0.8,0.40000000000000013
4.0,8.0,3.0,6.0,A,1.4,1.4,1.8,1.2,1488.6541696385061,1583.711384630079,-95.05721499157289,2.0,-0.40000000000000013,0.19999999999999996
7.0,11.0,3.0,6.0,A,1.6,0.8,0.6,1.2,1547.7138603804467,1465.4849402645011,82.22892011594558,5.0,1.0,-0.3999999999999999
6.0,8.0,7.0,11.0,H,1.4,0.8,2.0,0.8,1722.7118600329704,1599.0290637026235,123.68279633034695,-3.0,-0.6000000000000001,0.0
3.0,4.0,9.0,10.0,A,0.8,1.6,2.0,1.4,1452.047435705135,1725.1277046675925,-273.08026896245747,-6.0,-1.2,0.20000000000000018
5.0,8.0,7.0,11.0,A,1.8,1.8,2.0,0.8,1566.9818166005798,1756.4459354845558,-189.46411888397597,-3.0,-0.19999999999999996,1.0
9.0,13.0,6.0,7.0,D,2.4,0.6,0.8,1.2,1718.6369944617593,1562.8103642920353,155.826630169724,6.0,1.5999999999999999,-0.6
1.0,1.0,2.0,5.0,H,1.0,2.6,1.4,2.0,1493.3459865743544,1557.466382403316,-64.12039582896159,-4.0,-0.3999999999999999,0.6000000000000001
4.0,8.0,4.0,8.0,H,2.2,1.4,1.2,1.2,1604.929821249435,1541.8131028336352,63.116718415799824,0.0,1.0000000000000002,0.19999999999999996
1.0,5.0,6.0,9.0,H,0.8,1.2,1.8,1.6,1439.947318534294,1510.619669555796,-70.67235102150198,-4.0,-1.0,-0.40000000000000013
6.0,7.0,2.0,5.0,H,1.4,1.4,1.2,1.4,1679.1626782446274,1466.4662140568123,212.69646418781508,2.0,0.19999999999999996,0.0
3.0,7.0,3.0,6.0,H,1.0,1.6,1.4,1.8,1553.482080004807,1688.6779119301104,-135.19583192530354,1.0,-0.3999999999999999,-0.19999999999999996
1.0,5.0,6.0,6.0,A,1.8,1.8,1.2,1.6,1544.8271398991656,1576.1862102422251,-31.359070343059557,-1.0,0.6000000000000001,0.19999999999999996
0.0,4.0,1.0,2.0,D,0.8,1.6,1.2,1.8,1449.632848602903,1468.8808011590443,-19.247952556141172,2.0,-0.3999999999999999,-0.19999999999999996
4.0,7.0,7.0,11.0,A,0.6,1.0,2.0,1.0,1555.4420045535826,1763.8142952230085,-208.37229066942587,-4.0,-1.4,0.0
6.0,10.0,4.0,7.0,H,2.6,1.2,1.2,1.4,1608.503287423874,1436.373852359855,172.12943506401916,3.0,1.4000000000000001,-0.19999999999999996
6.0,9.0,1.0,7.0,H,1.0,1.0,1.6,1.8,1473.3089278827674,1480.8301820202398,-7.521254137472397,2.0,-0.6000000000000001,-0.8
4.0,4.0,3.0,6.0,H,1.6,2.6,1.6,1.8,1501.0089315728585,1502.9567245572919,-1.947792984433363,-2.0,0.0,0.8
7.0,13.0,6.0,9.0,D,2.0,0.2,1.6,1.4,1714.825195927611,1682.9744767787756,31.850719148835424,4.0,0.3999999999999999,-1.2
1.0,2.0,7.0,9.0,A,0.2,1.0,1.4,0.4,1423.0144916929912,1698.6793316509713,-275.6648399579801,-7.0,-1.2,0.6
6.0,10.0,6.0,9.0,H,1.6,0.8,2.6,1.6,1726.7455563374454,1579.677688325604,147.06786801184126,1.0,-1.0,-0.8
1.0,4.0,1.0,4.0,H,1.2,1.8,0.8,1.6,1487.2238264734763,1443.2392041496666,43.98462232380962,0.0,0.3999999999999999,0.19999999999999996
6.0,6.0,7.0,7.0,D,2.2,2.0,1.4,1.4,1574.9451884471587,1505.741431451304,69.20375699585475,-1.0,0.8000000000000003,0.6000000000000001
7.0,11.0,3.0,7.0,D,1.8,0.4,1.4,1.8,1692.5993813492305,1559.5620303065477,133.03735104268276,4.0,0.40000000000000013,-1.4
7.0,10.0,6.0,10.0,H,1.8,1.2,2.2,0.6,1688.3362685813418,1603.141495621308,85.19477296003379,0.0,-0.40000000000000013,0.6
3.0,4.0,0.0,2.0,H,0.8,2.2,1.6,2.2,1446.6171095345373,1534.5838827244831,-87.9667731899458,2.0,-0.8,0.0
9.0,13.0,9.0,9.0,A,2.2,1.0,0.8,1.0,1745.724859294062,1491.3983638117138,254.32649548234826,4.0,1.4000000000000001,0.0
1.0,3.0,9.0,12.0,A,1.0,1.4,2.0,1.0,1463.1356568954334,1732.4907006010562,-269.35504370562285,-9.0,-1.0,0.3999999999999999
9.0,9.0,4.0,7.0,H,1.8,1.8,0.8,1.2,1582.8443803322034,1548.7838344636043,34.06054586859909,2.0,1.0,0.6000000000000001
3.0,3.0,5.0,11.0,D,1.2,2.2,1.4,0.4,1686.5837067868588,1716.9194010708627,-30.33569428400392,-8.0,-0.19999999999999996,1.8000000000000003
3.0,6.0,0.0,1.0,D,1.4,1.8,0.2,1.4,1498.195829613316,1427.7753866369671,70.4204429763488,5.0,1.2,0.40000000000000013
3.0,4.0,4.0,7.0,H,1.0,1.6,1.0,1.4,1496.4293340001182,1550.3565227799058,-53.927188779787684,-3.0,0.0,0.20000000000000018
5.0,11.0,6.0,9.0,D,1.8,0.4,2.4,1.2,1687.6294602471035,1608.111416723435,79.51804352366844,2.0,-0.5999999999999999,-0.7999999999999999
9.0,12.0,1.0,1.0,H,2.2,1.2,0.0,1.8,1586.8668790964703,1439.2167053853998,147.65017371107047,11.0,2.2,-0.6000000000000001
1.0,2.0,1.0,4.0,H,0.8,1.6,0.6,1.6,1472.7228130311644,1539.1966783278733,-66.47386529670894,-2.0,0.20000000000000007,0.0
1.0,4.0,0.0,1.0,H,1.4,2.2,1.4,2.2,1690.3818067309012,1530.7857827804407,159.59602395046045,3.0,0.0,0.0
6.0,10.0,3.0,9.0,H,1.8,1.2,1.4,0.6,1752.178541886064,1710.4657184788607,41.71282340720336,1.0,0.40000000000000013,0.6
6.0,7.0,1.0,2.0,H,1.2,2.0,0.2,1.2,1453.3240109052078,1421.0684852662966,32.255525638911195,5.0,1.0,0.8
7.0,10.0,7.0,8.0,D,2.0,1.4,1.4,1.0,1681.6217990883433,1512.4559009443024,169.16589814404097,2.0,0.6000000000000001,0.3999999999999999
4.0,7.0,9.0,12.0,H,2.0,1.6,1.2,0.4,1580.1044579709371,1486.2390942879354,93.86536368300176,-5.0,0.8,1.2000000000000002
1.0,4.0,9.0,12.0,A,1.0,1.8,2.2,1.0,1491.8794936159952,1738.807036598377,-246.92754298238174,-8.0,-1.2000000000000002,0.8
0.0,0.0,1.0,4.0,H,1.2,2.6,1.0,1.8,1536.9879665827539,1485.677309813682,51.310656769071784,-4.0,0.19999999999999996,0.8
4.0,4.0,4.0,10.0,A,0.6,1.6,2.4,1.2,1538.3616195533043,1592.0993611975387,-53.73774164423435,-6.0,-1.7999999999999998,0.40000000000000013
9.0,15.0,6.0,7.0,H,2.8,0.8,1.4,1.2,1741.2529149204292,1493.9834556780659,247.26945924236338,8.0,1.4,-0.3999999999999999
1.0,1.0,4.0,4.0,D,0.6,2.0,0.8,1.4,1419.685897027384,1474.105401270077,-54.41950424269294,-3.0,-0.20000000000000007,0.6000000000000001
2.0,6.0,6.0,9.0,H,1.2,1.0,1.8,2.2,1712.7349244416496,1451.054804942419,261.6801194992306,-3.0,-0.6000000000000001,-1.2000000000000002
5.0,9.0,6.0,12.0,A,1.6,1.0,2.0,1.2,1506.2738066759557,1758.3606361544107,-252.086829478455,-3.0,-0.3999999999999999,-0.19999999999999996
0.0,4.0,5.0,11.0,A,0.6,1.0,2.2,1.2,1530.4117383300184,1690.4067390861983,-159.99500075617993,-7.0,-1.6,-0.19999999999999996
4.0,7.0,9.0,15.0,H,2.2,1.4,2.6,0.8,1614.7568005113292,1580.221495308576,34.53530520275308,-8.0,-0.3999999999999999,0.5999999999999999
1.0,1.0,5.0,9.0,A,0.0,1.4,1.4,0.6,1433.246209208422,1693.5999564240813,-260.35374721565927,-8.0,-1.4,0.7999999999999999
6.0,12.0,4.0,7.0,H,1.4,0.8,1.8,1.6,1499.1499033117454,1677.470997707091,-178.32109439534565,5.0,-0.40000000000000013,-0.8
9.0,15.0,2.0,8.0,H,2.8,0.8,1.6,1.4,1743.7917038275227,1503.7350177688622,240.0566860586605,7.0,1.1999999999999997,-0.5999999999999999
6.0,6.0,1.0,1.0,H,1.2,1.8,0.4,1.6,1500.9633531100574,1478.6974123816906,22.265940728366786,5.0,0.7999999999999999,0.19999999999999996
0.0,1.0,3.0,3.0,D,0.0,1.6,1.2,2.2,1433.3539014792802,1536.8802743118956,-103.52637283261538,-2.0,-1.2,-0.6000000000000001
6.0,12.0,6.0,12.0,D,1.8,0.8,2.4,1.4,1498.6056383079037,1580.7657603124178,-82.16012200451405,0.0,-0.5999999999999999,-0.5999999999999999
7.0,10.0,4.0,6.0,A,1.8,1.2,1.4,1.2,1582.692603034541,1722.1416826046473,-139.44907957010628,4.0,0.40000000000000013,0.0
4.0,10.0,4.0,5.0,H,2.6,1.2,0.4,0.8,1618.7599808185807,1470.1022209628254,148.65775985575533,5.0,2.2,0.3999999999999999
0.0,1.0,6.0,9.0,H,0.4,1.4,1.8,2.2,1535.6638817074074,1445.80266156503,89.86122014237753,-8.0,-1.4,-0.8000000000000003
5.0,9.0,6.0,12.0,H,1.6,0.6,2.0,1.2,1702.5891510728295,1749.3714415056625,-46.78229043283295,-3.0,-0.3999999999999999,-0.6
1.0,4.0,7.0,11.0,A,0.6,1.4,2.0,1.2,1529.8484935850968,1698.9198650544058,-169.07137146930904,-7.0,-1.4,0.19999999999999996
2.0,2.0,4.0,4.0,A,0.6,1.8,1.4,2.2,1413.9388749949044,1683.2180197395708,-269.2791447446664,-2.0,-0.7999999999999999,-0.40000000000000013
1.0,5.0,1.0,2.0,H,1.0,1.8,0.8,1.8,1508.757769153071,1408.9161236106956,99.84164554237532,3.0,0.19999999999999996,0.0
3.0,6.0,6.0,9.0,H,1.6,2.6,0.8,1.0,1454.5192003767531,1492.2468142983341,-37.727613921580996,-3.0,0.8,1.6
0.0,1.0,3.0,3.0,H,0.2,1.4,1.0,1.6,1487.4651031562603,1526.8961909328377,-39.43108777657744,-2.0,-0.8,-0.20000000000000018
4.0,4.0,7.0,10.0,D,1.2,2.0,2.6,1.4,1536.3592027076113,1619.281052422865,-82.92184971525376,-6.0,-1.4000000000000001,0.6000000000000001
4.0,5.0,7.0,11.0,A,0.4,1.0,1.8,0.4,1463.740823334783,1708.9505487008719,-245.20972536608883,-6.0,-1.4,0.6
7.0,11.0,4.0,10.0,A,1.8,1.0,1.8,1.2,1681.9348218262674,1515.5906815360422,166.34414029022514,1.0,0.0,-0.19999999999999996
6.0,9.0,6.0,7.0,H,1.6,1.4,1.0,1.2,1752.9163377535197,1579.1477067866838,173.76863096683587,2.0,0.6000000000000001,0.19999999999999996
1.0,2.0,1.0,2.0,H,0.6,2.0,0.4,1.6,1416.7749216490565,1425.4951034409194,-8.720181791862842,0.0,0.19999999999999996,0.3999999999999999
6.0,7.0,4.0,10.0,H,1.6,1.8,2.2,1.6,1687.9717367786775,1576.012043273311,111.95969350536643,-3.0,-0.6000000000000001,0.19999999999999996
7.0,10.0,9.0,15.0,A,2.0,1.4,3.0,0.4,1509.12178042439,1750.260604939175,-241.13882451478503,-5.0,-1.0,0.9999999999999999
6.0,8.0,9.0,11.0,D,2.0,1.2,1.6,0.2,1718.994351680581,1712.097879624938,6.896472055643017,-3.0,0.3999999999999999,1.0
4.0,7.0,1.0,4.0,A,1.6,1.4,0.4,1.4,1495.1656261383357,1477.6969776208373,17.468648517498423,3.0,1.2000000000000002,0.0
3.0,7.0,3.0,9.0,D,1.2,1.6,2.0,1.8,1573.454394263897,1460.21251289954,113.24188136435714,-2.0,-0.8,-0.19999999999999996
3.0,3.0,5.0,5.0,D,0.8,1.6,0.8,1.4,1524.3477516340745,1538.9076420063745,-14.55989037230006,-2.0,0.0,0.20000000000000018
1.0,1.0,3.0,5.0,A,0.4,1.8,1.4,1.8,1415.013736551626,1519.2391360423644,-104.22539949073848,-4.0,-0.9999999999999999,0.0
0.0,4.0,1.0,7.0,A,0.6,1.0,1.6,1.4,1518.3112398326841,1587.5492970257237,-69.2380571930396,-3.0,-1.0,-0.3999999999999999
7.0,8.0,6.0,9.0,A,1.8,1.4,2.0,1.6,1610.2461406369787,1761.951249539406,-151.70510890242736,-1.0,-0.19999999999999996,-0.20000000000000018
7.0,11.0,3.0,4.0,D,1.6,0.2,0.6,1.0,1704.7716394267275,1494.7913433544709,209.98029607225658,7.0,1.0,-0.8
3.0,4.0,7.0,8.0,D,0.8,2.0,1.8,1.0,1422.0163459840228,1713.7529273456148,-291.736581361592,-4.0,-1.0,1.0
9.0,15.0,6.0,10.0,H,2.8,0.2,1.6,1.2,1755.9020332201071,1682.3303084977454,73.57172472236175,5.0,1.1999999999999997,-1.0
3.0,9.0,6.0,10.0,A,0.8,1.2,1.8,1.2,1484.7723907589493,1689.4092453656522,-204.63685460670285,-1.0,-1.0,0.0
3.0,6.0,9.0,15.0,H,0.6,1.0,2.8,0.2,1552.1532535273352,1742.6564216991464,-190.50316817181124,-9.0,-2.1999999999999997,0.8
4.0,4.0,4.0,8.0,H,0.8,1.2,1.6,1.4,1505.2358750191454,1599.8016089723042,-94.56573395315877,-4.0,-0.8,-0.19999999999999996
5.0,8.0,3.0,7.0,H,1.8,1.0,1.4,1.2,1716.5083285380701,1492.4102249458804,224.09810359218977,1.0,0.40000000000000013,-0.19999999999999996
4.0,7.0,3.0,6.0,H,1.4,1.4,0.6,1.4,1592.2962451163096,1480.0254426683634,112.27080244794615,1.0,0.7999999999999999,0.0
3.0,7.0,0.0,1.0,D,0.8,1.0,0.0,1.0,1476.004172145833,1520.0040453076883,-43.99987316185525,6.0,0.8,0.0
6.0,7.0,4.0,4.0,D,1.6,1.8,0.8,1.2,1516.5738859349149,1527.013001741524,-10.439115806609152,3.0,0.8,0.6000000000000001
4.0,7.0,1.0,1.0,A,1.6,1.6,0.4,1.8,1446.2607824325937,1428.965467018572,17.295315414021616,6.0,1.2000000000000002,-0.19999999999999996
6.0,9.0,5.0,11.0,H,1.2,1.2,1.6,0.2,1690.1343466557892,1696.9676012686837,-6.833254612894507,-2.0,-0.40000000000000013,1.0
6.0,10.0,1.0,7.0,D,1.4,1.0,1.2,1.6,1683.8870570100141,1578.976582619535,104.91047439047907,3.0,0.19999999999999996,-0.6000000000000001
6.0,12.0,4.0,5.0,H,2.4,1.2,0.8,1.6,1763.4235116620134,1420.5440838614154,342.879427800598,7.0,1.5999999999999999,-0.40000000000000013
2.0,5.0,6.0,9.0,A,0.6,1.4,1.0,1.2,1569.2976185246744,1699.8133107506499,-130.5156922259755,-4.0,-0.4,0.19999999999999996
1.0,1.0,9.0,12.0,A,0.4,1.4,2.6,1.0,1513.9124733176236,1769.5150836520781,-255.60261033445454,-11.0,-2.2,0.3999999999999999
1.0,7.0,0.0,3.0,H,1.4,1.4,0.2,2.0,1604.2034387159124,1475.6236129247552,128.5798257911572,4.0,1.2,-0.6000000000000001
7.0,7.0,4.0,5.0,H,1.6,1.8,1.0,1.4,1522.7351727281439,1469.842885352604,52.89228737553981,2.0,0.6000000000000001,0.40000000000000013
5.0,11.0,6.0,7.0,H,2.6,0.6,1.6,1.4,1720.823122165087,1587.9814514892928,132.84167067579415,4.0,1.0,-0.7999999999999999
4.0,4.0,2.0,2.0,A,0.8,2.2,0.4,1.8,1411.9381850495952,1577.9035173364946,-165.9653322868994,2.0,0.4,0.40000000000000013
2.0,5.0,6.0,12.0,A,1.2,1.4,1.4,0.6,1519.0782263395597,1707.7480861526142,-188.66985981305447,-7.0,-0.19999999999999996,0.7999999999999999
3.0,4.0,7.0,7.0,A,0.8,1.4,0.8,0.6,1418.2835344859361,1515.9178075517814,-97.63427306584526,-3.0,0.0,0.7999999999999999
6.0,12.0,2.0,8.0,H,2.2,0.2,1.0,0.6,1748.6927958670083,1690.9312271008218,57.76156876618643,4.0,1.2000000000000002,-0.39999999999999997
5.0,9.0,4.0,10.0,A,0.8,0.4,1.0,0.6,1543.064094327251,1692.9762162100983,-149.91212188284726,-1.0,-0.19999999999999996,-0.19999999999999996
0.0,4.0,4.0,4.0,H,0.8,2.2,0.8,1.6,1498.4354300594941,1440.23557731898,58.19985274051419,0.0,0.0,0.6000000000000001
9.0,12.0,0.0,3.0,H,2.2,0.8,0.2,1.4,1771.3922291138404,1473.746467462993,297.64576165084736,9.0,2.0,-0.5999999999999999
7.0,11.0,1.0,1.0,H,2.4,0.6,0.4,1.2,1723.7421369496649,1510.9934585330457,212.7486784166192,10.0,2.0,-0.6
9.0,12.0,3.0,4.0,H,1.8,0.6,0.8,1.2,1709.6690288190966,1416.3625918194537,293.306436999643,8.0,1.0,-0.6
4.0,5.0,1.0,5.0,D,0.8,1.4,0.8,1.0,1578.2783093282808,1690.5564351090356,-112.27812578075486,0.0,0.0,0.3999999999999999
6.0,7.0,6.0,12.0,A,1.4,1.0,1.8,0.4,1579.7112935502284,1756.9629538060726,-177.25166025584417,-5.0,-0.40000000000000013,0.6
7.0,10.0,1.0,4.0,H,1.4,0.4,0.8,2.2,1694.9830546104224,1409.931346649271,285.05170796115135,6.0,0.5999999999999999,-1.8000000000000003
9.0,12.0,3.0,7.0,H,2.0,0.6,0.8,1.0,1714.3601728057472,1599.5122947292618,114.84787807648536,5.0,1.2,-0.4
4.0,4.0,4.0,6.0,A,1.2,1.8,0.6,1.2,1459.07365243252,1553.833327247335,-94.75967481481507,-2.0,0.6,0.6000000000000001
9.0,15.0,3.0,3.0,H,3.0,1.0,0.4,1.2,1772.750283444203,1415.004537489091,357.74574595511194,12.0,2.6,-0.19999999999999996
1.0,4.0,6.0,12.0,A,0.6,1.8,2.2,0.6,1435.7732012772585,1761.425329847794,-325.6521285705355,-8.0,-1.6,1.2000000000000002
3.0,6.0,7.0,10.0,D,1.2,1.8,1.8,1.4,1575.4774071413244,1526.969059137048,48.50834800427651,-4.0,-0.6000000000000001,0.40000000000000013
1.0,3.0,3.0,6.0,H,0.4,1.0,1.2,1.8,1693.694152660091,1495.2977125084387,198.3964401516523,-3.0,-0.7999999999999999,-0.8
4.0,6.0,2.0,5.0,A,0.4,0.6,1.2,1.8,1563.9920292926006,1533.36450637524,30.627522917360693,1.0,-0.7999999999999999,-1.2000000000000002
7.0,10.0,1.0,1.0,H,1.2,0.4,0.6,1.6,1522.9864208830095,1503.9248452018176,19.061575681191925,9.0,0.6,-1.2000000000000002
0.0,0.0,9.0,11.0,A,0.6,2.2,2.4,0.8,1467.8140635132356,1729.6745408994223,-261.86047738618663,-11.0,-1.7999999999999998,1.4000000000000001
9.0,15.0,1.0,7.0,H,2.6,0.4,1.4,1.8,1718.3960515057258,1571.4415284413458,146.95452306438006,8.0,1.2000000000000002,-1.4
0.0,0.0,7.0,10.0,D,0.6,2.8,1.8,0.4,1471.3191346536353,1691.4779834700228,-220.1588488163875,-10.0,-1.2000000000000002,2.4
0.0,1.0,5.0,11.0,H,0.8,1.8,2.0,0.8,1511.7454052324686,1519.148499106397,-7.403093873928356,-10.0,-1.2,1.0
4.0,5.0,9.0,13.0,D,0.4,0.8,1.6,0.4,1560.142623936686,1526.835826238924,33.30679769776202,-8.0,-1.2000000000000002,0.4
9.0,15.0,1.0,4.0,A,3.2,0.8,1.2,1.6,1754.442458088912,1477.381477787811,277.0609803011009,11.0,2.0,-0.8
3.0,4.0,4.0,5.0,H,0.4,1.4,0.8,1.6,1605.064191339258,1527.8126097652437,77.25158157401438,-1.0,-0.4,-0.20000000000000018
4.0,5.0,6.0,8.0,H,0.8,1.0,0.6,1.0,1697.7119244427126,1549.8155554647135,147.89636897799915,-3.0,0.20000000000000007,0.0
9.0,10.0,9.0,12.0,A,1.8,0.8,3.4,0.8,1470.1810961549647,1766.527615532744,-296.34651937777926,-2.0,-1.5999999999999999,0.0
3.0,5.0,9.0,15.0,H,0.8,1.4,3.0,1.0,1540.3622992264359,1705.8463620445336,-165.48406281809775,-10.0,-2.2,0.3999999999999999
4.0,8.0,1.0,1.0,A,1.2,1.0,1.2,3.2,1505.1330697278077,1485.3345640322245,19.798505695583117,7.0,0.0,-2.2
3.0,7.0,3.0,4.0,A,1.8,1.6,1.0,1.6,1465.5144776619893,1523.6124053582903,-58.097927696300985,3.0,0.8,0.0
7.0,11.0,3.0,3.0,H,2.2,0.6,0.8,2.4,1694.5543791055607,1492.2213168729008,202.3330622326598,8.0,1.4000000000000001,-1.7999999999999998
2.0,5.0,3.0,7.0,H,0.4,0.8,0.6,1.8,1567.069753240842,1542.8884261605576,24.18132708028429,-2.0,-0.19999999999999996,-1.0
7.0,11.0,7.0,7.0,A,1.2,0.4,1.4,0.8,1518.8479696067172,1705.6997810749194,-186.8518114682022,4.0,-0.19999999999999996,-0.4
9.0,12.0,6.0,12.0,A,3.4,0.8,3.0,1.4,1753.4089925994645,1767.5610810221915,-14.152088422727047,0.0,0.3999999999999999,-0.5999999999999999
9.0,15.0,6.0,6.0,D,3.4,0.4,0.6,1.4,1723.981581589981,1610.7571506486993,113.22443094128175,9.0,2.8,-0.9999999999999999
0.0,3.0,4.0,10.0,A,0.8,2.2,1.0,1.0,1480.1403077661942,1530.928978713424,-50.788670947229775,-7.0,-0.19999999999999996,1.2000000000000002
3.0,9.0,3.0,6.0,H,1.2,0.8,1.0,2.4,1479.3971618115588,1533.6723605039635,-54.27519869240473,3.0,0.19999999999999996,-1.5999999999999999
1.0,5.0,7.0,13.0,A,1.0,1.4,2.6,0.6,1498.426342567746,1730.6883087500428,-232.26196618229687,-8.0,-1.6,0.7999999999999999
9.0,10.0,4.0,4.0,H,2.2,0.4,1.6,2.6,1709.8220989041536,1567.3192106121116,142.50288829204192,6.0,0.6000000000000001,-2.2
6.0,12.0,4.0,7.0,H,2.8,1.6,0.8,1.0,1771.2748213176628,1607.043410353228,164.23141096443487,5.0,1.9999999999999998,0.6000000000000001
7.0,11.0,6.0,12.0,H,2.2,0.6,2.6,1.2,1702.055228637998,1698.3455125120963,3.7097161259016502,-1.0,-0.3999999999999999,-0.6
6.0,12.0,3.0,4.0,D,3.6,1.0,1.4,1.8,1745.3456863767062,1473.5777838847475,271.7679024919587,8.0,2.2,-0.8
6.0,6.0,6.0,7.0,D,0.8,1.2,1.0,1.4,1521.2611029422378,1542.7136016424884,-21.452498700250544,-1.0,-0.19999999999999996,-0.19999999999999996
3.0,9.0,0.0,4.0,H,1.8,1.8,0.8,1.4,1701.3662967248567,1495.4055583549855,205.96073836987125,5.0,1.0,0.40000000000000013
4.0,7.0,4.0,10.0,A,0.8,1.2,3.4,1.0,1598.1413939691054,1754.2477027608288,-156.10630879172345,-3.0,-2.5999999999999996,0.19999999999999996
3.0,4.0,6.0,12.0,A,1.4,2.6,3.0,1.6,1560.2250899222452,1778.3689420075293,-218.14385208528415,-8.0,-1.6,1.0
7.0,13.0,7.0,13.0,H,2.6,0.6,3.0,0.6,1737.146329576839,1695.5972078112018,41.54912176563721,0.0,-0.3999999999999999,0.0
5.0,6.0,5.0,5.0,A,0.6,0.6,1.6,2.4,1552.2690479770356,1500.1352692960309,52.13377868100474,1.0,-1.0,-1.7999999999999998
4.0,7.0,9.0,13.0,D,0.8,1.2,2.4,0.0,1544.6214717479186,1707.9142287987233,-163.29275705080477,-6.0,-1.5999999999999999,1.2
4.0,10.0,3.0,9.0,A,1.2,1.0,1.6,0.8,1516.8245506019578,1493.501589923025,23.32296067893276,1.0,-0.40000000000000013,0.19999999999999996
4.0,4.0,0.0,3.0,H,1.2,1.6,0.8,1.6,1480.9514511851219,1472.7666404658198,8.18481071930205,1.0,0.3999999999999999,0.0
0.0,0.0,4.0,5.0,A,0.0,1.8,0.6,1.0,1462.177355863604,1562.8583325792515,-100.6809767156476,-5.0,-0.6,0.8
6.0,10.0,4.0,7.0,D,2.2,1.6,1.2,1.2,1688.4069584856172,1488.1417005107064,200.2652579749108,3.0,1.0000000000000002,0.40000000000000013
6.0,9.0,5.0,8.0,H,1.8,0.8,1.0,0.8,1502.103916359595,1536.0191453113487,-33.91522895175376,1.0,0.8,0.0
4.0,10.0,3.0,7.0,D,2.8,0.8,0.8,1.2,1746.7554707206557,1524.3167826421309,222.43868807852482,3.0,1.9999999999999998,-0.3999999999999999
7.0,8.0,7.0,13.0,A,1.4,1.6,3.0,0.4,1493.8863078125883,1743.3952910602816,-249.50898324769332,-5.0,-1.6,1.2000000000000002
4.0,7.0,3.0,6.0,D,1.0,1.2,1.2,2.2,1518.79217993086,1536.1412835153415,-17.349103584481554,1.0,-0.19999999999999996,-1.0000000000000002
9.0,12.0,3.0,9.0,D,2.6,1.2,2.0,1.8,1773.673740868045,1706.0614978643412,67.61224300370372,3.0,0.6000000000000001,-0.6000000000000001
7.0,13.0,1.0,4.0,H,2.8,0.4,0.6,1.8,1712.5169272947505,1593.5386954730782,118.97823182167235,9.0,2.1999999999999997,-1.4
2.0,5.0,7.0,10.0,A,1.0,1.2,1.6,1.0,1529.7860890330107,1779.9067971463828,-250.12070811337207,-5.0,-0.6000000000000001,0.19999999999999996
4.0,4.0,5.0,8.0,A,0.8,2.0,1.4,0.6,1529.2216359255092,1753.675118310488,-224.45348238497877,-4.0,-0.5999999999999999,1.4
4.0,8.0,7.0,13.0,A,0.8,0.8,3.2,0.4,1554.2779678779525,1721.0972919960495,-166.81932411809703,-5.0,-2.4000000000000004,0.4
4.0,5.0,4.0,8.0,A,0.4,1.0,1.4,1.8,1510.7296436892343,1507.4734467654848,3.256196923749485,-3.0,-0.9999999999999999,-0.8
1.0,4.0,4.0,8.0,A,1.4,1.8,1.8,1.8,1551.0344550162338,1697.5975933916286,-146.56313837539483,-4.0,-0.40000000000000013,0.0
0.0,4.0,3.0,3.0,H,0.4,2.0,0.6,1.8,1598.3830979769311,1490.5611558511325,107.82194212579861,1.0,-0.19999999999999996,0.19999999999999996
5.0,8.0,2.0,8.0,D,1.2,1.0,1.0,0.6,1485.6578381063794,1502.483862404327,-16.826024297947697,0.0,0.19999999999999996,0.4
9.0,13.0,0.0,0.0,H,3.2,0.4,0.0,1.6,1745.4002604716297,1460.1723864522558,285.227874019374,13.0,3.2,-1.2000000000000002
4.0,4.0,9.0,9.0,H,0.8,1.4,1.2,0.8,1507.2545977560858,1494.8493186035091,12.405279152576668,-5.0,-0.3999999999999999,0.5999999999999999
4.0,7.0,2.0,8.0,H,1.4,1.6,0.8,0.8,1709.2738090840583,1515.5798687111428,193.69394037291545,-1.0,0.5999999999999999,0.8
4.0,4.0,1.0,4.0,H,1.2,1.8,0.6,1.4,1535.9375147131464,1504.0137649015971,31.923749811549214,0.0,0.6,0.40000000000000013
1.0,5.0,6.0,10.0,D,0.6,1.2,1.2,1.4,1512.5649912428587,1510.488324233769,2.0766670090897605,-5.0,-0.6,-0.19999999999999996
1.0,5.0,3.0,7.0,H,1.0,1.8,0.8,1.0,1537.646372880742,1546.4176840302212,-8.771311149479061,-2.0,0.19999999999999996,0.8
7.0,13.0,0.0,0.0,H,2.6,0.4,0.0,2.0,1723.3230540132297,1457.9466244350756,265.3764295781541,13.0,2.6,-1.6
7.0,13.0,9.0,13.0,A,2.0,0.4,3.8,0.4,1766.2178687751984,1759.089188842814,7.12867993238433,0.0,-1.7999999999999998,0.0
3.0,3.0,1.0,4.0,D,0.8,2.0,1.2,1.6,1489.42836893108,1552.1672419362862,-62.73887300520619,-1.0,-0.3999999999999999,0.3999999999999999
2.0,6.0,7.0,8.0,A,0.4,0.6,1.6,1.0,1496.5801364041822,1759.5788443106328,-262.9987079064506,-2.0,-1.2000000000000002,-0.4
7.0,7.0,6.0,7.0,H,1.0,1.0,1.0,1.0,1712.2637218209659,1504.2646850191782,207.99903680178772,0.0,0.0,0.0
3.0,4.0,5.0,6.0,A,0.6,2.2,0.6,0.6,1582.9258499524956,1501.115086130815,81.81076382168067,-2.0,0.0,1.6
6.0,9.0,4.0,10.0,D,1.2,0.6,1.8,1.6,1497.7233502914255,1694.7235617037122,-197.00021141228672,-1.0,-0.6000000000000001,-1.0
4.0,8.0,7.0,10.0,H,1.2,1.8,1.4,0.8,1523.3366465949955,1699.4153994597393,-176.07875286474382,-2.0,-0.19999999999999996,1.0
7.0,11.0,4.0,4.0,H,2.2,0.6,0.8,1.6,1761.7017064902002,1487.3055067515127,274.3961997386875,7.0,1.4000000000000001,-1.0
1.0,4.0,2.0,3.0,H,0.6,0.8,0.2,1.4,1511.0165021088321,1489.5773991969472,21.439102911884902,1.0,0.39999999999999997,-0.5999999999999999
0.0,0.0,4.0,10.0,H,0.0,2.6,1.6,0.4,1473.3132254077198,1750.8512678025543,-277.5380423948345,-10.0,-1.6,2.2
5.0,8.0,9.0,13.0,D,1.8,1.8,2.6,0.4,1692.6969401282506,1725.3496755886913,-32.65273546044068,-5.0,-0.8,1.4
5.0,9.0,4.0,7.0,D,0.8,0.4,1.0,1.2,1499.2608258632358,1537.7917749807254,-38.53094911748963,2.0,-0.19999999999999996,-0.7999999999999999
9.0,15.0,3.0,5.0,H,3.8,0.2,1.2,2.0,1761.8057696257674,1534.9297920977888,226.87597752797865,10.0,2.5999999999999996,-1.8
3.0,7.0,3.0,3.0,D,1.0,1.0,0.4,2.2,1503.651275079497,1583.5392598921767,-79.88798481267963,4.0,0.6,-1.2000000000000002
3.0,4.0,4.0,10.0,D,0.4,1.0,1.4,0.6,1542.3813938516255,1501.7596404700212,40.62175338160432,-6.0,-0.9999999999999999,0.4
2.0,2.0,2.0,3.0,D,0.8,1.6,0.8,1.6,1548.3522966176279,1516.379936561517,31.9723600561108,-1.0,0.0,0.0
4.0,8.0,4.0,7.0,A,1.2,0.8,1.2,1.2,1524.1119518545827,1517.3310982056398,6.780853648942866,1.0,0.0,-0.3999999999999999
3.0,7.0,7.0,10.0,H,1.4,0.8,1.6,2.0,1753.4868347644335,1520.7010796331163,232.78575513131727,-3.0,-0.20000000000000018,-1.2
1.0,2.0,7.0,11.0,H,0.2,1.8,2.2,0.4,1503.2977585168492,1711.6293162687894,-208.33155775194018,-9.0,-2.0,1.4
9.0,15.0,5.0,9.0,H,4.8,0.4,0.8,0.4,1764.013151619137,1497.0534438698662,266.9597077492708,6.0,4.0,0.0
2.0,8.0,3.0,3.0,H,1.2,1.0,0.4,2.4,1508.2223608103704,1466.8505050673705,41.37185574299997,5.0,0.7999999999999999,-1.4
1.0,4.0,2.0,3.0,H,0.8,1.4,0.8,1.6,1548.9058332162808,1509.8554971968617,39.05033601941909,1.0,0.0,-0.20000000000000018
3.0,4.0,1.0,4.0,A,1.4,3.2,0.6,1.4,1520.9193148193453,1501.315984029956,19.603330789389247,0.0,0.7999999999999999,1.8000000000000003
3.0,4.0,2.0,3.0,A,0.6,0.8,1.0,1.4,1499.2321876622652,1560.1366110641948,-60.904423401929535,1.0,-0.4,-0.5999999999999999
4.0,4.0,6.0,10.0,A,0.6,2.0,1.6,0.4,1573.995894139907,1708.958765212009,-134.96287107210196,-6.0,-1.0,1.6
9.0,13.0,5.0,6.0,H,2.2,0.4,1.0,1.8,1767.1878843284376,1687.2107622900132,79.97712203842434,7.0,1.2000000000000002,-1.4
4.0,10.0,9.0,13.0,H,2.0,0.4,2.4,0.6,1720.3571198954523,1758.4600807017746,-38.102960806322244,-3.0,-0.3999999999999999,-0.19999999999999996
2.0,6.0,3.0,5.0,H,1.2,1.6,0.6,1.6,1690.4755108085374,1500.033009998325,190.44250081021232,1.0,0.6,0.0
4.0,7.0,3.0,3.0,A,1.6,2.8,1.2,3.2,1507.9055690562072,1533.7148253962544,-25.809256340047114,4.0,0.40000000000000013,-0.40000000000000036
4.0,7.0,3.0,7.0,A,1.0,1.0,1.8,1.0,1495.4356949351074,1759.3671238592822,-263.9314289241747,0.0,-0.8,0.0
6.0,10.0,3.0,4.0,H,2.0,0.8,0.8,1.0,1711.8376007495485,1496.3533521247257,215.48424862482284,6.0,1.2,-0.19999999999999996
3.0,3.0,4.0,5.0,D,0.4,2.4,0.8,1.4,1465.626557918645,1525.3358990033082,-59.709341084663265,-2.0,-0.4,1.0
2.0,3.0,9.0,15.0,A,0.6,1.2,4.4,0.4,1504.0225753867733,1769.8460734292255,-265.82349804245223,-12.0,-3.8000000000000003,0.7999999999999999
5.0,6.0,1.0,4.0,H,1.2,1.2,1.0,2.4,1567.706865176027,1566.425640028075,1.281225147952,2.0,0.19999999999999996,-1.2
4.0,7.0,4.0,7.0,D,1.2,1.0,1.0,1.0,1515.3867345749877,1550.850196846933,-35.46346227194522,0.0,0.19999999999999996,0.0
4.0,6.0,5.0,8.0,H,0.6,1.0,1.2,1.0,1504.5509728045513,1500.7248318756854,3.826140928865925,-2.0,-0.6,0.0
3.0,4.0,1.0,2.0,H,0.4,2.0,1.0,1.8,1507.33786477832,1496.7177206067784,10.620144171541597,2.0,-0.6,0.19999999999999996
4.0,5.0,3.0,4.0,A,0.8,1.0,0.6,1.0,1487.7838509427986,1508.3766758679942,-20.5928249251956,1.0,0.20000000000000007,0.0
5.0,5.0,4.0,8.0,A,1.0,1.2,0.6,0.8,1536.871772627689,1518.5293970237951,18.34237560389397,-3.0,0.4,0.3999999999999999
3.0,6.0,7.0,8.0,D,1.2,2.8,1.4,1.0,1531.8374966518186,1569.5841939204627,-37.746697268644084,-2.0,-0.19999999999999996,1.7999999999999998
3.0,3.0,5.0,8.0,A,1.0,1.4,1.2,0.8,1484.0642353609617,1527.6758513387517,-43.61161597779005,-5.0,-0.19999999999999996,0.5999999999999999
2.0,5.0,4.0,8.0,A,1.2,1.8,1.6,1.4,1517.1891042495186,1698.622305562327,-181.43320131280848,-3.0,-0.40000000000000013,0.40000000000000013
6.0,9.0,4.0,10.0,H,2.0,1.0,1.4,0.4,1765.5667533599988,1714.1574903947358,51.409262965263,-1.0,0.6000000000000001,0.6
1.0,4.0,3.0,7.0,H,1.0,2.0,1.6,1.8,1572.155349840469,1502.1758592438132,69.97949059665575,-3.0,-0.6000000000000001,0.19999999999999996
9.0,15.0,6.0,12.0,H,3.8,0.8,2.4,1.0,1775.5878306345576,1706.0958435442165,69.49198709034113,3.0,1.4,-0.19999999999999996
6.0,12.0,4.0,4.0,H,2.4,0.8,0.8,2.6,1760.347610738192,1463.7390278822274,296.60858285596464,8.0,1.5999999999999999,-1.8
3.0,7.0,3.0,5.0,H,1.2,0.6,0.8,1.0,1716.8081230493947,1485.1332182881397,231.674904761255,2.0,0.3999999999999999,-0.4
6.0,8.0,4.0,5.0,H,1.8,1.2,1.0,1.2,1702.2507030631655,1533.2433751268507,169.00732793631482,3.0,0.8,0.0
7.0,9.0,9.0,15.0,A,1.4,0.8,3.4,1.0,1562.5439496892902,1782.62807486573,-220.08412517643978,-6.0,-2.0,-0.19999999999999996
0.0,2.0,9.0,9.0,A,1.0,1.6,1.4,1.0,1491.2279729381958,1771.0565010285814,-279.8285280903856,-7.0,-0.3999999999999999,0.6000000000000001
6.0,10.0,0.0,3.0,H,0.8,0.8,0.8,1.2,1524.8414975106868,1477.75213487407,47.0893626366169,7.0,0.0,-0.3999999999999999
6.0,7.0,6.0,6.0,H,0.6,0.6,0.6,2.0,1515.5478459147473,1500.1666947315668,15.381151183180464,1.0,0.0,-1.4
6.0,9.0,6.0,12.0,H,2.2,1.6,2.0,0.4,1714.7866610472784,1751.6567932351302,-36.87013218785182,-3.0,0.20000000000000018,1.2000000000000002
1.0,4.0,3.0,4.0,D,0.8,1.8,1.2,2.2,1463.9812217287981,1571.9131559938983,-107.93193426510015,0.0,-0.3999999999999999,-0.40000000000000013
0.0,4.0,1.0,5.0,H,1.6,2.2,1.0,2.0,1509.7773913511908,1509.587572142141,0.18981920904980143,-1.0,0.6000000000000001,0.20000000000000018
7.0,8.0,4.0,7.0,D,1.2,0.8,1.6,2.4,1524.9852998238248,1534.5280481667455,-9.542748342920731,1.0,-0.40000000000000013,-1.5999999999999999
1.0,2.0,4.0,8.0,D,0.8,2.4,1.4,1.2,1508.2417624199982,1563.889759411433,-55.647996991434866,-6.0,-0.5999999999999999,1.2
3.0,9.0,0.0,1.0,D,1.2,0.8,0.6,2.0,1743.8882102676703,1498.9965559056557,244.8916543620146,8.0,0.6,-1.2
0.0,4.0,3.0,6.0,A,0.8,1.6,1.6,1.8,1472.9976852198774,1521.912924419453,-48.91523919957558,-2.0,-0.8,-0.19999999999999996
0.0,3.0,6.0,9.0,D,0.8,1.4,1.4,0.6,1475.9806394583184,1517.319341330499,-41.338701872180536,-6.0,-0.5999999999999999,0.7999999999999999
9.0,10.0,9.0,12.0,D,2.2,1.0,2.2,0.8,1701.3552665583222,1771.9519375334246,-70.59667097510237,-2.0,0.0,0.19999999999999996
2.0,5.0,5.0,5.0,H,1.2,1.4,1.6,2.6,1473.135516158193,1525.3737537373506,-52.23823757915761,0.0,-0.40000000000000013,-1.2000000000000002
6.0,7.0,5.0,9.0,H,1.2,0.8,1.6,0.8,1719.9503841243818,1521.8430387488377,198.10734537554413,-2.0,-0.40000000000000013,0.0
9.0,10.0,6.0,9.0,A,1.0,0.8,2.2,1.6,1517.3740021096096,1722.2541564483556,-204.88015433874602,1.0,-1.2000000000000002,-0.8
3.0,6.0,9.0,15.0,A,0.6,2.0,3.6,1.0,1494.9834681933896,1787.8113014039072,-292.8278332105176,-9.0,-3.0,1.0
1.0,5.0,4.0,5.0,H,0.8,1.4,1.6,2.4,1541.4962587769855,1563.6602723437634,-22.16401356677784,0.0,-0.8,-1.0
4.0,8.0,4.0,5.0,D,1.4,0.8,1.2,1.4,1517.8064308134233,1477.1721240936074,40.63430671981587,3.0,0.19999999999999996,-0.5999999999999999
2.0,8.0,4.0,7.0,H,1.4,1.2,1.2,1.0,1576.1524535094034,1731.6255161697,-155.4730626602966,1.0,0.19999999999999996,0.19999999999999996
6.0,6.0,6.0,9.0,A,1.8,1.6,1.4,0.8,1514.6620886732776,1727.2012198705572,-212.53913119727963,-3.0,0.40000000000000013,0.8
1.0,1.0,0.0,3.0,D,0.6,2.0,0.4,1.8,1495.5210607259198,1476.4731803996133,19.04788032630654,-2.0,0.19999999999999996,0.19999999999999996
9.0,15.0,3.0,7.0,H,2.6,0.8,1.2,1.2,1790.2089380848752,1539.0986220960176,251.11031598885756,8.0,1.4000000000000001,-0.3999999999999999
2.0,5.0,7.0,10.0,A,1.4,1.6,2.4,1.2,1517.5264675805452,1709.2025527151277,-191.67608513458254,-5.0,-1.0,0.40000000000000013
4.0,4.0,1.0,2.0,H,1.6,3.0,0.8,2.4,1569.463250878978,1502.4387838847836,67.02446699419443,2.0,0.8,0.6000000000000001
7.0,10.0,6.0,9.0,A,1.4,0.4,0.8,0.8,1504.519491203584,1530.1738522365245,-25.654361032940415,1.0,0.5999999999999999,-0.4
6.0,12.0,3.0,6.0,H,2.2,1.2,0.8,2.0,1724.892938220727,1492.3446864210182,232.54825179970885,6.0,1.4000000000000001,-0.8
7.0,13.0,1.0,1.0,H,2.2,0.6,0.4,1.4,1773.8088171039783,1474.1237598877647,299.68505721621364,12.0,1.8000000000000003,-0.7999999999999999
9.0,12.0,9.0,12.0,A,2.2,0.8,2.0,0.8,1712.1529756124496,1739.9411824788347,-27.788206866385053,0.0,0.20000000000000018,0.0
2.0,6.0,7.0,13.0,A,0.8,0.8,2.8,0.4,1510.377977397286,1716.631006131265,-206.2530287339789,-7.0,-1.9999999999999998,0.4
7.0,13.0,1.0,1.0,H,1.6,0.2,0.6,2.2,1775.652509406218,1474.6294880973735,301.0230213088446,12.0,1.0,-2.0
4.0,7.0,0.0,3.0,H,2.0,2.0,0.4,2.8,1574.7654492362665,1487.0424880637297,87.72296117253677,4.0,1.6,-0.7999999999999998
4.0,8.0,6.0,12.0,H,1.4,1.2,1.2,0.4,1582.181799769107,1524.1445059768207,58.03729379228639,-4.0,0.19999999999999996,0.7999999999999999
1.0,5.0,1.0,1.0,H,1.2,1.8,0.2,1.2,1523.6184482480337,1468.0317792202761,55.58666902775758,4.0,1.0,0.6000000000000001
6.0,6.0,1.0,4.0,D,1.8,1.6,0.6,1.2,1517.906902843491,1728.3807019994865,-210.4737991559955,2.0,1.2000000000000002,0.40000000000000013
2.0,2.0,5.0,6.0,D,1.0,2.2,1.2,1.2,1492.2406133935135,1480.4525714260137,11.788041967499794,-4.0,-0.19999999999999996,1.0000000000000002
4.0,7.0,3.0,4.0,D,1.2,0.6,1.2,1.6,1502.6584699160858,1540.9596433835159,-38.30117346743009,3.0,0.0,-1.0
9.0,15.0,1.0,2.0,H,2.4,1.0,0.8,2.6,1792.1468844048054,1500.5008375648533,291.6460468399521,13.0,1.5999999999999999,-1.6
2.0,5.0,3.0,5.0,H,0.8,1.2,1.4,2.0,1731.3306830811114,1520.6684671664088,210.66221591470253,0.0,-0.5999999999999999,-0.8
1.0,1.0,7.0,13.0,H,0.6,2.6,2.0,0.4,1515.1544041496504,1760.998942821421,-245.84453867177058,-12.0,-1.4,2.2
1.0,1.0,3.0,3.0,H,0.2,1.2,0.6,1.6,1475.8842907304631,1484.3881018833265,-8.503811152863364,-2.0,-0.39999999999999997,-0.40000000000000013
1.0,1.0,7.0,8.0,A,0.8,2.6,1.2,1.2,1464.8468268702663,1591.9644609962143,-127.11763412594792,-7.0,-0.3999999999999999,1.4000000000000001
0.0,3.0,1.0,5.0,H,0.4,2.6,0.8,1.6,1494.8710349151272,1502.5494305458885,-7.678395630761315,-2.0,-0.4,1.0
5.0,6.0,2.0,8.0,D,0.8,0.8,1.4,0.6,1478.2501610238694,1504.86088031823,-26.610719294360706,-2.0,-0.5999999999999999,0.20000000000000007
3.0,9.0,4.0,7.0,H,1.0,0.6,2.0,1.6,1531.1786072555205,1510.8728015647912,20.305805690729358,2.0,-1.0,-1.0
7.0,13.0,6.0,10.0,D,3.2,0.6,2.4,1.6,1710.6118543861555,1580.784600981376,129.82725340477964,3.0,0.8000000000000003,-1.0
9.0,12.0,9.0,15.0,A,2.4,1.0,2.2,0.8,1728.574164107494,1803.513902776146,-74.93973866865213,-3.0,0.19999999999999973,0.19999999999999996
4.0,4.0,6.0,9.0,D,1.2,1.6,2.0,1.2,1542.980546191032,1710.1320728049334,-167.1515266139013,-5.0,-0.8,0.40000000000000013
6.0,9.0,3.0,4.0,H,1.0,0.6,1.2,2.6,1538.1009656562496,1513.7461087656798,24.354856890569863,5.0,-0.19999999999999996,-2.0
3.0,7.0,1.0,7.0,H,1.2,1.0,1.6,1.2,1486.334835222669,1502.7881273659918,-16.45329214332287,0.0,-0.40000000000000013,-0.19999999999999996
3.0,3.0,6.0,10.0,A,0.6,2.6,1.8,0.6,1489.318679302551,1766.5512984339973,-277.2326191314464,-7.0,-1.2000000000000002,2.0
7.0,11.0,2.0,3.0,D,2.6,0.6,0.6,1.6,1703.264471583295,1491.735484686187,211.5289868971081,8.0,2.0,-1.0
6.0,12.0,2.0,6.0,H,2.6,1.2,1.6,1.0,1731.2602079869225,1502.1748364388015,229.08537154812097,6.0,1.0,0.19999999999999996
1.0,1.0,7.0,8.0,A,1.2,3.0,2.0,1.4,1455.305231389381,1590.3261964622611,-135.02096507288002,-7.0,-0.8,1.6
2.0,5.0,9.0,10.0,A,1.4,1.6,1.4,1.2,1531.5226480312174,1603.422359156029,-71.89971112481157,-5.0,0.0,0.40000000000000013
3.0,4.0,9.0,15.0,A,0.4,1.0,2.0,0.8,1471.6356962355637,1807.7624972710455,-336.1268010354818,-11.0,-1.6,0.19999999999999996
4.0,5.0,1.0,2.0,H,1.6,1.4,0.6,2.0,1733.9496103913266,1499.9305032356733,234.01910715565327,3.0,1.0,-0.6000000000000001
3.0,4.0,4.0,10.0,D,0.6,1.8,2.0,0.8,1517.821961150576,1707.4645158040078,-189.64255465343172,-6.0,-1.4,1.0
3.0,3.0,4.0,5.0,A,0.8,2.4,0.6,1.4,1501.0532668396677,1530.5148030765881,-29.461536236920438,-2.0,0.20000000000000007,1.0
1.0,4.0,3.0,3.0,A,1.4,1.6,0.8,2.4,1489.633581235084,1502.4732254334588,-12.839644198374799,1.0,0.5999999999999999,-0.7999999999999998
9.0,15.0,7.0,8.0,H,2.4,0.8,2.0,1.0,1813.139173440672,1728.5729342217,84.56623921897199,7.0,0.3999999999999999,-0.19999999999999996
0.0,1.0,6.0,9.0,D,0.2,2.0,0.8,0.6,1498.169457531866,1539.8620113600568,-41.69255382819074,-8.0,-0.6000000000000001,1.4
6.0,10.0,2.0,5.0,H,1.6,0.8,1.6,1.8,1769.0894552853606,1528.984491179854,240.1049641055065,5.0,0.0,-1.0
2.0,8.0,0.0,1.0,H,1.6,0.8,1.0,2.4,1709.7920635847686,1452.9776836086203,256.8143799761483,7.0,0.6000000000000001,-1.5999999999999999
9.0,13.0,5.0,9.0,A,2.2,1.0,1.2,0.8,1587.877552171825,1501.8796422068729,85.99790996495221,4.0,1.0000000000000002,0.19999999999999996
2.0,3.0,5.0,9.0,A,0.8,1.2,2.0,0.6,1495.0050121101915,1710.434295911905,-215.4292838017136,-6.0,-1.2,0.6
2.0,4.0,6.0,12.0,A,0.6,0.8,2.0,1.0,1485.548523181068,1737.4471694920414,-251.8986463109734,-8.0,-1.4,-0.19999999999999996
7.0,10.0,3.0,4.0,H,1.8,1.0,0.4,1.4,1594.7495187503418,1467.212373947483,127.53714480285885,6.0,1.4,-0.3999999999999999
5.0,8.0,5.0,11.0,D,1.6,0.8,2.6,0.4,1707.0078067621494,1713.2185527345243,-6.21074597237498,-3.0,-1.0,0.4
7.0,7.0,0.0,1.0,A,1.0,1.2,1.0,2.0,1515.8076184564243,1467.6848682287841,48.122750227640154,6.0,0.0,-0.8
3.0,3.0,7.0,9.0,D,0.6,2.0,1.4,0.6,1465.353801713449,1503.7382144409069,-38.38441272745786,-6.0,-0.7999999999999999,1.4
0.0,3.0,1.0,3.0,H,0.6,2.6,0.6,1.0,1507.8460675368904,1478.7557224838454,29.090345053044985,0.0,0.0,1.6
1.0,2.0,6.0,6.0,D,0.8,1.8,1.4,2.2,1525.4960361474416,1505.9616804658713,19.534355681570332,-4.0,-0.5999999999999999,-0.40000000000000013
7.0,13.0,6.0,12.0,D,2.2,0.4,1.6,0.6,1596.8571282617447,1766.9818457739577,-170.124717512213,1.0,0.6000000000000001,-0.19999999999999996
6.0,12.0,6.0,12.0,D,2.0,1.4,2.2,1.2,1589.29467801703,1736.0300436468365,-146.73536562980644,0.0,-0.20000000000000018,0.19999999999999996
7.0,10.0,6.0,7.0,A,0.8,0.4,2.0,1.6,1532.3612402394433,1736.0737053423136,-203.71246510287028,3.0,-1.2,-1.2000000000000002
1.0,2.0,0.0,1.0,H,0.2,1.8,1.0,2.4,1505.1433470887323,1482.6596916782178,22.48365541051453,1.0,-0.8,-0.5999999999999999
9.0,15.0,1.0,2.0,H,2.8,0.8,0.8,2.0,1814.7920226243043,1493.3521629265592,321.4398596977451,13.0,1.9999999999999998,-1.2
1.0,2.0,7.0,11.0,D,0.4,1.2,1.4,0.4,1479.276251930491,1596.336598815099,-117.06034688460795,-9.0,-0.9999999999999999,0.7999999999999999
0.0,1.0,4.0,10.0,H,0.6,1.8,2.0,1.6,1492.8506387241653,1579.1037309710825,-86.25309224691728,-9.0,-1.4,0.19999999999999996
6.0,10.0,1.0,3.0,H,2.4,1.2,0.8,1.6,1738.940487901391,1522.6292535883642,216.31123431302672,7.0,1.5999999999999999,-0.40000000000000013
7.0,10.0,4.0,7.0,D,1.8,1.2,0.4,0.8,1728.9958894371744,1539.3953944491054,189.60049498806893,3.0,1.4,0.3999999999999999
4.0,7.0,3.0,6.0,D,1.6,1.4,1.2,2.2,1503.210436919866,1510.5973110828957,-7.386874163029688,1.0,0.40000000000000013,-0.8000000000000003
7.0,10.0,4.0,4.0,H,1.4,0.6,0.4,1.8,1769.1972262854592,1502.9279665772308,266.26925970822845,6.0,0.9999999999999999,-1.2000000000000002
0.0,2.0,4.0,7.0,D,0.6,2.4,1.4,1.0,1491.1565880224443,1518.0031933605392,-26.846605338094832,-5.0,-0.7999999999999999,1.4
5.0,9.0,1.0,4.0,H,2.6,1.0,0.8,2.0,1715.597428372349,1462.9749260756244,252.62250229672463,5.0,1.8,-1.0
3.0,3.0,9.0,15.0,A,1.2,2.0,3.2,0.6,1463.7993535556918,1818.6775372973966,-354.8781837417048,-12.0,-2.0,1.4
7.0,9.0,5.0,6.0,A,1.6,0.8,1.2,1.4,1496.626005510661,1714.1200156923953,-217.49401018173444,3.0,0.40000000000000013,-0.5999999999999999
1.0,2.0,5.0,9.0,H,1.0,2.8,1.0,0.4,1501.3056696717467,1586.1875171657966,-84.88184749404991,-7.0,0.0,2.4
7.0,10.0,4.0,4.0,H,1.2,0.4,1.0,2.2,1771.44960016888,1508.344937199475,263.1046629694049,6.0,0.19999999999999996,-1.8000000000000003
5.0,8.0,2.0,8.0,D,1.8,1.2,0.8,1.0,1501.3940723689375,1541.211759000034,-39.81768663109642,0.0,1.0,0.19999999999999996
7.0,9.0,1.0,7.0,H,2.6,0.8,2.0,2.0,1719.677792242928,1575.0233671005035,144.65442514242454,2.0,0.6000000000000001,-1.2
5.0,8.0,1.0,2.0,D,1.6,1.4,1.0,2.4,1721.9227198810695,1529.702423144469,192.2202967366004,6.0,0.6000000000000001,-1.0
3.0,3.0,4.0,4.0,D,1.0,1.6,0.2,1.2,1462.065043294444,1504.6622768384786,-42.59723354403468,-1.0,0.8,0.40000000000000013
3.0,3.0,1.0,4.0,A,0.8,1.8,0.6,2.6,1479.2774204640277,1476.548144335762,2.7292761282658375,-1.0,0.20000000000000007,-0.8
4.0,8.0,9.0,15.0,D,2.0,1.4,3.0,0.4,1502.268976823423,1813.0345659846346,-310.76558916121166,-7.0,-1.0,0.9999999999999999
1.0,2.0,7.0,9.0,D,0.4,1.2,1.6,1.2,1482.9735626384233,1710.422704984463,-227.4491423460397,-7.0,-1.2000000000000002,0.0
4.0,4.0,4.0,4.0,A,0.8,2.2,0.6,1.0,1494.3669812958335,1476.0429991980855,18.323982097748058,0.0,0.20000000000000007,1.2000000000000002
1.0,4.0,3.0,6.0,H,1.6,2.0,1.4,1.2,1580.404198986089,1496.0132404833519,84.39095850273725,-2.0,0.20000000000000018,0.8
4.0,5.0,4.0,4.0,D,0.2,0.8,1.0,2.6,1501.7721903039637,1504.1957562062616,-2.4235659022979235,1.0,-0.8,-1.8
2.0,6.0,7.0,11.0,A,0.6,1.0,2.8,0.8,1533.43256319833,1727.456988044632,-194.02442484630205,-5.0,-2.1999999999999997,0.19999999999999996
2.0,8.0,3.0,9.0,A,1.0,0.6,1.4,1.0,1577.2124472862613,1730.8977897606048,-153.68534247434354,-1.0,-0.3999999999999999,-0.4
7.0,13.0,3.0,3.0,H,2.6,0.2,1.0,2.0,1814.55607211456,1477.7559143341023,336.80015778045777,10.0,1.6,-1.8
2.0,2.0,2.0,8.0,A,0.8,2.2,1.6,1.0,1516.190677281927,1515.780722685965,0.40995459596206274,-6.0,-0.8,1.2000000000000002
4.0,4.0,6.0,12.0,A,0.8,2.8,3.2,1.4,1470.9091282184625,1744.5795040186904,-273.67037580022793,-8.0,-2.4000000000000004,1.4
4.0,8.0,2.0,3.0,H,1.8,1.2,0.6,1.2,1524.3012651923154,1476.675490806647,47.625774385668365,5.0,1.2000000000000002,0.0
5.0,9.0,7.0,13.0,D,1.6,1.2,2.2,0.2,1709.3056502017698,1772.5666549515731,-63.261004749803305,-4.0,-0.6000000000000001,1.0
9.0,12.0,4.0,8.0,D,2.6,1.2,2.0,1.4,1737.3118611387658,1531.56890807224,205.74295306652584,4.0,0.6000000000000001,-0.19999999999999996
7.0,11.0,3.0,4.0,D,2.0,0.4,1.4,1.8,1765.7037413208056,1587.2671126168566,178.43662870394905,7.0,0.6000000000000001,-1.4
4.0,8.0,2.0,3.0,H,1.6,1.0,0.6,1.4,1523.453960068424,1525.7593258158709,-2.3053657474467855,5.0,1.0,-0.3999999999999999
2.0,6.0,5.0,8.0,A,1.2,1.2,2.2,1.6,1484.179366852778,1543.4027817028139,-59.22341485003585,-2.0,-1.0000000000000002,-0.40000000000000013
4.0,7.0,3.0,4.0,D,0.8,0.8,0.8,2.4,1473.1061011823138,1473.8460262342342,-0.7399250519204088,3.0,0.0,-1.5999999999999999
7.0,10.0,1.0,5.0,H,2.4,1.4,0.8,1.0,1740.9685741176977,1573.5557343073294,167.41283981036827,5.0,1.5999999999999999,0.3999999999999999
3.0,3.0,1.0,2.0,D,1.0,2.2,0.8,1.8,1476.0022408770565,1517.9443507389728,-41.94210986191638,1.0,0.19999999999999996,0.40000000000000013
2.0,2.0,2.0,6.0,H,0.8,1.6,0.6,0.8,1484.5523919534055,1493.8952891572053,-9.342897203799794,-4.0,0.20000000000000007,0.8
9.0,13.0,7.0,13.0,H,3.2,1.0,2.4,0.4,1737.0858403961333,1804.9272197630587,-67.84137936692537,0.0,0.8000000000000003,0.6
5.0,5.0,5.0,9.0,H,1.4,2.8,2.0,1.6,1517.132023620982,1696.3693827870495,-179.23735916606756,-4.0,-0.6000000000000001,1.1999999999999997
5.0,9.0,1.0,4.0,H,1.6,1.0,0.8,2.2,1733.4168459541802,1491.8479251022582,241.56892085192203,5.0,0.8,-1.2000000000000002
0.0,4.0,1.0,3.0,H,0.8,2.2,0.6,1.8,1498.8445091896276,1477.1827827654085,21.66172642421907,1.0,0.20000000000000007,0.40000000000000013
2.0,6.0,7.0,8.0,H,2.0,2.0,1.2,1.0,1699.8107821573205,1520.012560698153,179.7982214591675,-2.0,0.8,1.0
2.0,5.0,5.0,9.0,A,0.6,1.2,1.8,0.4,1488.4731317047556,1771.1258987732554,-282.65276706849977,-4.0,-1.2000000000000002,0.7999999999999999
1.0,2.0,7.0,9.0,A,0.6,1.6,1.8,0.8,1518.762452681731,1740.41371908832,-221.651266406589,-7.0,-1.2000000000000002,0.8
0.0,2.0,4.0,5.0,D,0.2,1.6,1.0,1.2,1568.5956709498942,1489.5124553108408,79.08321563905338,-3.0,-0.8,0.40000000000000013
4.0,5.0,1.0,4.0,H,1.4,1.2,1.2,1.8,1591.8394474410359,1471.4299060528772,120.40954138815869,1.0,0.19999999999999996,-0.6000000000000001
4.0,10.0,5.0,8.0,H,2.2,1.0,1.0,0.8,1806.4644667924251,1471.5688541529473,334.8956126394778,2.0,1.2000000000000002,0.19999999999999996
7.0,8.0,7.0,8.0,D,2.4,1.8,1.8,2.2,1539.920408100142,1520.614397223654,19.306010876488017,0.0,0.5999999999999999,-0.40000000000000013
2.0,3.0,7.0,13.0,D,1.2,2.0,3.0,0.6,1521.3443476398052,1737.5685772168654,-216.2242295770602,-10.0,-1.8,1.4
4.0,5.0,9.0,13.0,H,0.8,2.0,3.2,1.6,1488.2267423065769,1722.7051243237906,-234.4783820172138,-8.0,-2.4000000000000004,0.3999999999999999
0.0,2.0,6.0,12.0,A,0.4,2.0,2.6,1.2,1471.1423689670844,1728.7455381221148,-257.6031691550304,-10.0,-2.2,0.8
4.0,7.0,4.0,8.0,H,0.8,1.8,2.2,1.6,1501.3323388506742,1686.7051856132232,-185.372846762549,-1.0,-1.4000000000000001,0.19999999999999996
5.0,9.0,6.0,7.0,D,2.2,1.4,1.2,1.6,1536.5999793357887,1523.3329894625062,13.266989873282455,2.0,1.0000000000000002,-0.20000000000000018
3.0,4.0,1.0,4.0,D,0.6,2.0,1.2,2.0,1495.3332388019783,1474.9411764405265,20.392062361451735,0.0,-0.6,0.0
5.0,11.0,9.0,11.0,H,2.6,0.8,1.6,0.4,1744.8429126813924,1733.139383623793,11.703529057599326,0.0,1.0,0.4
2.0,3.0,1.0,2.0,D,1.2,2.0,0.4,2.0,1517.6961528618363,1492.1213264827245,25.574826379111755,1.0,0.7999999999999999,0.0
6.0,10.0,4.0,6.0,H,2.0,1.2,1.0,0.8,1808.127663432654,1487.849258670612,320.2784047620419,4.0,1.0,0.3999999999999999
4.0,5.0,0.0,2.0,D,0.6,1.0,0.6,1.2,1470.0605600956826,1520.2707467389957,-50.210186643313136,3.0,0.0,-0.19999999999999996
1.0,2.0,7.0,7.0,H,0.4,1.8,1.4,0.8,1576.421702705452,1584.013415685478,-7.591712980026159,-5.0,-0.9999999999999999,1.0
5.0,11.0,5.0,9.0,A,2.6,0.4,2.0,1.6,1753.473026028739,1538.2672699681702,215.20575606056877,2.0,0.6000000000000001,-1.2000000000000002
3.0,5.0,4.0,4.0,H,1.8,1.8,0.8,2.0,1691.2974762873155,1571.8294120313597,119.46806425595582,1.0,1.0,-0.19999999999999996
7.0,11.0,4.0,4.0,H,2.0,1.0,0.4,1.8,1544.3706860380944,1489.2298227320541,55.14086330604027,7.0,1.6,-0.8
1.0,3.0,5.0,9.0,H,0.6,1.8,1.8,1.0,1500.5367591586082,1528.184546659905,-27.64778750129676,-6.0,-1.2000000000000002,0.8
1.0,2.0,6.0,10.0,D,0.4,1.0,2.4,1.2,1525.2058905630308,1803.1925196086188,-277.98662904558796,-8.0,-2.0,-0.19999999999999996
4.0,7.0,7.0,10.0,D,1.4,0.8,1.4,1.0,1579.1917874302699,1506.1539671058824,73.03782032438744,-3.0,0.0,-0.19999999999999996
6.0,10.0,0.0,1.0,H,1.2,0.4,0.2,2.4,1735.3529671795316,1468.9287854113459,266.4241817681857,9.0,1.0,-2.0
4.0,5.0,3.0,4.0,A,1.0,1.4,1.0,1.2,1475.8570905175072,1529.688321014941,-53.83123049743381,1.0,0.0,0.19999999999999996
4.0,8.0,2.0,6.0,D,1.0,1.2,0.8,1.0,1519.1869881490318,1474.206561409157,44.9804267398747,2.0,0.19999999999999996,0.19999999999999996
6.0,12.0,7.0,11.0,D,2.2,1.2,2.0,0.4,1726.3765008747177,1747.2119499287894,-20.83544905407166,1.0,0.20000000000000018,0.7999999999999999
2.0,2.0,4.0,8.0,H,0.8,1.8,2.2,1.0,1489.6706177811714,1738.7435846880942,-249.07296690692283,-6.0,-1.4000000000000001,0.8
2.0,6.0,4.0,5.0,H,1.6,1.4,1.4,1.6,1534.3963988008015,1483.4587656402748,50.93763316052673,1.0,0.20000000000000018,-0.20000000000000018
7.0,8.0,2.0,2.0,H,1.2,1.0,0.6,1.2,1513.8653560376536,1517.4945016312597,-3.629145593606154,6.0,0.6,-0.19999999999999996
5.0,9.0,6.0,7.0,H,2.0,0.8,2.6,1.8,1753.0031750672038,1685.5062511489011,67.49692391830263,2.0,-0.6000000000000001,-1.0
7.0,10.0,4.0,8.0,H,2.6,1.4,1.4,0.6,1805.8747181707747,1576.509588868114,229.36512930266076,2.0,1.2000000000000002,0.7999999999999999
4.0,4.0,2.0,8.0,H,0.8,2.6,1.2,1.4,1577.698438071065,1513.3179621093263,64.38047596173874,-4.0,-0.3999999999999999,1.2000000000000002
4.0,4.0,4.0,5.0,D,0.6,1.2,1.2,2.0,1486.731075783332,1503.0355061073303,-16.304430323998304,-1.0,-0.6,-0.8
0.0,0.0,7.0,11.0,H,0.2,2.8,2.0,1.0,1478.223121316917,1535.0763501325232,-56.853228815606144,-11.0,-1.8,1.7999999999999998
2.0,6.0,6.0,12.0,H,1.0,1.2,1.6,0.4,1488.5384590608514,1721.0210695278372,-232.48261046698576,-6.0,-0.6000000000000001,0.7999999999999999
5.0,6.0,4.0,10.0,A,1.6,1.6,2.2,1.4,1522.4015468260443,1733.6632750636145,-211.2617282375702,-4.0,-0.6000000000000001,0.20000000000000018
3.0,5.0,1.0,4.0,H,1.4,1.8,1.2,1.8,1740.9471086554497,1473.6535665501517,267.293542105298,1.0,0.19999999999999996,0.0
0.0,4.0,3.0,3.0,A,1.0,2.0,1.0,2.4,1460.9739091410106,1490.9027787260582,-29.92886958504755,1.0,0.0,-0.3999999999999999
4.0,5.0,6.0,7.0,H,1.2,1.4,1.4,2.4,1493.2929852750951,1567.8642184362448,-74.57123316114962,-2.0,-0.19999999999999996,-1.0
7.0,10.0,4.0,8.0,H,2.2,1.2,1.8,1.2,1736.693701454022,1531.365972410394,205.32772904362787,2.0,0.40000000000000013,0.0
2.0,2.0,4.0,6.0,D,0.4,1.0,1.4,1.6,1514.8238628197348,1525.0721856375692,-10.248322817834378,-4.0,-0.9999999999999999,-0.6000000000000001
5.0,5.0,7.0,11.0,H,1.0,1.8,1.4,0.6,1510.523889297632,1506.376972847352,4.1469164502800595,-6.0,-0.3999999999999999,1.2000000000000002
6.0,10.0,5.0,6.0,D,1.8,1.4,1.0,1.2,1531.0921453819428,1492.5226638114318,38.569481570511016,4.0,0.8,0.19999999999999996
1.0,5.0,2.0,5.0,D,1.0,1.6,0.8,1.2,1571.5327219812275,1491.7079426702185,79.82477931100902,0.0,0.19999999999999996,0.40000000000000013
2.0,5.0,7.0,11.0,A,1.0,1.8,2.0,0.6,1507.134947565512,1759.186189611018,-252.05124204550611,-6.0,-1.0,1.2000000000000002
3.0,9.0,3.0,7.0,H,1.2,0.6,1.6,1.4,1728.7563134493207,1733.2118647339662,-4.45555128464548,2.0,-0.40000000000000013,-0.7999999999999999
3.0,6.0,7.0,10.0,A,2.2,1.6,3.0,1.4,1676.0918320463675,1815.2891372733084,-139.1973052269409,-4.0,-0.7999999999999998,0.20000000000000018
7.0,11.0,6.0,6.0,H,1.4,0.6,1.2,1.8,1761.3295324013684,1488.7594359357079,272.5700964656605,5.0,0.19999999999999996,-1.2000000000000002
6.0,7.0,0.0,1.0,H,1.0,1.0,0.8,2.4,1499.658575238941,1454.6083191771647,45.05025606177628,6.0,0.19999999999999996,-1.4
4.0,10.0,3.0,5.0,H,1.4,1.2,1.2,1.8,1514.250914063115,1523.492031194631,-9.24111713151592,5.0,0.19999999999999996,-0.6000000000000001
2.0,5.0,4.0,8.0,D,1.2,1.8,1.8,1.6,1567.6971783865577,1534.9276889766127,32.76948940994498,-3.0,-0.6000000000000001,0.19999999999999996
7.0,10.0,5.0,6.0,H,2.2,0.8,1.2,1.4,1739.117504448522,1490.0988608169318,249.01864363159007,4.0,1.0000000000000002,-0.5999999999999999
2.0,3.0,3.0,7.0,H,0.6,1.0,1.4,1.8,1523.4804264795816,1559.207654776398,-35.72722829681629,-4.0,-0.7999999999999999,-0.8
4.0,6.0,2.0,6.0,D,1.2,1.4,1.0,0.8,1521.411695428741,1495.3684328790466,26.04326254969442,0.0,0.19999999999999996,0.5999999999999999
7.0,8.0,3.0,6.0,H,1.8,1.6,2.0,1.8,1522.3889967727744,1664.226724571225,-141.83772779845071,2.0,-0.19999999999999996,-0.19999999999999996
7.0,13.0,3.0,6.0,H,3.0,0.6,1.8,1.8,1820.480858815374,1728.0201431919006,92.46071562347333,7.0,1.2,-1.2000000000000002
1.0,2.0,6.0,9.0,A,0.8,2.0,1.0,0.8,1500.499185714121,1735.3920753007117,-234.89288958659063,-7.0,-0.19999999999999996,1.2
3.0,4.0,4.0,6.0,A,1.2,2.4,1.0,1.0,1510.6904234016533,1536.2820342725593,-25.591610870905924,-2.0,0.19999999999999996,1.4
0.0,0.0,2.0,3.0,A,0.6,2.4,1.0,2.0,1444.9848687075607,1577.3206288561616,-132.3357601486009,-3.0,-0.4,0.3999999999999999
4.0,6.0,2.0,6.0,H,1.0,1.2,1.0,1.2,1498.147245132758,1513.363311112915,-15.216065980157055,0.0,0.0,0.0
6.0,6.0,6.0,10.0,D,1.2,1.8,2.0,1.4,1486.6471901617097,1516.3631598371132,-29.715969675403585,-4.0,-0.8,0.40000000000000013
3.0,6.0,7.0,11.0,H,1.4,2.0,2.2,1.0,1565.4613758486464,1516.1352757005259,49.32610014812053,-5.0,-0.8000000000000003,1.0
3.0,3.0,0.0,2.0,H,1.0,2.0,1.0,1.8,1730.6556266918885,1497.8637022141331,232.7919244777554,1.0,0.0,0.19999999999999996
6.0,9.0,9.0,13.0,H,1.4,1.2,2.6,0.6,1742.6898813017187,1731.8196984475148,10.870182854203904,-4.0,-1.2000000000000002,0.6
0.0,3.0,6.0,10.0,H,1.4,2.0,1.2,0.6,1667.8071966624884,1496.0781031476777,171.72909351481076,-7.0,0.19999999999999996,1.4
2.0,8.0,9.0,13.0,A,1.8,1.6,1.6,0.4,1528.4133775414657,1767.8438438365154,-239.43046629504965,-5.0,0.19999999999999996,1.2000000000000002
3.0,4.0,9.0,13.0,A,0.6,0.8,2.6,0.4,1491.0711515604273,1824.7781401339932,-333.7069885735659,-9.0,-2.0,0.4
2.0,3.0,3.0,6.0,A,0.6,1.2,1.4,1.8,1480.3353750432404,1576.1971523658333,-95.86177732259284,-3.0,-0.7999999999999999,-0.6000000000000001
6.0,10.0,6.0,9.0,H,2.2,1.0,1.2,1.2,1734.348774477756,1493.5490271174365,240.79974736031954,1.0,1.0000000000000002,-0.19999999999999996
2.0,5.0,0.0,0.0,H,1.4,2.4,0.8,2.6,1533.5752549207648,1439.8229913282617,93.75226359250314,5.0,0.5999999999999999,-0.20000000000000018
4.0,7.0,0.0,1.0,A,1.2,1.2,1.0,2.0,1474.1460032499203,1510.3648891259224,-36.218885876002105,6.0,0.19999999999999996,-0.8
6.0,10.0,5.0,6.0,A,2.0,1.2,1.6,1.8,1505.0227250239989,1588.4331795326887,-83.41045450868978,4.0,0.3999999999999999,-0.6000000000000001
3.0,3.0,6.0,12.0,A,1.2,1.8,2.8,0.6,1503.789291321509,1740.9243722821695,-237.13508096066062,-9.0,-1.5999999999999999,1.2000000000000002
6.0,9.0,9.0,13.0,A,1.6,1.0,2.4,0.4,1570.2307113173806,1830.744581182446,-260.5138698650653,-4.0,-0.7999999999999998,0.6
9.0,12.0,4.0,8.0,H,1.8,1.0,1.4,1.2,1745.3411350275387,1513.7119061112933,231.62922891624544,4.0,0.40000000000000013,-0.19999999999999996
4.0,8.0,1.0,7.0,H,1.4,1.0,1.2,1.2,1504.7224019647826,1467.5708464178956,37.15155554688704,1.0,0.19999999999999996,-0.19999999999999996
3.0,6.0,4.0,5.0,D,0.4,2.0,1.4,2.4,1491.839786377064,1535.2844956611373,-43.44470928407327,1.0,-0.9999999999999999,-0.3999999999999999
0.0,0.0,7.0,8.0,A,0.6,2.4,1.4,0.8,1429.7210779201978,1546.3839476806231,-116.66286976042534,-8.0,-0.7999999999999999,1.5999999999999999
0.0,3.0,2.0,5.0,H,1.0,2.8,0.8,1.6,1517.9601699460707,1506.0935645684976,11.866605377573023,-2.0,0.19999999999999996,1.1999999999999997
3.0,6.0,1.0,3.0,H,1.8,1.4,0.6,1.2,1671.0163659607335,1477.1262057449953,193.8901602157382,3.0,1.2000000000000002,0.19999999999999996
3.0,6.0,9.0,13.0,A,1.4,1.6,2.0,0.6,1718.86720017397,1779.6322703544338,-60.76507018046368,-7.0,-0.6000000000000001,1.0
1.0,7.0,9.0,10.0,A,0.8,2.0,1.6,0.8,1480.5388763256035,1557.6848577320836,-77.14598140648013,-3.0,-0.8,1.2
0.0,0.0,4.0,7.0,D,0.8,2.2,1.2,1.4,1429.2606227477459,1514.1723612837452,-84.91173853599935,-7.0,-0.3999999999999999,0.8000000000000003
0.0,2.0,9.0,15.0,A,0.4,1.6,2.2,0.4,1472.3736110132847,1784.3848650861444,-312.01125407285963,-13.0,-1.8000000000000003,1.2000000000000002
9.0,15.0,9.0,12.0,A,2.8,0.4,1.8,1.0,1815.8630407172368,1760.2226754927478,55.64036522448896,3.0,0.9999999999999998,-0.6
7.0,8.0,6.0,10.0,A,1.8,1.6,1.4,0.8,1573.5888367119985,1519.5667447854728,54.02209192652572,-2.0,0.40000000000000013,0.8
6.0,6.0,6.0,12.0,D,1.2,1.4,2.8,0.8,1572.2378157843584,1738.9172678151917,-166.67945203083332,-6.0,-1.5999999999999999,0.5999999999999999
3.0,7.0,1.0,4.0,D,1.4,1.4,0.4,1.2,1501.2607891345062,1471.3327823073882,29.928006827117997,3.0,0.9999999999999999,0.19999999999999996
4.0,6.0,3.0,3.0,D,1.6,2.0,1.2,1.6,1531.6706840483564,1507.4031029342898,24.267581114066616,3.0,0.40000000000000013,0.3999999999999999
6.0,6.0,1.0,2.0,H,1.4,1.2,0.2,1.8,1674.5908409076428,1502.5190896215884,172.07175128605445,4.0,1.2,-0.6000000000000001
3.0,6.0,3.0,6.0,D,1.4,1.4,1.4,2.2,1711.8734299154905,1524.9539402045502,186.9194897109403,0.0,0.0,-0.8000000000000003
9.0,15.0,6.0,12.0,A,2.4,0.6,2.2,0.8,1772.4378274668409,1827.8100783365403,-55.37225086969943,3.0,0.19999999999999973,-0.20000000000000007
2.0,5.0,4.0,7.0,D,1.2,1.6,1.2,1.2,1512.9712150885678,1573.4389619795359,-60.4677468909681,-2.0,0.0,0.40000000000000013
0.0,2.0,4.0,4.0,A,0.6,2.0,1.0,1.6,1495.5665848461417,1718.8259346909372,-223.25934984479545,-2.0,-0.4,0.3999999999999999
1.0,2.0,1.0,4.0,H,0.2,1.2,0.8,2.4,1478.7774298763502,1473.0942287566415,5.683201119708656,-2.0,-0.6000000000000001,-1.2
4.0,4.0,1.0,7.0,H,1.6,1.8,1.4,1.4,1514.4397058054028,1494.2241862633932,20.215519542009588,-3.0,0.20000000000000018,0.40000000000000013
9.0,13.0,6.0,8.0,H,2.0,0.8,1.8,1.0,1565.310567209344,1565.963127234738,-0.6525600253939956,5.0,0.19999999999999996,-0.19999999999999996
7.0,10.0,5.0,6.0,H,2.0,0.6,1.6,2.0,1741.831464978167,1528.756486885381,213.07497809278607,4.0,0.3999999999999999,-1.4
9.0,15.0,1.0,1.0,A,2.4,1.2,0.8,2.0,1741.766954882097,1447.7163433583967,294.05061152370035,14.0,1.5999999999999999,-0.8
9.0,10.0,9.0,9.0,H,1.6,1.0,2.0,1.4,1531.1373562734418,1663.0202294196738,-131.882873146232,1.0,-0.3999999999999999,-0.3999999999999999
4.0,4.0,0.0,1.0,D,1.2,2.4,0.4,1.8,1520.8244485929167,1476.5031026249183,44.32134596799847,3.0,0.7999999999999999,0.5999999999999999
1.0,4.0,6.0,12.0,D,1.0,1.8,2.4,1.2,1498.9465143505586,1767.7154993796755,-268.76898502911695,-8.0,-1.4,0.6000000000000001
2.0,5.0,6.0,12.0,A,1.4,2.4,2.0,1.2,1521.899132154485,1748.624309612993,-226.72517745850814,-7.0,-0.6000000000000001,1.2
9.0,15.0,4.0,7.0,A,2.2,0.8,1.4,1.6,1556.8387965661243,1727.297705334157,-170.45890876803264,8.0,0.8000000000000003,-0.8
3.0,7.0,0.0,1.0,D,1.8,1.2,0.8,2.4,1561.4174660418423,1500.1122460390375,61.305220002804845,6.0,1.0,-1.2
1.0,1.0,4.0,7.0,D,0.6,2.6,1.8,1.6,1471.4218734982871,1516.1120610637572,-44.69018756547007,-6.0,-1.2000000000000002,1.0
4.0,4.0,7.0,10.0,D,1.0,1.8,2.2,0.6,1452.786527009244,1736.7612813273197,-283.9747543180756,-6.0,-1.2000000000000002,1.2000000000000002
6.0,9.0,5.0,5.0,H,2.2,1.2,1.2,1.8,1666.9950200707467,1516.8496579418438,150.1453621289029,4.0,1.0000000000000002,-0.6000000000000001
6.0,12.0,2.0,6.0,H,2.2,1.0,1.2,1.0,1829.4919183813238,1511.2893750437843,318.2025433375395,6.0,1.0000000000000002,0.0
1.0,1.0,6.0,12.0,D,0.6,2.0,2.0,1.0,1475.9377219810435,1557.404177209999,-81.46645522895551,-11.0,-1.4,1.0
2.0,8.0,9.0,12.0,H,1.2,1.0,1.6,0.8,1579.5578278808907,1525.018490372087,54.53933750880378,-4.0,-0.40000000000000013,0.19999999999999996
2.0,3.0,7.0,10.0,A,0.4,1.8,1.8,1.6,1504.5095717725658,1734.0775086053754,-229.56793683280966,-7.0,-1.4,0.19999999999999996
1.0,1.0,1.0,5.0,H,0.8,2.4,1.2,2.0,1507.8983635348286,1514.1130146586938,-6.214651123865224,-4.0,-0.3999999999999999,0.3999999999999999
6.0,12.0,5.0,5.0,A,1.6,0.6,1.2,1.4,1510.431018108349,1467.373999272982,43.05701883536699,7.0,0.40000000000000013,-0.7999999999999999
4.0,10.0,2.0,2.0,D,1.6,1.2,0.8,1.8,1553.1353558319513,1503.2153357286063,49.920020103344996,8.0,0.8,-0.6000000000000001
4.0,5.0,5.0,8.0,A,0.4,0.8,1.0,1.0,1468.7998914987236,1589.5353662585173,-120.73547475979376,-3.0,-0.6,-0.19999999999999996
5.0,8.0,1.0,7.0,H,1.6,1.2,1.6,1.0,1524.550700806623,1552.9788262989766,-28.42812549235373,1.0,0.0,0.19999999999999996
5.0,11.0,2.0,2.0,D,2.4,0.6,0.8,1.8,1728.9881975984329,1483.7108057099304,245.2773918885025,9.0,1.5999999999999999,-1.2000000000000002
6.0,12.0,6.0,12.0,H,1.8,0.8,2.8,1.0,1753.8259502555948,1661.793379428145,92.03257082744972,0.0,-0.9999999999999998,-0.19999999999999996
2.0,5.0,6.0,12.0,A,1.2,1.8,3.0,1.0,1512.30522828819,1834.0363480349777,-321.7311197467877,-7.0,-1.8,0.8
4.0,10.0,1.0,2.0,H,2.2,1.4,0.6,2.0,1769.5692558127603,1469.5681170652024,300.0011387475579,8.0,1.6,-0.6000000000000001
2.0,3.0,6.0,12.0,H,0.8,1.4,1.8,0.8,1517.2976922289236,1739.7435937552775,-222.44590152635396,-9.0,-1.0,0.5999999999999999
0.0,2.0,1.0,2.0,H,1.0,2.2,0.4,2.0,1521.0590169779532,1497.5635694533064,23.495447524646806,0.0,0.6,0.20000000000000018
7.0,8.0,4.0,4.0,D,1.0,0.8,1.2,2.0,1584.736836014311,1512.696893779035,72.03994223527593,4.0,-0.19999999999999996,-1.2
1.0,4.0,1.0,5.0,A,0.8,1.8,1.4,2.0,1539.137563958778,1526.1464906283886,12.991073330389327,-1.0,-0.5999999999999999,-0.19999999999999996
3.0,3.0,7.0,8.0,A,0.6,1.4,2.2,1.2,1472.0243090658482,1536.237197450705,-64.2128883848568,-5.0,-1.6,0.19999999999999996
1.0,2.0,3.0,9.0,H,0.6,1.4,1.0,0.8,1477.8822637589221,1502.1168714146293,-24.234607655707123,-7.0,-0.4,0.5999999999999999
7.0,8.0,4.0,10.0,H,1.2,1.0,1.8,1.2,1482.6149189658706,1754.3283361198717,-271.71341715400104,-2.0,-0.6000000000000001,-0.19999999999999996
3.0,9.0,2.0,8.0,H,2.4,1.4,1.2,1.0,1666.4188569663897,1548.5098782937066,117.90897867268313,1.0,1.2,0.3999999999999999
9.0,10.0,5.0,9.0,H,1.6,1.4,1.4,0.6,1741.141782549109,1721.9239236546994,19.217858894409574,1.0,0.20000000000000018,0.7999999999999999
9.0,12.0,4.0,4.0,D,3.4,1.2,0.4,1.2,1825.3218895983978,1477.5143499353035,347.8075396630943,8.0,3.0,0.0
0.0,2.0,5.0,5.0,A,0.4,1.8,1.4,1.6,1485.168359170482,1525.0921040618593,-39.92374489137728,-3.0,-0.9999999999999999,0.19999999999999996
9.0,13.0,4.0,5.0,D,1.6,0.8,0.4,0.8,1733.336957458492,1485.3191750259205,248.0177824325715,8.0,1.2000000000000002,0.0
1.0,1.0,6.0,9.0,H,0.4,2.2,2.8,1.4,1549.9211728577368,1655.635248067431,-105.7140752096941,-8.0,-2.4,0.8000000000000003
7.0,10.0,5.0,6.0,H,2.8,1.0,1.0,1.0,1827.0651516946234,1515.554430132698,311.5107215619255,4.0,1.7999999999999998,0.0
4.0,7.0,0.0,6.0,H,1.2,1.2,1.0,1.2,1756.6552662006739,1499.789941333827,256.8653248668468,1.0,0.19999999999999996,0.0
3.0,5.0,6.0,9.0,D,1.2,2.0,1.4,1.0,1529.3043449574172,1736.585739426249,-207.28139446883165,-4.0,-0.19999999999999996,1.0
4.0,5.0,7.0,9.0,H,1.0,1.8,1.0,0.4,1538.0285786925397,1576.0126022791885,-37.984023586648846,-4.0,0.0,1.4
6.0,7.0,3.0,4.0,H,1.0,1.0,0.8,2.0,1759.5768156028125,1546.999623455598,212.57719214721442,3.0,0.19999999999999996,-1.0
0.0,1.0,2.0,3.0,A,0.2,1.8,0.8,1.2,1472.0222492391385,1485.1704189971917,-13.1481697580532,-2.0,-0.6000000000000001,0.6000000000000001
7.0,8.0,7.0,13.0,A,1.2,1.0,3.0,0.6,1520.328383231951,1831.8288725245318,-311.5004892925808,-5.0,-1.8,0.4
0.0,3.0,7.0,13.0,H,0.6,1.2,1.6,0.8,1513.4549864171531,1719.671912375166,-206.21692595801278,-10.0,-1.0,0.3999999999999999
2.0,5.0,3.0,4.0,A,0.8,1.8,0.8,1.8,1534.9976930102493,1534.5712022614105,0.42649074883888716,1.0,0.0,0.0
2.0,6.0,4.0,5.0,H,1.0,0.6,1.0,1.4,1724.8507129980617,1512.6276407893356,212.22307220872608,1.0,0.0,-0.7999999999999999
2.0,6.0,3.0,6.0,A,0.6,0.8,2.4,1.6,1477.315847175429,1663.6385759179223,-186.32272874249315,0.0,-1.7999999999999998,-0.8
7.0,11.0,7.0,11.0,H,2.4,1.0,1.2,0.6,1542.0828610263497,1476.769255390226,65.31360563612384,0.0,1.2,0.4
4.0,7.0,4.0,4.0,H,0.8,0.6,0.6,1.2,1738.8369220672453,1475.6310811179258,263.2058409493195,3.0,0.20000000000000007,-0.6
4.0,10.0,3.0,4.0,H,1.0,0.4,1.4,2.6,1741.9789624510213,1543.857583071822,198.1213793791992,6.0,-0.3999999999999999,-2.2
3.0,4.0,3.0,5.0,H,0.4,1.0,0.6,1.6,1483.8373152204235,1504.4214066868378,-20.584091466414293,-1.0,-0.19999999999999996,-0.6000000000000001
6.0,6.0,4.0,10.0,H,0.8,1.6,0.6,2.0,1539.333457125694,1427.7657188858407,111.56773823985327,-4.0,0.20000000000000007,-0.3999999999999999
6.0,10.0,9.0,13.0,A,1.4,2.2,2.4,0.6,1442.3463886925479,1552.3869270616512,-110.04053836910339,-3.0,-1.0,1.6
2.0,5.0,4.0,10.0,A,0.4,0.8,1.0,1.0,1471.1983125520971,1725.7894469984979,-254.5911344464007,-5.0,-0.6,-0.19999999999999996
3.0,3.0,6.0,10.0,A,0.8,1.0,1.8,1.2,1507.4291120734722,1765.6026899464935,-258.17357787302126,-7.0,-1.0,-0.19999999999999996
4.0,10.0,4.0,8.0,D,1.2,1.8,1.2,1.0,1415.05589482084,1574.2260860037188,-159.17019118287885,2.0,0.0,0.8
4.0,8.0,7.0,7.0,H,1.8,0.6,1.4,1.8,1728.0699712524195,1534.8093204381819,193.26065081423758,1.0,0.40000000000000013,-1.2000000000000002
6.0,9.0,7.0,13.0,A,2.4,1.2,2.6,0.4,1655.5764314361675,1839.8910170062866,-184.3145855701191,-4.0,-0.20000000000000018,0.7999999999999999
4.0,8.0,1.0,2.0,D,0.8,0.6,0.6,2.0,1517.9205877745496,1537.4054884676507,-19.484900693101054,6.0,0.20000000000000007,-1.4
9.0,12.0,3.0,7.0,H,2.0,1.2,1.2,2.6,1767.2113784121573,1440.737700226884,326.47367818527323,5.0,0.8,-1.4000000000000001
4.0,7.0,9.0,9.0,A,1.2,1.8,1.2,1.0,1522.1284497011632,1552.0143278627127,-29.8858781615495,-2.0,0.0,0.8
2.0,8.0,4.0,8.0,H,1.4,1.2,0.8,0.6,1580.0080545527567,1512.1386192255118,67.8694353272449,0.0,0.5999999999999999,0.6
4.0,7.0,3.0,3.0,D,0.4,2.4,1.0,1.2,1427.1810518593475,1508.0137790999654,-80.83272724061794,4.0,-0.6,1.2
4.0,10.0,3.0,6.0,H,1.2,0.8,1.6,1.4,1731.2479776493765,1650.1179007852888,81.13007686408764,4.0,-0.40000000000000013,-0.5999999999999999
3.0,3.0,2.0,8.0,H,1.6,3.0,1.6,2.2,1548.0836454142398,1410.8298324784223,137.25381293581745,-5.0,0.0,0.7999999999999998
0.0,4.0,7.0,10.0,H,0.4,1.8,1.0,0.6,1518.185953453779,1728.2144156840802,-210.02846223030133,-6.0,-0.6,1.2000000000000002
1.0,3.0,6.0,7.0,A,0.4,1.6,0.8,0.8,1523.2524406382768,1497.9903630497975,25.262077588479315,-4.0,-0.4,0.8
9.0,13.0,1.0,2.0,H,2.0,0.4,0.2,1.4,1841.1528322115462,1469.9364973468375,371.21633486470864,11.0,1.8,-0.9999999999999999
9.0,13.0,6.0,8.0,A,2.2,0.2,2.0,0.6,1544.5314468782174,1735.9254514358533,-191.39400455763598,5.0,0.20000000000000018,-0.39999999999999997
1.0,5.0,9.0,13.0,D,1.6,2.2,2.4,0.4,1418.231038511766,1833.7516261782025,-415.52058766643654,-8.0,-0.7999999999999998,1.8000000000000003
1.0,5.0,3.0,6.0,A,0.6,0.8,2.0,2.0,1500.315577568177,1559.9066870715744,-59.59110950339732,-1.0,-1.4,-1.2
9.0,10.0,3.0,6.0,H,2.0,0.2,1.0,2.2,1738.692467816971,1515.4189370726613,223.2735307443097,4.0,1.0,-2.0
9.0,12.0,4.0,8.0,D,1.6,0.8,1.6,1.4,1549.9709929769933,1582.051389438476,-32.08039646148268,4.0,0.0,-0.5999999999999999
3.0,6.0,3.0,7.0,H,1.8,1.6,1.2,1.4,1654.3595683661563,1517.8867821202957,136.47278624586056,-1.0,0.6000000000000001,0.20000000000000018
0.0,2.0,2.0,5.0,D,0.4,2.2,0.2,2.2,1466.0442739571827,1431.0732752490023,34.97099870818033,-3.0,0.2,0.0
0.0,6.0,1.0,2.0,H,1.2,2.6,0.4,2.0,1450.2348584566105,1513.7552824085503,-63.52042395193985,4.0,0.7999999999999999,0.6000000000000001
4.0,4.0,6.0,10.0,A,1.0,1.0,1.6,1.2,1501.4191198377532,1737.8426369115887,-236.42351707383546,-6.0,-0.6000000000000001,-0.19999999999999996
6.0,9.0,6.0,12.0,H,1.4,1.0,2.2,0.6,1506.4637205847746,1536.0580893432402,-29.594368758465635,-3.0,-0.8000000000000003,0.4
6.0,7.0,9.0,12.0,A,1.0,1.0,2.2,1.4,1716.4764304372497,1778.9493636589877,-62.472933221738,-5.0,-1.2000000000000002,-0.3999999999999999
7.0,13.0,1.0,4.0,H,2.6,0.6,1.0,1.0,1835.2847009106538,1499.886045105302,335.39865580535184,9.0,1.6,-0.4
0.0,4.0,2.0,3.0,A,1.0,2.0,1.0,1.6,1502.6990817622404,1433.4187388698213,69.28034289241918,1.0,0.0,0.3999999999999999
6.0,9.0,9.0,12.0,A,2.4,1.8,2.2,0.2,1552.1362386595863,1746.462916228959,-194.3266775693728,-3.0,0.19999999999999973,1.6
3.0,3.0,3.0,6.0,D,0.8,2.4,1.6,2.6,1510.9931108111846,1454.6606847180872,56.33242609309741,-3.0,-0.8,-0.20000000000000018
3.0,9.0,1.0,4.0,A,1.4,1.0,0.6,1.0,1522.3384681656762,1514.0351987457411,8.303269419935077,5.0,0.7999999999999999,0.0
9.0,10.0,7.0,13.0,H,1.8,1.4,1.8,0.8,1741.0456101144714,1546.7680197741106,194.2775903403608,-3.0,0.0,0.5999999999999999
5.0,6.0,1.0,2.0,D,1.6,1.8,0.4,2.2,1576.5281556065368,1471.567507789122,104.96064781741484,4.0,1.2000000000000002,-0.40000000000000013
1.0,1.0,3.0,7.0,A,0.8,2.8,1.0,1.4,1506.6285978016267,1723.6031150441734,-216.97451724254665,-6.0,-0.19999999999999996,1.4
2.0,6.0,3.0,6.0,A,0.2,1.4,1.4,1.8,1424.4799414454326,1660.952902169726,-236.47296072429344,0.0,-1.2,-0.40000000000000013
9.0,12.0,9.0,15.0,H,1.8,0.8,2.8,1.2,1521.056955814991,1764.3561284287714,-243.29917261378046,-3.0,-0.9999999999999998,-0.3999999999999999
6.0,12.0,9.0,15.0,A,2.8,1.6,2.6,0.2,1751.0873913888956,1759.7316532688349,-8.644261879939222,-3.0,0.19999999999999973,1.4000000000000001
4.0,10.0,6.0,6.0,H,1.6,1.2,2.0,2.0,1554.1097122547071,1544.7945461789898,9.315166075717343,4.0,-0.3999999999999999,-0.8
9.0,12.0,2.0,3.0,H,2.0,1.2,0.6,1.4,1742.7122011966123,1422.8133503632916,319.8988508333207,9.0,1.4,-0.19999999999999996
2.0,2.0,0.0,6.0,A,0.4,2.2,1.0,1.2,1460.1599890289342,1533.745986925864,-73.58599789692971,-4.0,-0.6,1.0000000000000002
7.0,13.0,4.0,4.0,H,2.4,0.6,1.8,2.2,1836.467715262105,1453.477670366636,382.99004489546905,9.0,0.5999999999999999,-1.6
1.0,4.0,6.0,9.0,A,1.2,1.2,1.8,1.6,1491.6258116918268,1669.2131355832012,-177.58732389137435,-5.0,-0.6000000000000001,-0.40000000000000013
9.0,12.0,3.0,9.0,A,1.8,0.8,1.4,1.4,1513.9256497744418,1730.7344210847225,-216.8087713102807,3.0,0.40000000000000013,-0.5999999999999999
4.0,5.0,0.0,1.0,H,1.2,1.6,0.8,2.2,1442.6491812030918,1497.3981554683562,-54.74897426526445,4.0,0.3999999999999999,-0.6000000000000001
5.0,6.0,0.0,3.0,A,1.6,1.8,1.0,2.2,1561.9044654720963,1517.322771896681,44.58169357541533,3.0,0.6000000000000001,-0.40000000000000013
3.0,4.0,4.0,4.0,D,0.8,1.0,1.0,2.2,1511.1534108445571,1513.8748987123686,-2.7214878678114474,0.0,-0.19999999999999996,-1.2000000000000002
2.0,5.0,3.0,9.0,A,1.4,1.8,2.0,1.2,1507.6309180837095,1757.3313720175547,-249.7004539338452,-4.0,-0.6000000000000001,0.6000000000000001
0.0,1.0,4.0,10.0,H,0.6,2.0,2.0,1.4,1506.158621343033,1545.3492463800303,-39.19062503699729,-9.0,-1.4,0.6000000000000001
1.0,2.0,7.0,13.0,A,0.6,1.8,2.8,0.6,1419.9897891148355,1839.2912765105611,-419.30148739572564,-11.0,-2.1999999999999997,1.2000000000000002
3.0,6.0,0.0,1.0,D,0.8,1.2,0.8,1.6,1529.8692891159747,1495.502509501716,34.366779614258576,5.0,0.0,-0.40000000000000013
4.0,4.0,6.0,12.0,D,1.4,2.4,2.0,1.0,1452.3441640428362,1515.0591560982416,-62.714992055405446,-8.0,-0.6000000000000001,1.4
3.0,6.0,2.0,2.0,H,1.6,1.8,0.4,2.2,1549.9298807700732,1455.0246544378508,94.90522633222236,4.0,1.2000000000000002,-0.40000000000000013
9.0,15.0,4.0,5.0,H,2.2,0.4,1.2,1.2,1762.1019340226067,1508.7831300907853,253.31880393182132,10.0,1.0000000000000002,-0.7999999999999999
6.0,9.0,7.0,8.0,D,1.6,1.6,1.0,1.0,1722.6691953131337,1450.7144069746805,271.9547883384532,1.0,0.6000000000000001,0.6000000000000001
9.0,9.0,2.0,6.0,H,2.0,1.8,1.6,1.8,1673.8662898608159,1557.2513111944813,116.61497866633454,3.0,0.3999999999999999,0.0
3.0,3.0,9.0,15.0,D,1.0,2.2,2.8,0.8,1520.782835356483,1739.2521377368103,-218.46930238032724,-12.0,-1.7999999999999998,1.4000000000000001
1.0,2.0,3.0,9.0,A,0.6,1.2,2.0,1.6,1484.1982949961603,1561.234095275629,-77.03580027946873,-7.0,-1.4,-0.40000000000000013
7.0,8.0,4.0,4.0,H,0.8,0.8,1.2,1.8,1459.5133535006073,1499.9841835648585,-40.47083006425123,4.0,-0.3999999999999999,-1.0
4.0,4.0,7.0,7.0,H,1.0,1.4,1.4,1.6,1533.6340920970642,1709.8179385725525,-176.18384647548828,-3.0,-0.3999999999999999,-0.20000000000000018
9.0,13.0,2.0,5.0,H,3.4,0.6,1.6,1.8,1840.829837294673,1506.0923572995976,334.73747999507555,8.0,1.7999999999999998,-1.2000000000000002
1.0,2.0,3.0,9.0,A,0.6,2.2,2.0,1.2,1450.2679006677836,1762.088125787622,-311.82022511983837,-7.0,-1.4,1.0000000000000002
1.0,5.0,2.0,5.0,H,1.2,1.8,1.6,2.2,1561.9540082240705,1447.641467013247,114.31254121082361,0.0,-0.40000000000000013,-0.40000000000000013
7.0,13.0,9.0,15.0,D,2.2,0.8,2.0,0.4,1737.067368425896,1764.286703333521,-27.219334907625125,-2.0,0.20000000000000018,0.4
9.0,12.0,4.0,10.0,H,2.4,1.4,1.8,1.2,1677.5452839333025,1511.380162025755,166.16512190754747,2.0,0.5999999999999999,0.19999999999999996
0.0,2.0,3.0,3.0,A,0.6,2.4,1.4,2.0,1409.5919062691569,1516.5565041887116,-106.96459791955476,-1.0,-0.7999999999999999,0.3999999999999999
3.0,7.0,4.0,4.0,H,1.6,2.2,0.4,1.2,1552.1426871194399,1523.075848376565,29.06683874287478,3.0,1.2000000000000002,1.0000000000000002
1.0,2.0,7.0,7.0,H,1.0,1.8,1.4,1.2,1514.0365595310188,1525.689889865643,-11.653330334624115,-5.0,-0.3999999999999999,0.6000000000000001
6.0,6.0,0.0,2.0,D,1.6,1.6,0.4,1.4,1512.1051503072067,1454.7192545492885,57.385895757918206,4.0,1.2000000000000002,0.20000000000000018
4.0,4.0,7.0,11.0,A,0.6,1.2,1.2,0.4,1508.687630194463,1473.9015716827093,34.78605851175371,-7.0,-0.6,0.7999999999999999
6.0,9.0,3.0,5.0,A,2.0,1.6,1.4,1.6,1548.4519010860736,1574.736202413626,-26.284301327552384,4.0,0.6000000000000001,0.0
4.0,7.0,1.0,1.0,H,1.2,1.6,0.6,1.6,1712.478567092686,1481.5376664760267,230.9409006166593,6.0,0.6,0.0
6.0,9.0,0.0,1.0,H,1.8,1.0,0.8,2.8,1763.4647572436286,1408.2152748131502,355.24948243047834,8.0,1.0,-1.7999999999999998
1.0,7.0,6.0,7.0,A,1.2,1.4,1.6,2.2,1499.6915019139856,1563.8313472312093,-64.13984531722372,0.0,-0.40000000000000013,-0.8000000000000003
1.0,5.0,9.0,15.0,A,1.4,2.2,2.4,0.8,1441.2153908787334,1683.971360067816,-242.75596918908263,-10.0,-1.0,1.4000000000000001
7.0,13.0,9.0,13.0,D,1.8,0.6,2.6,0.4,1763.6125843981383,1841.5039562300558,-77.89137183191747,0.0,-0.8,0.19999999999999996
1.0,4.0,5.0,11.0,A,1.0,1.8,1.8,0.6,1493.73700576791,1743.3145462228445,-249.57754045493448,-7.0,-0.8,1.2000000000000002
4.0,7.0,9.0,9.0,A,1.2,0.8,1.4,1.0,1519.45980369043,1769.6948434188416,-250.23503972841172,-2.0,-0.19999999999999996,-0.19999999999999996
7.0,13.0,1.0,4.0,A,1.2,0.2,0.8,2.0,1461.7975342818763,1511.7955393148186,-49.998005032942274,9.0,0.3999999999999999,-1.8
7.0,13.0,7.0,7.0,H,2.4,0.2,1.4,1.0,1843.0611081118323,1510.5479984254303,332.513109686402,6.0,1.0,-0.8
1.0,1.0,3.0,5.0,A,0.8,1.8,1.2,1.6,1469.618909831494,1525.9553161755516,-56.33640634405765,-4.0,-0.3999999999999999,0.19999999999999996
5.0,11.0,4.0,10.0,D,2.0,0.4,1.8,1.4,1739.717241997365,1716.0758713181656,23.641370679199326,1.0,0.19999999999999996,-0.9999999999999999
1.0,2.0,5.0,11.0,A,0.6,1.6,1.6,0.6,1450.098591600506,1768.2332473469207,-318.13465574641464,-9.0,-1.0,1.0
0.0,0.0,1.0,2.0,H,0.8,3.0,0.8,2.8,1416.3104172395401,1433.1202484523435,-16.809831212803374,-2.0,0.0,0.20000000000000018
6.0,9.0,0.0,4.0,D,2.0,1.8,0.8,2.0,1559.2925895284347,1498.2757634706845,61.01682605775022,5.0,1.2,-0.19999999999999996
6.0,7.0,1.0,4.0,H,1.4,1.4,0.4,1.0,1580.2903899723722,1503.1334426357168,77.15694733665532,3.0,0.9999999999999999,0.3999999999999999
9.0,15.0,6.0,6.0,H,2.8,0.8,1.8,1.8,1688.0699689160263,1544.3532922378633,143.7166766781629,9.0,0.9999999999999998,-1.0
3.0,4.0,1.0,1.0,H,0.8,1.8,0.4,1.6,1517.4507781639477,1444.443352751377,73.00742541257068,3.0,0.4,0.19999999999999996
1.0,2.0,0.0,1.0,D,0.4,2.0,0.6,1.6,1494.7331858991427,1473.1614874030358,21.57169849610682,1.0,-0.19999999999999996,0.3999999999999999
5.0,11.0,3.0,3.0,H,1.4,0.4,1.2,2.8,1769.614115909726,1414.9295486767348,354.6845672329912,8.0,0.19999999999999996,-2.4
0.0,1.0,7.0,10.0,A,0.8,3.2,2.0,1.4,1423.8721273120593,1568.540710668719,-144.6685833566596,-9.0,-1.2,1.8000000000000003
6.0,7.0,6.0,10.0,H,1.0,1.2,1.0,0.6,1531.5532740142273,1456.1995764432006,75.35369757102671,-3.0,0.0,0.6
3.0,6.0,3.0,7.0,D,1.8,2.0,1.2,0.8,1540.9058003734847,1522.9072955548086,17.99850481867611,-1.0,0.6000000000000001,1.2
4.0,7.0,5.0,9.0,A,1.4,1.6,2.0,0.8,1504.1034661972938,1746.1617742255014,-242.05830802820765,-2.0,-0.6000000000000001,0.8
0.0,4.0,9.0,15.0,D,0.4,1.0,2.8,0.6,1505.5305479484562,1685.672863603287,-180.14231565483078,-11.0,-2.4,0.4
4.0,8.0,9.0,9.0,H,1.8,1.8,1.6,1.2,1720.169492249974,1576.1967690405638,143.9727232094101,-1.0,0.19999999999999996,0.6000000000000001
9.0,12.0,7.0,13.0,A,1.4,0.6,3.0,0.0,1758.9297609664839,1853.82619056419,-94.89642959770617,-1.0,-1.6,0.6
1.0,5.0,1.0,7.0,H,0.8,0.8,1.4,2.2,1529.6151693471413,1497.395592404961,32.21957694218031,-2.0,-0.5999999999999999,-1.4000000000000001
3.0,7.0,6.0,12.0,A,0.8,0.8,1.2,0.4,1451.4516546044533,1763.6776828052311,-312.2260282007778,-5.0,-0.3999999999999999,0.4
1.0,2.0,6.0,7.0,H,0.4,1.2,1.2,1.4,1481.5716071076897,1509.0406584592938,-27.469051351604094,-5.0,-0.7999999999999999,-0.19999999999999996
6.0,9.0,9.0,9.0,H,1.6,1.0,0.8,0.8,1582.2585335456197,1525.4915095091715,56.76702403644822,0.0,0.8,0.19999999999999996
3.0,3.0,1.0,7.0,A,1.2,2.8,1.6,1.4,1405.6758152990994,1550.15953375112,-144.48371845202064,-4.0,-0.40000000000000013,1.4
7.0,10.0,7.0,8.0,A,1.8,1.0,1.8,1.8,1560.0158643715813,1728.6943385471116,-168.67847417553025,2.0,0.0,-0.8
7.0,13.0,7.0,11.0,D,2.8,0.8,1.8,0.4,1685.2109845568546,1770.0759949561584,-84.86501039930386,2.0,0.9999999999999998,0.4
7.0,9.0,1.0,2.0,H,2.0,0.6,0.6,1.4,1748.6293171617647,1503.063005012193,245.5663121495718,7.0,1.4,-0.7999999999999999
7.0,13.0,2.0,2.0,H,2.6,0.0,0.0,1.6,1855.154933722846,1493.4044427404867,361.7504909823592,11.0,2.6,-1.6
1.0,1.0,0.0,1.0,H,0.4,2.0,0.8,3.2,1451.1059463281442,1417.209533735292,33.89641259285213,0.0,-0.4,-1.2000000000000002
2.0,2.0,6.0,6.0,D,0.2,2.2,1.0,1.4,1491.0228811581064,1511.422220041674,-20.39933888356768,-4.0,-0.8,0.8000000000000003
4.0,4.0,4.0,10.0,H,0.6,1.2,2.0,0.6,1490.9519777934545,1550.6354936858165,-59.68351589236204,-6.0,-1.4,0.6
4.0,7.0,0.0,4.0,D,1.2,1.2,1.0,3.0,1546.025659511881,1501.5294666442,44.496192867680975,3.0,0.19999999999999996,-1.8
1.0,1.0,6.0,12.0,A,0.8,2.0,1.4,0.6,1497.3824619794198,1769.3582258380043,-271.9757638585845,-11.0,-0.5999999999999999,1.4
3.0,3.0,6.0,9.0,H,1.2,2.0,0.8,1.0,1416.245539208613,1514.9217855996578,-98.67624639104474,-6.0,0.3999999999999999,1.0
3.0,4.0,4.0,7.0,D,0.4,1.4,1.6,1.2,1450.4881797210421,1530.2329359542434,-79.74475623320131,-3.0,-1.2000000000000002,0.19999999999999996
5.0,11.0,0.0,6.0,D,2.6,1.0,1.0,1.2,1677.7653777853918,1458.897261375916,218.86811640947576,5.0,1.6,-0.19999999999999996
7.0,11.0,6.0,12.0,D,2.6,0.8,2.2,0.8,1742.179388362936,1588.7084623444484,153.4709260184875,-1.0,0.3999999999999999,0.0
7.0,9.0,0.0,0.0,H,1.4,0.6,0.6,3.2,1771.4498968820499,1415.8356318094006,355.61426507264923,9.0,0.7999999999999999,-2.6
9.0,13.0,7.0,10.0,H,2.8,0.2,2.0,1.8,1859.4260888196793,1724.4231834502782,135.0029053694011,3.0,0.7999999999999998,-1.6
4.0,7.0,7.0,11.0,A,1.2,1.2,1.6,0.4,1505.7279240054029,1777.144192918321,-271.4162689129182,-4.0,-0.40000000000000013,0.7999999999999999
5.0,5.0,9.0,13.0,A,1.2,1.2,3.0,0.4,1526.0143796644343,1863.6446451094885,-337.6302654450542,-8.0,-1.8,0.7999999999999999
6.0,12.0,7.0,11.0,H,1.2,0.6,2.4,0.6,1775.8529061159004,1735.6847080850398,40.168198030860594,1.0,-1.2,0.0
3.0,9.0,5.0,5.0,D,1.0,1.0,0.8,1.2,1512.9643852984093,1547.9830598131296,-35.01867451472026,4.0,0.19999999999999996,-0.19999999999999996
0.0,0.0,2.0,3.0,H,0.6,3.0,0.4,2.0,1425.1226751383772,1481.7358378291299,-56.61316269075269,-3.0,0.19999999999999996,1.0
4.0,10.0,3.0,6.0,H,1.6,0.8,1.4,1.8,1592.1572897417368,1412.7967118113247,179.3605779304121,4.0,0.20000000000000018,-1.0
6.0,10.0,1.0,1.0,D,2.0,1.8,0.6,1.8,1717.0649990165787,1504.7406464131193,212.32435260345937,9.0,1.4,0.0
3.0,7.0,3.0,9.0,A,1.8,0.8,2.4,1.2,1541.4147712978263,1686.986100173382,-145.57132887555576,-2.0,-0.5999999999999999,-0.3999999999999999
1.0,4.0,4.0,5.0,A,0.8,1.4,0.6,1.2,1445.8744665498746,1463.5109745470836,-17.636507997209037,-1.0,0.20000000000000007,0.19999999999999996
1.0,2.0,7.0,7.0,A,0.6,2.8,1.0,1.0,1488.4500703043714,1504.0313741332832,-15.581303828911814,-5.0,-0.4,1.7999999999999998
3.0,6.0,1.0,1.0,H,1.4,1.8,0.6,1.8,1420.8940078671726,1437.7771704940267,-16.883162626854073,5.0,0.7999999999999999,0.0
1.0,3.0,4.0,8.0,D,0.8,2.0,1.4,1.4,1485.445203331747,1713.3556335139615,-227.91043018221444,-5.0,-0.5999999999999999,0.6000000000000001
9.0,10.0,4.0,5.0,A,1.0,0.6,1.2,1.8,1491.8228604042013,1538.2228933935162,-46.40003298931492,5.0,-0.19999999999999996,-1.2000000000000002
9.0,15.0,0.0,4.0,H,3.8,0.4,1.2,1.2,1865.2620958184834,1539.7973205888313,325.4647752296521,11.0,2.5999999999999996,-0.7999999999999999
7.0,7.0,1.0,7.0,A,0.8,1.0,1.0,1.2,1452.0663049467605,1524.4090548987324,-72.34274995197188,0.0,-0.19999999999999996,-0.19999999999999996
1.0,2.0,1.0,1.0,H,0.6,1.6,0.6,3.0,1511.5131703018994,1481.6775464155912,29.835623886308213,1.0,0.0,-1.4
5.0,6.0,1.0,7.0,H,0.8,1.0,1.2,1.0,1554.1030618126329,1499.6079220058996,54.49513980673328,-1.0,-0.3999999999999999,0.0
5.0,9.0,9.0,12.0,H,1.8,1.2,1.6,0.8,1696.665770721832,1766.1732355674505,-69.50746484561864,-3.0,0.19999999999999996,0.3999999999999999
4.0,8.0,3.0,3.0,H,2.0,1.2,1.0,2.4,1737.404862521722,1423.402520701695,314.0023418200269,5.0,1.0,-1.2
7.0,13.0,7.0,10.0,H,2.2,0.4,1.4,0.6,1780.392088844483,1588.909393815575,191.48269502890798,3.0,0.8000000000000003,-0.19999999999999996
4.0,8.0,6.0,6.0,H,1.8,1.6,1.0,1.6,1542.6732771477518,1416.443624112937,126.22965303481487,2.0,0.8,0.0
1.0,4.0,9.0,15.0,A,0.8,1.4,3.4,0.6,1496.04578970076,1868.824228123623,-372.778438422863,-11.0,-2.5999999999999996,0.7999999999999999
0.0,3.0,4.0,7.0,H,1.4,1.8,1.0,1.2,1544.8649183973064,1446.9987071382855,97.86621125902093,-4.0,0.3999999999999999,0.6000000000000001
4.0,7.0,4.0,5.0,H,1.2,1.4,1.0,1.2,1531.2693821976864,1504.6528430029455,26.61653919474088,2.0,0.19999999999999996,0.19999999999999996
1.0,1.0,9.0,13.0,A,0.6,2.4,2.2,0.4,1476.845419520793,1785.2242157392811,-308.3787962184881,-12.0,-1.6,2.0
4.0,7.0,6.0,10.0,D,1.0,0.8,1.0,1.0,1583.775947401435,1496.9563068183413,86.81964058309359,-3.0,0.0,-0.19999999999999996
3.0,3.0,5.0,9.0,D,0.6,2.0,1.0,0.4,1424.2838606452865,1553.2217218690414,-128.9378612237549,-6.0,-0.4,1.6
2.0,8.0,7.0,9.0,D,1.4,1.4,2.0,1.4,1710.1178659469656,1699.9035382888278,10.21432765813779,-1.0,-0.6000000000000001,0.0
6.0,9.0,2.0,3.0,H,1.8,1.6,1.2,2.4,1768.1832981197247,1483.435140779473,284.74815734025174,6.0,0.6000000000000001,-0.7999999999999998
1.0,1.0,4.0,10.0,H,0.8,1.8,2.0,0.8,1452.9642807244998,1722.2177522912489,-269.2534715667491,-9.0,-1.2,1.0
3.0,6.0,4.0,4.0,H,1.4,1.6,0.8,1.6,1712.0754063242207,1422.3263202680314,289.7490860561893,2.0,0.5999999999999999,0.0
7.0,9.0,3.0,7.0,H,2.0,1.4,1.2,1.0,1702.2222739395543,1444.679971487559,257.5423024519953,2.0,0.8,0.3999999999999999
3.0,3.0,9.0,13.0,A,1.2,2.0,2.0,0.4,1538.698466567001,1791.3906675695864,-252.6922010025853,-10.0,-0.8,1.6
0.0,1.0,7.0,7.0,H,0.8,2.2,1.6,1.6,1485.5411085769906,1522.5736931414888,-37.032584564498165,-6.0,-0.8,0.6000000000000001
3.0,6.0,1.0,2.0,H,1.0,1.4,1.4,3.0,1425.4964117722157,1474.3823531201942,-48.88594134797859,4.0,-0.3999999999999999,-1.6
3.0,7.0,9.0,15.0,H,1.4,1.2,3.6,0.8,1733.551205723776,1857.4907746910958,-123.9395689673197,-8.0,-2.2,0.3999999999999999
5.0,9.0,6.0,12.0,A,1.0,0.4,2.4,1.6,1546.414888626131,1774.990131362635,-228.57524273650415,-3.0,-1.4,-1.2000000000000002
6.0,10.0,4.0,4.0,H,2.2,1.6,0.8,1.4,1548.8973014784492,1498.428818672248,50.46848280620111,6.0,1.4000000000000001,0.20000000000000018
4.0,10.0,3.0,4.0,A,1.2,1.2,1.2,1.8,1483.0339256055745,1466.8866619372666,16.147263668307914,6.0,0.0,-0.6000000000000001
4.0,8.0,0.0,1.0,D,1.0,0.6,0.4,1.8,1578.843563895881,1500.9781732063138,77.86539068956722,7.0,0.6,-1.2000000000000002
3.0,4.0,4.0,6.0,H,1.0,1.4,0.8,0.8,1506.9428225113375,1537.9008847870416,-30.95806227570415,-2.0,0.19999999999999996,0.5999999999999999
1.0,4.0,9.0,10.0,A,1.0,2.2,2.0,1.6,1413.0896070601627,1558.1340146863179,-145.04440762615513,-6.0,-1.0,0.6000000000000001
0.0,4.0,1.0,7.0,A,1.0,1.2,1.2,1.6,1432.9240437863848,1494.7898533067487,-61.86580952036388,-3.0,-0.19999999999999996,-0.40000000000000013
6.0,12.0,2.0,6.0,H,2.4,1.0,0.8,0.8,1859.5225981866363,1576.8117404003406,282.7108577862957,6.0,1.5999999999999999,0.19999999999999996
6.0,12.0,3.0,4.0,H,2.2,1.2,0.6,1.4,1776.9112292577145,1483.6200106819113,293.2912185758032,8.0,1.6,-0.19999999999999996
1.0,2.0,6.0,9.0,H,0.8,2.0,1.2,1.2,1506.3171666214719,1420.1574183570576,86.15974826441425,-7.0,-0.3999999999999999,0.8
6.0,7.0,3.0,3.0,H,1.2,1.4,1.0,2.4,1476.077115936291,1529.5080125679767,-53.430896631685755,4.0,0.19999999999999996,-1.0
6.0,7.0,6.0,7.0,A,1.4,1.2,1.2,1.0,1515.663507592629,1740.4613912726359,-224.79788368000686,0.0,0.19999999999999996,0.19999999999999996
9.0,15.0,5.0,6.0,H,2.6,0.2,1.8,1.6,1796.6437400454324,1706.8223338483747,89.82140619705774,9.0,0.8,-1.4000000000000001
1.0,2.0,7.0,11.0,H,1.2,2.0,2.0,1.2,1487.904351245655,1688.7002758140934,-200.7959245684383,-9.0,-0.8,0.8
9.0,9.0,9.0,15.0,A,1.4,1.2,2.8,0.4,1471.6908873837206,1801.0299685980028,-329.33908121428226,-6.0,-1.4,0.7999999999999999
9.0,12.0,4.0,4.0,A,2.2,1.4,1.2,2.2,1544.022767065041,1520.4284142427487,23.59435282229242,8.0,1.0000000000000002,-0.8000000000000003
4.0,7.0,1.0,4.0,D,1.0,1.4,1.0,2.2,1489.989922029171,1417.8895383377403,72.1003836914308,3.0,0.0,-0.8000000000000003
6.0,12.0,3.0,7.0,A,2.4,1.0,1.2,1.2,1840.8986132037685,1525.5668074942052,315.33180570956324,5.0,1.2,-0.19999999999999996
0.0,3.0,3.0,4.0,A,0.8,1.2,1.6,2.2,1421.635476591748,1499.1929184402918,-77.5574418485437,-1.0,-0.8,-1.0000000000000002
3.0,6.0,4.0,6.0,A,1.2,1.6,1.8,1.6,1415.0665657832124,1711.91318642222,-296.8466206390076,0.0,-0.6000000000000001,0.0
3.0,3.0,3.0,7.0,H,0.8,2.4,1.4,1.2,1536.3437489727119,1508.8277711878939,27.515977784818006,-4.0,-0.5999999999999999,1.2
4.0,10.0,3.0,3.0,H,2.2,1.6,0.6,1.6,1691.64565610815,1480.6746303878547,210.9710257202953,7.0,1.6,0.0
6.0,9.0,1.0,5.0,A,1.6,1.2,0.8,1.0,1723.4433890173557,1554.9188870423218,168.5245019750339,4.0,0.8,0.19999999999999996
2.0,5.0,9.0,12.0,A,1.0,1.4,2.2,1.2,1569.615678995727,1784.107290662328,-214.4916116666011,-7.0,-1.2000000000000002,0.19999999999999996
1.0,2.0,6.0,9.0,D,0.4,1.8,1.4,1.2,1416.5676161326812,1473.0128095887796,-56.44519345609842,-7.0,-0.9999999999999999,0.6000000000000001
0.0,6.0,6.0,10.0,D,1.2,1.4,2.4,1.6,1511.1673176235465,1689.3061096724973,-178.1387920489508,-4.0,-1.2,-0.20000000000000018
3.0,3.0,1.0,2.0,A,0.6,1.8,1.2,2.6,1470.356435633897,1579.9338737496846,-109.57743811578757,1.0,-0.6,-0.8
6.0,9.0,3.0,6.0,D,1.8,1.6,1.4,2.4,1520.1546852758825,1420.4786880015351,99.67599727434731,3.0,0.40000000000000013,-0.7999999999999998
3.0,7.0,3.0,9.0,H,0.8,0.8,2.0,1.6,1569.8130514358688,1826.0044488102214,-256.1913973743526,-2.0,-1.2,-0.8
9.0,15.0,4.0,5.0,H,2.6,0.4,0.6,1.2,1802.7458017666015,1488.2740888605724,314.4717129060291,10.0,2.0,-0.7999999999999999
6.0,8.0,0.0,0.0,H,2.8,1.8,0.6,1.8,1713.8260163086272,1419.7226467053408,294.1033696032864,8.0,2.1999999999999997,0.0
9.0,12.0,3.0,6.0,H,2.8,1.4,1.0,2.0,1786.4873876723434,1533.9636519626965,252.52373570964687,6.0,1.7999999999999998,-0.6000000000000001
7.0,7.0,6.0,9.0,A,1.6,1.6,1.4,0.8,1513.3094865565533,1730.562316703551,-217.25283014699767,-2.0,0.20000000000000018,0.8
6.0,7.0,6.0,12.0,A,1.8,1.8,2.2,1.0,1487.6182071155497,1555.5974783897832,-67.9792712742335,-5.0,-0.40000000000000013,0.8
9.0,15.0,4.0,10.0,A,3.4,0.6,1.4,1.0,1768.18136484756,1491.318832413563,276.8625324339969,5.0,2.0,-0.4
9.0,15.0,4.0,8.0,H,3.2,0.4,1.8,1.4,1807.2741309201078,1684.777780518991,122.49635040111684,7.0,1.4000000000000001,-0.9999999999999999
6.0,7.0,4.0,5.0,D,1.8,1.6,0.6,1.4,1509.8583961733295,1491.7251792437962,18.13321692953332,2.0,1.2000000000000002,0.20000000000000018
2.0,3.0,0.0,0.0,H,0.6,1.6,0.6,2.0,1423.8502102787224,1412.4400525592996,11.410157719422841,3.0,0.0,-0.3999999999999999
6.0,7.0,1.0,4.0,A,0.8,1.0,1.0,2.2,1553.6585857400573,1436.6331536973466,117.02543204271069,3.0,-0.19999999999999996,-1.2000000000000002
1.0,4.0,3.0,5.0,H,1.0,1.4,2.2,2.6,1520.2707607152845,1570.8304306579466,-50.55966994266214,-1.0,-1.2000000000000002,-1.2000000000000002
0.0,3.0,6.0,12.0,H,0.8,2.4,2.0,1.2,1479.9318940316741,1546.022019992006,-66.09012596033199,-9.0,-1.2,1.2
7.0,7.0,6.0,9.0,A,1.4,1.6,1.4,1.0,1513.2296556579624,1737.487346321471,-224.25769066350858,-2.0,0.0,0.6000000000000001
6.0,10.0,3.0,6.0,H,3.0,1.6,0.8,2.4,1717.1549648452924,1530.6347034260314,186.52026141926103,4.0,2.2,-0.7999999999999998
6.0,6.0,3.0,6.0,A,1.6,1.8,1.6,1.8,1483.5731129119815,1830.0495430137896,-346.4764301018081,0.0,0.0,0.0
3.0,4.0,6.0,6.0,A,2.0,2.6,0.6,1.0,1557.5802503932914,1566.9087660047126,-9.328515611421153,-2.0,1.4,1.6
4.0,7.0,5.0,5.0,H,1.6,2.0,0.6,1.4,1687.0035121944245,1421.624478603289,265.37903359113557,2.0,1.0,0.6000000000000001
4.0,7.0,6.0,12.0,A,1.0,1.6,3.0,1.0,1432.4595477170778,1772.3549708278288,-339.8954231107509,-5.0,-2.0,0.6000000000000001
4.0,10.0,4.0,7.0,A,1.6,1.0,1.2,1.2,1479.108342536281,1525.4401455352445,-46.33180299896344,3.0,0.40000000000000013,-0.19999999999999996
3.0,9.0,4.0,4.0,D,1.4,1.4,0.6,1.2,1542.55279233841,1523.7399883688806,18.81280396952934,5.0,0.7999999999999999,0.19999999999999996
2.0,5.0,9.0,12.0,A,0.6,1.4,3.4,1.4,1485.1862651492822,1723.6938789398064,-238.50761379052415,-7.0,-2.8,0.0
3.0,3.0,4.0,8.0,D,0.6,3.0,1.8,1.4,1527.2920527700212,1513.2010468293397,14.091005940681498,-5.0,-1.2000000000000002,1.6
6.0,12.0,3.0,6.0,D,1.4,0.6,1.6,1.8,1729.7941973547843,1491.2662618786683,238.527935476116,6.0,-0.20000000000000018,-1.2000000000000002
0.0,0.0,3.0,6.0,A,0.4,1.8,1.0,1.8,1401.5071134581738,1490.8648331328,-89.3577196746262,-6.0,-0.6,0.0
3.0,6.0,9.0,15.0,H,1.8,1.8,3.6,0.4,1836.6558811666,1800.6677927672974,35.98808839930257,-9.0,-1.8,1.4
4.0,10.0,2.0,8.0,A,1.2,0.6,2.0,1.6,1512.3175232989113,1526.323669065673,-14.00614576676162,2.0,-0.8,-1.0
6.0,9.0,1.0,7.0,A,0.8,0.6,1.6,1.6,1552.2441387707495,1505.9308891126313,46.31324965811814,2.0,-0.8,-1.0
4.0,7.0,4.0,7.0,H,1.2,1.4,2.2,2.2,1553.8252517118992,1675.7310528209352,-121.90580110903602,0.0,-1.0000000000000002,-0.8000000000000003
4.0,4.0,0.0,0.0,D,0.8,2.2,0.6,2.0,1428.8593257446455,1405.107335430606,23.751990314039404,4.0,0.20000000000000007,0.20000000000000018
6.0,6.0,4.0,5.0,H,1.2,2.0,0.6,1.4,1496.3456134060114,1416.1436983300775,80.20191507593381,1.0,0.6,0.6000000000000001
5.0,5.0,6.0,12.0,A,1.0,1.4,3.0,0.8,1518.4335101128543,1805.9742710233238,-287.54076091046954,-7.0,-2.0,0.5999999999999999
7.0,10.0,1.0,5.0,H,1.0,0.6,0.4,1.4,1732.2126484147852,1482.7678140892813,249.44483432550396,5.0,0.6,-0.7999999999999999
3.0,3.0,1.0,4.0,H,1.6,2.4,1.2,2.8,1563.9966800961272,1520.8756230671854,43.12105702894178,-1.0,0.40000000000000013,-0.3999999999999999
6.0,12.0,9.0,12.0,A,3.2,1.0,3.0,1.2,1758.3194815828265,1737.7293681848087,20.59011339801782,0.0,0.20000000000000018,-0.19999999999999996
6.0,9.0,4.0,7.0,H,2.2,1.6,1.2,1.2,1837.9957026799627,1477.7685210229183,360.2271816570444,2.0,1.0000000000000002,0.40000000000000013
3.0,4.0,3.0,9.0,H,0.8,1.8,1.0,0.8,1487.0351890653935,1542.9774707282743,-55.94228166288076,-5.0,-0.19999999999999996,1.0
5.0,8.0,9.0,9.0,D,1.8,1.4,1.6,2.0,1522.7478815070897,1499.9214009645946,22.82648054249512,-1.0,0.19999999999999996,-0.6000000000000001
4.0,7.0,3.0,6.0,H,1.4,1.4,1.8,1.8,1514.729752462484,1555.1978167462746,-40.46806428379068,1.0,-0.40000000000000013,-0.40000000000000013
1.0,2.0,4.0,5.0,H,0.4,1.8,0.4,1.6,1488.606663934855,1423.0204758990717,65.58618803578338,-3.0,0.0,0.19999999999999996
9.0,15.0,4.0,5.0,H,3.0,0.6,0.8,1.2,1740.4750933614434,1515.6877849362195,224.78730842522396,10.0,2.2,-0.6
1.0,4.0,4.0,7.0,H,1.2,2.8,1.0,1.4,1528.9693651146672,1545.7315096644174,-16.762144549750246,-3.0,0.19999999999999996,1.4
3.0,7.0,7.0,10.0,H,1.8,1.8,1.0,0.6,1684.4850021104724,1723.4586991252481,-38.97369701477578,-3.0,0.8,1.2000000000000002
6.0,12.0,3.0,7.0,H,2.6,0.6,1.2,1.0,1807.8537160422693,1510.4380782799658,297.4156377623035,5.0,1.4000000000000001,-0.4
3.0,5.0,3.0,9.0,A,0.8,1.4,3.0,1.2,1412.1685410422103,1762.2946388706937,-350.12609782848335,-4.0,-2.2,0.19999999999999996
1.0,1.0,9.0,9.0,A,0.6,1.8,2.2,1.4,1402.541750154571,1840.5612879559978,-438.01953780142685,-8.0,-1.6,0.40000000000000013
3.0,4.0,9.0,12.0,H,1.0,1.8,2.4,0.8,1504.8077633607193,1824.3601885301337,-319.5524251694144,-8.0,-1.4,1.0
3.0,7.0,4.0,7.0,H,1.6,2.0,1.0,1.4,1495.851942568567,1536.914756161244,-41.062813592677,0.0,0.6000000000000001,0.6000000000000001
9.0,15.0,7.0,10.0,D,2.4,0.6,1.4,1.4,1732.9436018987458,1507.4528924272922,225.49070947145356,5.0,1.0,-0.7999999999999999
0.0,4.0,1.0,5.0,H,1.0,1.8,1.0,1.2,1422.2698295597565,1505.5864964186733,-83.31666685891673,-1.0,0.0,0.6000000000000001
1.0,1.0,3.0,6.0,A,0.4,1.8,1.6,1.0,1394.0458153872564,1563.6937515135892,-169.64793612633275,-5.0,-1.2000000000000002,0.8
6.0,7.0,1.0,5.0,H,1.6,1.6,0.2,1.2,1686.7046270789565,1420.8008509305876,265.90377614836893,2.0,1.4000000000000001,0.40000000000000013
4.0,4.0,4.0,10.0,H,1.2,2.8,1.0,0.8,1541.623861989269,1710.8042022506463,-169.1803402613773,-6.0,0.19999999999999996,1.9999999999999998
6.0,12.0,3.0,6.0,D,3.0,1.2,1.4,1.6,1800.034881815848,1550.7963049546956,249.2385768611523,6.0,1.6,-0.40000000000000013
7.0,7.0,3.0,4.0,D,1.2,1.4,1.2,1.4,1511.8150197336824,1513.3528110087673,-1.5377912750848282,3.0,0.0,0.0
6.0,9.0,5.0,6.0,H,2.2,1.0,1.4,1.4,1764.775717209909,1520.2668031678743,244.5089140420348,3.0,0.8000000000000003,-0.3999999999999999
0.0,4.0,4.0,6.0,D,1.2,1.8,1.4,1.4,1503.17899913173,1522.6743004548175,-19.49530132308746,-2.0,-0.19999999999999996,0.40000000000000013
5.0,11.0,7.0,8.0,D,1.6,0.8,1.2,1.2,1504.7676943600425,1514.5002178009322,-9.732523440889736,3.0,0.40000000000000013,-0.3999999999999999
1.0,4.0,6.0,7.0,H,0.4,1.6,2.0,1.8,1431.3994687892148,1531.0252441306418,-99.62577534142702,-3.0,-1.6,-0.19999999999999996
3.0,7.0,1.0,1.0,H,0.6,1.4,0.2,1.4,1712.4690993072597,1392.380918330643,320.08818097661674,6.0,0.39999999999999997,0.0
1.0,4.0,3.0,6.0,H,1.4,1.6,1.6,2.0,1518.3477510687708,1417.274889499753,101.07286156901773,-2.0,-0.20000000000000018,-0.3999999999999999
6.0,6.0,6.0,9.0,A,0.8,0.8,2.0,1.8,1549.2066222812377,1510.3390718009184,38.86755048031932,-3.0,-1.2,-1.0
6.0,9.0,6.0,7.0,H,1.6,1.2,1.4,1.2,1767.0123990420173,1502.571081528611,264.44131751340615,2.0,0.20000000000000018,0.0
1.0,4.0,7.0,13.0,A,1.2,1.6,2.2,0.8,1543.117598537249,1740.6223083161924,-197.50470977894338,-9.0,-1.0000000000000002,0.8
6.0,12.0,6.0,9.0,H,2.4,0.8,1.8,1.6,1828.4188727363758,1682.6459428727144,145.77292986366137,3.0,0.5999999999999999,-0.8
3.0,4.0,7.0,10.0,D,0.6,1.8,2.4,1.4,1541.2926880032028,1795.6569499738891,-254.36426197068636,-6.0,-1.7999999999999998,0.40000000000000013
3.0,6.0,6.0,12.0,A,1.0,1.2,2.4,0.8,1543.9512526812093,1833.6742423364042,-289.72298965519485,-6.0,-1.4,0.3999999999999999
1.0,2.0,3.0,9.0,A,1.0,1.8,1.4,1.0,1490.4198909373245,1517.526802554448,-27.106911617123615,-7.0,-0.3999999999999999,0.8
4.0,7.0,1.0,5.0,D,1.8,1.4,0.8,1.6,1516.1655895735553,1543.4748494984183,-27.309259924863,2.0,1.0,-0.20000000000000018
3.0,3.0,7.0,13.0,A,1.4,2.4,1.6,0.6,1412.943228879881,1744.9539689360645,-332.0107400561835,-10.0,-0.20000000000000018,1.7999999999999998
0.0,1.0,6.0,9.0,A,0.2,2.2,1.8,1.2,1387.3683123864048,1687.6585488169526,-300.2902364305478,-8.0,-1.6,1.0000000000000002
5.0,8.0,6.0,7.0,H,1.6,1.4,1.8,1.4,1797.8408527905096,1528.8413413140213,268.99951147648835,1.0,-0.19999999999999996,0.0
5.0,9.0,3.0,4.0,A,1.2,0.8,0.6,1.6,1499.66932397992,1446.230362610227,53.438961369692834,5.0,0.6,-0.8
2.0,6.0,3.0,6.0,H,1.2,1.2,1.0,1.4,1530.446464781356,1536.1790883546707,-5.7326235733146405,0.0,0.19999999999999996,-0.19999999999999996
9.0,12.0,1.0,4.0,H,1.6,0.6,1.2,1.6,1769.696014154838,1540.4339834244283,229.2620307304096,8.0,0.40000000000000013,-1.0
6.0,12.0,3.0,7.0,H,2.4,0.6,1.4,1.4,1838.047897561476,1708.095444082188,129.95245347928812,5.0,1.0,-0.7999999999999999
9.0,9.0,6.0,6.0,D,2.0,1.8,1.2,1.2,1507.3330523848929,1505.5771009446366,1.75595144025624,3.0,0.8,0.6000000000000001
6.0,7.0,4.0,8.0,A,1.0,1.2,0.8,0.6,1435.776377789286,1540.9004496022972,-105.12407181301114,-1.0,0.19999999999999996,0.6
2.0,5.0,3.0,3.0,H,0.6,1.4,1.2,2.2,1547.6678154609235,1408.7502629173757,138.9175525435478,2.0,-0.6,-0.8000000000000003
4.0,7.0,0.0,1.0,H,1.4,1.0,0.2,2.2,1510.0099835417573,1382.9354297892842,127.0745537524731,6.0,1.2,-1.2000000000000002
3.0,6.0,7.0,10.0,D,1.2,1.4,2.2,1.6,1525.4799897370658,1510.6944039618484,14.785585775217442,-4.0,-1.0000000000000002,-0.20000000000000018
5.0,9.0,9.0,12.0,H,1.6,1.0,1.6,0.8,1531.6464742885228,1755.5763424207632,-223.92986813224047,-3.0,0.0,0.19999999999999996
1.0,1.0,5.0,5.0,A,1.2,2.2,1.6,1.6,1527.002354707673,1529.5972182903106,-2.594863582637572,-4.0,-0.40000000000000013,0.6000000000000001
7.0,13.0,5.0,11.0,D,1.8,0.6,2.0,1.0,1743.6061953050569,1799.1886264215173,-55.582431116460384,2.0,-0.19999999999999996,-0.4
6.0,9.0,2.0,8.0,H,1.4,1.2,1.4,1.2,1690.8597016974663,1496.4681710994062,194.39153059806017,1.0,0.0,0.0
6.0,6.0,0.0,3.0,A,1.2,2.2,0.6,1.6,1425.7879687259033,1546.1674974180535,-120.37952869215019,3.0,0.6,0.6000000000000001
0.0,0.0,5.0,11.0,H,0.2,2.6,2.4,1.2,1393.7327015534227,1499.8971321977099,-106.16443064428722,-11.0,-2.1999999999999997,1.4000000000000001
0.0,1.0,1.0,1.0,H,1.2,2.6,0.8,2.0,1533.2619213813985,1484.160324263599,49.10159711779943,0.0,0.3999999999999999,0.6000000000000001
4.0,10.0,7.0,9.0,H,1.6,0.6,1.6,1.0,1517.7919848684257,1523.8644729618543,-6.072488093428547,1.0,0.0,-0.4
6.0,12.0,1.0,7.0,H,1.8,1.0,1.4,1.2,1694.4264619035273,1521.9132295310048,172.51323237252245,5.0,0.40000000000000013,-0.19999999999999996
3.0,6.0,6.0,12.0,H,1.4,2.6,1.8,1.0,1716.5952320651577,1747.0765544377934,-30.48132237263576,-6.0,-0.40000000000000013,1.6
7.0,8.0,7.0,11.0,A,2.2,1.4,1.6,0.6,1522.7657411497248,1750.4376724456426,-227.67193129591783,-3.0,0.6000000000000001,0.7999999999999999
5.0,9.0,7.0,8.0,H,1.8,1.0,1.4,0.6,1801.444589512937,1538.6444865108774,262.8001030020596,1.0,0.40000000000000013,0.4
9.0,12.0,5.0,5.0,H,3.0,0.6,1.0,1.6,1839.9597082664125,1545.756004755987,294.2037035104254,7.0,2.0,-1.0
1.0,5.0,0.0,3.0,H,1.0,1.4,1.2,2.4,1501.5360543934396,1403.6823796233423,97.85367477009731,2.0,-0.19999999999999996,-1.0
4.0,5.0,7.0,10.0,H,1.0,1.4,1.4,0.6,1552.230878236028,1511.3171113883848,40.913766847643274,-5.0,-0.3999999999999999,0.7999999999999999
3.0,9.0,9.0,12.0,D,1.4,1.2,2.4,1.2,1742.9453974236349,1698.5576189176859,44.38777850594897,-3.0,-1.0,0.0
7.0,11.0,3.0,5.0,H,1.8,0.6,1.0,1.2,1752.804066600285,1499.1696602387972,253.6344063614879,6.0,0.8,-0.6
2.0,8.0,3.0,6.0,H,1.6,0.8,1.2,2.2,1505.2671062546492,1420.417994668964,84.84911158568525,2.0,0.40000000000000013,-1.4000000000000001
1.0,1.0,3.0,3.0,H,1.0,2.2,0.4,2.0,1489.1694151728395,1388.7236106441821,100.44580452865739,-2.0,0.6,0.20000000000000018
1.0,4.0,9.0,12.0,A,1.2,2.2,2.6,0.6,1517.4771223188957,1844.3958154785216,-326.91869315962595,-8.0,-1.4000000000000001,1.6
6.0,8.0,4.0,8.0,A,1.6,1.4,1.8,1.2,1511.0340564408648,1535.5961576707143,-24.56210122984953,0.0,-0.19999999999999996,0.19999999999999996
3.0,6.0,7.0,9.0,D,1.0,1.2,2.0,0.4,1550.3611649663526,1797.2509219646379,-246.8897569982853,-3.0,-1.0,0.7999999999999999
0.0,3.0,6.0,6.0,A,1.0,2.4,1.4,2.4,1399.1434178689099,1721.13419381959,-321.99077595068024,-3.0,-0.3999999999999999,0.0
6.0,7.0,3.0,4.0,H,1.4,1.6,1.0,2.0,1545.7010492812683,1526.2053586110076,19.49569067026073,3.0,0.3999999999999999,-0.3999999999999999
3.0,4.0,1.0,7.0,H,1.2,1.6,1.2,1.2,1513.0867726367856,1729.0282850256465,-215.94151238886093,-3.0,0.0,0.40000000000000013
6.0,7.0,4.0,4.0,H,1.0,0.8,0.8,1.2,1519.580440615504,1542.0978357392335,-22.517395123729557,3.0,0.19999999999999996,-0.3999999999999999
9.0,15.0,6.0,10.0,H,2.6,0.2,1.6,1.4,1846.2264545857024,1543.8704101740875,302.3560444116149,5.0,1.0,-1.2
3.0,3.0,0.0,0.0,H,1.0,2.2,0.4,2.4,1530.464897586491,1394.8838788934265,135.58101869306438,3.0,0.6,-0.19999999999999973
6.0,10.0,3.0,4.0,A,2.2,1.2,1.0,1.8,1521.614644552613,1503.1509282909408,18.46371626167229,6.0,1.2000000000000002,-0.6000000000000001
0.0,6.0,6.0,8.0,H,1.0,2.2,1.4,0.8,1431.3310926465438,1541.3177802584482,-109.98668761190447,-2.0,-0.3999999999999999,1.4000000000000001
3.0,3.0,1.0,1.0,A,0.4,2.0,0.4,2.4,1379.5493189780273,1526.6514139850506,-147.1020950070233,2.0,0.0,-0.3999999999999999
7.0,10.0,7.0,13.0,H,2.2,1.2,2.0,0.6,1707.24828593741,1744.113399580561,-36.86511364315106,-3.0,0.20000000000000018,0.6
6.0,9.0,4.0,8.0,D,1.8,2.2,1.4,0.8,1713.9270084914058,1512.4742915828335,201.45271690857226,1.0,0.40000000000000013,1.4000000000000001
5.0,9.0,3.0,7.0,H,1.8,0.2,1.4,1.6,1799.2045737933747,1509.080404612128,290.12416918124677,2.0,0.40000000000000013,-1.4000000000000001
0.0,6.0,6.0,6.0,A,1.6,2.2,1.6,2.2,1496.855510786855,1542.689791411764,-45.83428062490907,0.0,0.0,0.0
3.0,4.0,6.0,10.0,D,0.8,2.0,1.6,1.0,1523.6636545043,1522.5682000962545,1.095454408045498,-6.0,-0.8,1.0
3.0,7.0,3.0,3.0,H,1.2,1.0,0.4,1.4,1544.94587124008,1375.9212279963956,169.0246432436843,4.0,0.7999999999999999,-0.3999999999999999
4.0,4.0,7.0,10.0,H,1.0,1.2,2.0,1.6,1554.1362855787872,1701.888558651852,-147.75227307306477,-6.0,-1.0,-0.40000000000000013
0.0,0.0,7.0,11.0,A,0.6,2.6,2.4,0.4,1391.9274997643315,1802.1609529224697,-410.2334531581382,-11.0,-1.7999999999999998,2.2
6.0,9.0,4.0,7.0,A,1.8,1.4,1.4,0.8,1532.3900969853917,1566.6920598334755,-34.301962848083804,2.0,0.40000000000000013,0.5999999999999999
6.0,10.0,3.0,9.0,H,1.8,1.0,1.8,2.0,1747.1294064830872,1540.8544032715613,206.27500321152593,1.0,0.0,-1.0
0.0,0.0,9.0,15.0,A,0.8,2.4,2.6,0.2,1389.6251644484605,1848.5287899015734,-458.9036254531129,-15.0,-1.8,2.1999999999999997
6.0,9.0,4.0,5.0,H,1.8,1.8,1.2,1.8,1549.3919613590285,1516.9614845570354,32.43047680199311,4.0,0.6000000000000001,0.0
0.0,3.0,4.0,6.0,H,1.2,2.4,1.0,0.8,1504.4734758549732,1504.8563265147152,-0.38285065974196186,-3.0,0.19999999999999996,1.5999999999999999
6.0,7.0,6.0,6.0,A,1.0,1.2,1.4,1.6,1490.6152187583343,1525.622482169392,-35.00726341105769,1.0,-0.3999999999999999,-0.40000000000000013
3.0,7.0,0.0,3.0,H,2.0,1.6,0.8,1.8,1525.5257002938085,1372.0101722552001,153.5155280386084,4.0,1.2,-0.19999999999999996
3.0,6.0,4.0,7.0,A,1.0,2.2,1.0,2.0,1425.8804277586835,1707.3392235397123,-281.4587957810288,-1.0,0.0,0.20000000000000018
7.0,11.0,1.0,4.0,H,2.2,0.6,1.2,1.6,1807.5530364140864,1723.6362015340299,83.91683488005651,7.0,1.0000000000000002,-1.0
7.0,13.0,4.0,10.0,H,2.4,0.6,1.8,1.2,1710.500989548348,1519.3154964853165,191.18549306303134,3.0,0.5999999999999999,-0.6
3.0,6.0,0.0,0.0,H,1.8,2.4,0.6,2.2,1544.6661702979047,1385.813397422117,158.85277287578765,6.0,1.2000000000000002,0.19999999999999973
4.0,5.0,6.0,10.0,H,0.8,1.0,1.6,1.2,1518.736763228829,1733.2489697689734,-214.51220654014446,-5.0,-0.8,-0.19999999999999996
4.0,10.0,6.0,6.0,H,1.4,1.0,1.0,1.4,1710.120206588205,1487.8342357098416,222.2859708783635,4.0,0.3999999999999999,-0.3999999999999999
9.0,15.0,3.0,3.0,H,2.6,0.2,0.8,2.4,1849.4695619365814,1424.9396557236755,424.52990621290587,12.0,1.8,-2.1999999999999997
1.0,1.0,6.0,9.0,H,0.8,1.8,2.2,1.4,1726.6837835305562,1522.4781182972822,204.20566523327398,-8.0,-1.4000000000000001,0.40000000000000013
6.0,9.0,9.0,13.0,A,1.4,1.2,2.6,0.8,1520.4275133894691,1812.7480051940092,-292.3204918045401,-4.0,-1.2000000000000002,0.3999999999999999
0.0,3.0,9.0,12.0,A,0.8,1.8,2.0,1.0,1364.201288042481,1557.2008455717475,-192.99955752926644,-9.0,-1.2,0.8
4.0,7.0,3.0,6.0,A,1.4,1.6,1.4,1.6,1506.5982929917914,1535.1953217908074,-28.597028799016016,1.0,0.0,0.0
4.0,4.0,3.0,3.0,A,1.0,2.0,1.2,2.2,1503.832398127519,1517.6025622844897,-13.77016415697085,1.0,-0.19999999999999996,-0.20000000000000018
6.0,10.0,7.0,13.0,H,1.8,0.6,2.4,0.4,1577.9463418431164,1699.246707538707,-121.30036569559047,-3.0,-0.5999999999999999,0.19999999999999996
6.0,10.0,3.0,6.0,H,1.6,1.0,1.2,1.6,1713.4833539421536,1529.0269496314431,184.45640431071047,4.0,0.40000000000000013,-0.6000000000000001
9.0,12.0,1.0,4.0,A,2.4,1.0,1.0,1.8,1543.1186824435638,1520.6804561199751,22.43822632358865,8.0,1.4,-0.8
3.0,6.0,1.0,4.0,A,0.8,1.4,1.0,1.6,1475.4625033532432,1516.2041304841173,-40.74162713087412,2.0,-0.19999999999999996,-0.20000000000000018
6.0,6.0,3.0,3.0,H,1.8,2.0,0.6,1.8,1522.56349756968,1419.9787204384852,102.58477713119487,3.0,1.2000000000000002,0.19999999999999996
0.0,0.0,9.0,10.0,H,0.8,2.6,1.4,0.6,1398.4047382205028,1565.3550010447307,-166.95026282422782,-10.0,-0.5999999999999999,2.0
3.0,9.0,3.0,6.0,H,1.8,1.6,1.2,1.8,1736.206780230986,1526.0691391694306,210.1376410615553,3.0,0.6000000000000001,-0.19999999999999996
6.0,9.0,4.0,7.0,H,1.6,1.4,1.0,1.0,1527.5814298728235,1511.5828467454746,15.998583127348866,2.0,0.6000000000000001,0.3999999999999999
3.0,4.0,0.0,0.0,H,1.0,1.4,0.8,2.6,1727.9885271636729,1362.8965444093644,365.09198275430845,4.0,0.19999999999999996,-1.2000000000000002
6.0,9.0,9.0,15.0,A,1.4,1.0,1.8,0.2,1530.6837992811863,1853.9810844462024,-323.2972851650161,-6.0,-0.40000000000000013,0.8
9.0,13.0,9.0,10.0,H,2.2,1.0,1.6,0.8,1817.568536795184,1708.662822340979,108.90571445420505,3.0,0.6000000000000001,0.19999999999999996
3.0,6.0,6.0,10.0,A,1.6,2.4,2.0,0.6,1536.2243275748924,1707.6885502617192,-171.46422268682682,-4.0,-0.3999999999999999,1.7999999999999998
0.0,6.0,0.0,3.0,A,0.6,2.0,0.6,1.6,1461.2639342369655,1434.1772895547629,27.086644682202632,3.0,0.0,0.3999999999999999
3.0,7.0,0.0,3.0,D,1.2,1.4,0.4,2.4,1507.5074892782347,1465.3392917042054,42.168197574029364,4.0,0.7999999999999999,-1.0
3.0,7.0,6.0,9.0,H,1.2,1.4,1.8,1.6,1528.0631951857192,1520.1986908070794,7.864504378639822,-2.0,-0.6000000000000001,-0.20000000000000018
0.0,3.0,6.0,12.0,D,1.0,2.2,2.2,0.8,1523.7259861853768,1545.4618354276176,-21.735849242240874,-9.0,-1.2000000000000002,1.4000000000000001
0.0,0.0,3.0,6.0,A,0.8,3.2,1.6,1.6,1354.9762988348161,1544.1445731494407,-189.16827431462457,-6.0,-0.8,1.6
9.0,15.0,6.0,7.0,H,2.2,0.4,1.8,1.0,1858.2612965337116,1723.7083150761637,134.55298145754796,8.0,0.40000000000000013,-0.6
3.0,7.0,3.0,3.0,A,2.0,1.4,1.0,2.2,1500.6451497910286,1413.9637189135915,86.68143087743715,4.0,1.0,-0.8000000000000003
6.0,10.0,3.0,6.0,A,1.2,0.4,1.0,1.4,1691.0633952244696,1547.308954318436,143.75444090603355,4.0,0.19999999999999996,-0.9999999999999999
3.0,6.0,9.0,15.0,A,1.0,1.2,2.6,1.0,1430.904327791972,1820.8414985579748,-389.93717076600274,-9.0,-1.6,0.19999999999999996
6.0,9.0,6.0,9.0,H,1.4,1.0,1.6,1.6,1577.3664727848045,1724.195308490912,-146.8288357061076,0.0,-0.20000000000000018,-0.6000000000000001
6.0,9.0,9.0,9.0,D,1.4,1.0,2.0,1.4,1701.8933351677285,1529.3329847429304,172.56035042479812,0.0,-0.6000000000000001,-0.3999999999999999
6.0,6.0,1.0,1.0,H,1.6,1.0,0.0,2.2,1725.9633468595057,1463.0842599208634,262.87908693864233,5.0,1.6,-1.2000000000000002
6.0,6.0,3.0,9.0,D,1.6,1.6,1.6,1.6,1540.7211365380622,1523.622127418458,17.09900911960426,-3.0,0.0,0.0
3.0,6.0,9.0,15.0,A,1.0,2.0,2.2,0.4,1715.1726763886345,1867.2839286359892,-152.11125224735474,-9.0,-1.2000000000000002,1.6
4.0,5.0,3.0,9.0,H,0.8,1.4,1.4,0.8,1519.867104989122,1678.7037795135823,-158.83667452446025,-4.0,-0.5999999999999999,0.5999999999999999
9.0,15.0,0.0,0.0,H,2.2,0.6,1.0,3.2,1821.5827491987811,1354.2350481940098,467.34770100477135,15.0,1.2000000000000002,-2.6
6.0,9.0,1.0,4.0,A,1.6,0.6,1.4,2.2,1708.9500676653631,1540.7392653795193,168.21080228584378,5.0,0.20000000000000018,-1.6
4.0,7.0,3.0,4.0,D,1.4,1.6,1.6,1.6,1520.223333217805,1504.0439439916815,16.179389226123476,3.0,-0.20000000000000018,0.0
4.0,7.0,4.0,7.0,A,1.6,1.2,1.2,1.4,1527.3764989021204,1533.2117426250638,-5.83524372294346,0.0,0.40000000000000013,-0.19999999999999996
6.0,9.0,6.0,12.0,D,1.4,1.4,1.8,0.4,1545.3226085270076,1579.352818576233,-34.03021004922539,-3.0,-0.40000000000000013,0.9999999999999999
1.0,1.0,6.0,7.0,D,0.0,2.2,1.2,1.2,1462.0796726789936,1529.067782427589,-66.98810974859543,-6.0,-1.2,1.0000000000000002
6.0,6.0,3.0,3.0,H,1.0,1.6,0.6,1.6,1421.6176029074227,1423.2504437981409,-1.632840890718171,3.0,0.4,0.0
7.0,10.0,9.0,15.0,A,2.0,1.0,2.0,0.2,1525.2797984816195,1871.3371148973001,-346.0573164156806,-5.0,0.0,0.8
4.0,10.0,3.0,6.0,H,2.0,1.0,1.2,1.4,1556.4157065956476,1667.7499083455523,-111.33420174990465,4.0,0.8,-0.3999999999999999
3.0,6.0,4.0,10.0,D,1.0,2.0,1.8,1.0,1712.023058323466,1705.042953232897,6.980105090569168,-4.0,-0.8,1.0
4.0,10.0,4.0,10.0,H,1.4,0.4,1.8,0.8,1585.1877535670956,1519.444863490757,65.74289007633865,0.0,-0.40000000000000013,-0.4
7.0,10.0,9.0,9.0,H,1.6,1.2,1.0,1.2,1537.7773957032553,1417.0519498292313,120.72544587402399,1.0,0.6000000000000001,0.0
4.0,4.0,2.0,5.0,H,0.8,1.6,1.8,2.2,1547.403273237613,1513.5593253597115,33.84394787790143,-1.0,-1.0,-0.6000000000000001
7.0,7.0,9.0,15.0,A,1.0,1.0,2.8,0.4,1524.103669622661,1826.546862003709,-302.443192381048,-8.0,-1.7999999999999998,0.6
4.0,4.0,3.0,9.0,H,1.8,1.8,1.4,0.4,1516.974851161722,1696.0191604953227,-179.04430933360072,-5.0,0.40000000000000013,1.4
3.0,3.0,4.0,7.0,A,0.4,1.4,1.0,1.4,1413.8848784894444,1554.688173835704,-140.80329534625957,-4.0,-0.6,0.0
0.0,3.0,2.0,2.0,D,0.8,2.0,0.2,1.8,1660.686769042016,1469.1428119825298,191.54395705948627,1.0,0.6000000000000001,0.19999999999999996
2.0,8.0,4.0,7.0,H,1.6,1.0,1.6,1.2,1708.4071258372596,1524.0123262977577,184.39479953950195,1.0,0.0,-0.19999999999999996
0.0,0.0,1.0,4.0,D,0.4,3.4,0.8,2.0,1360.5384086478693,1705.7196978696065,-345.1812892217372,-4.0,-0.4,1.4
9.0,15.0,4.0,10.0,H,1.8,0.2,2.2,0.8,1873.0182231335589,1554.7345983593889,318.28362477417,5.0,-0.40000000000000013,-0.6000000000000001
2.0,5.0,0.0,3.0,A,0.8,1.8,0.8,1.6,1687.6170781391395,1431.9874982199115,255.62957991922804,2.0,0.0,0.19999999999999996
3.0,6.0,7.0,10.0,D,1.0,0.6,1.4,0.4,1690.600301989877,1590.6066120725413,99.99368991733559,-4.0,-0.3999999999999999,0.19999999999999996
2.0,5.0,1.0,1.0,D,1.6,2.2,0.6,3.2,1507.3393730648577,1366.7583609427231,140.58101212213455,4.0,1.0,-1.0
9.0,15.0,9.0,10.0,H,3.0,0.6,1.4,1.0,1828.4747638166061,1535.8494938903582,292.62526992624794,5.0,1.6,-0.4
1.0,4.0,7.0,7.0,A,0.8,1.6,1.4,1.2,1511.8423941360018,1559.5732053993688,-47.73081126336706,-3.0,-0.5999999999999999,0.40000000000000013
6.0,9.0,4.0,7.0,A,1.0,1.0,1.4,1.2,1407.2548867745188,1533.9007326773735,-126.64584590285472,2.0,-0.3999999999999999,-0.19999999999999996
2.0,3.0,9.0,15.0,A,0.4,1.0,1.6,0.2,1466.1799692228096,1875.981065893279,-409.8010966704694,-12.0,-1.2000000000000002,0.8
4.0,7.0,5.0,8.0,D,1.8,1.0,1.6,1.0,1556.2672451948147,1706.8744790018338,-150.60723380701916,-1.0,0.19999999999999996,0.0
7.0,10.0,4.0,7.0,H,1.6,1.4,2.0,1.4,1560.9197797557097,1510.7432452417163,50.176534513993374,3.0,-0.3999999999999999,0.0
1.0,7.0,1.0,4.0,A,1.4,1.2,1.0,2.0,1510.6263568496063,1669.5052756831667,-158.87891883356042,3.0,0.3999999999999999,-0.8
9.0,15.0,7.0,9.0,H,2.8,0.4,0.8,2.0,1829.5460345888878,1428.5146119868693,401.03142260201844,6.0,1.9999999999999998,-1.6
9.0,10.0,9.0,15.0,A,2.2,1.0,1.8,0.2,1555.1044498056945,1880.4498214869534,-325.34537168125894,-5.0,0.40000000000000013,0.8
4.0,7.0,7.0,11.0,D,2.4,1.8,0.6,1.6,1506.958029057436,1476.13343936671,30.824589690726043,-4.0,1.7999999999999998,0.19999999999999996
0.0,4.0,2.0,3.0,H,1.0,1.6,1.2,2.2,1517.7381069638607,1500.2276229506033,17.510484013257383,1.0,-0.19999999999999996,-0.6000000000000001
7.0,10.0,5.0,8.0,D,2.4,2.0,1.6,0.8,1558.923187895475,1592.603203932776,-33.68001603730113,2.0,0.7999999999999998,1.2
0.0,4.0,2.0,3.0,A,1.0,2.2,0.6,1.4,1497.8794086920489,1480.1429546667625,17.73645402528632,1.0,0.4,0.8000000000000003
1.0,4.0,4.0,10.0,H,0.6,1.0,0.8,2.4,1692.1322686900658,1356.5998058245257,335.5324628655401,-6.0,-0.20000000000000007,-1.4
4.0,5.0,6.0,10.0,D,1.0,0.8,1.2,0.8,1552.9337646749434,1539.1829744102295,13.750790264713942,-5.0,-0.19999999999999996,0.0
4.0,10.0,4.0,4.0,A,2.2,1.0,1.4,2.2,1524.9219414711847,1678.4840668893555,-153.5621254181708,6.0,0.8000000000000003,-1.2000000000000002
2.0,2.0,5.0,6.0,H,0.4,2.0,1.2,1.0,1695.3340721780405,1699.1574849629328,-3.823412784892298,-4.0,-0.7999999999999999,1.0
9.0,15.0,4.0,7.0,D,2.6,0.2,1.2,1.0,1873.6458958097544,1698.9361943672648,174.70970144248963,8.0,1.4000000000000001,-0.8
5.0,9.0,0.0,1.0,H,1.6,0.4,0.6,2.6,1597.5200163875254,1492.9625962372995,104.55742015022588,8.0,1.0,-2.2
1.0,3.0,9.0,15.0,A,1.0,2.2,3.2,0.6,1496.0114663439438,1833.7621911955473,-337.75072485160354,-12.0,-2.2,1.6
1.0,7.0,4.0,5.0,A,1.0,2.8,1.6,2.0,1348.0391665526101,1515.5186683293516,-167.47950177674147,2.0,-0.6000000000000001,0.7999999999999998
4.0,5.0,6.0,10.0,D,1.2,1.4,2.0,1.6,1479.423533596065,1555.823870876392,-76.400337280327,-5.0,-0.8,-0.20000000000000018
6.0,8.0,3.0,7.0,H,1.0,2.2,2.0,1.2,1438.411210302642,1515.025343155412,-76.6141328527699,1.0,-1.0,1.0000000000000002
7.0,7.0,3.0,4.0,H,1.2,1.6,1.2,1.6,1682.129671695944,1514.0925021572723,168.0371695386716,3.0,0.0,0.0
5.0,11.0,7.0,11.0,H,0.8,1.4,2.2,1.4,1485.6384932649426,1549.4181339972424,-63.77964073229987,0.0,-1.4000000000000001,0.0
4.0,6.0,2.0,6.0,D,1.2,1.4,1.0,0.6,1693.0589451918731,1559.032304446003,134.02664074587005,0.0,0.19999999999999996,0.7999999999999999
4.0,10.0,4.0,5.0,D,1.2,0.8,1.2,1.2,1540.7852072118462,1693.7318393764237,-152.94663216457752,5.0,0.0,-0.3999999999999999
0.0,4.0,5.0,9.0,H,0.8,2.4,1.0,0.4,1362.0943890920066,1583.464793848129,-221.3704047561223,-5.0,-0.19999999999999996,2.0
5.0,11.0,3.0,6.0,A,0.8,1.2,0.8,0.4,1474.874199028058,1569.7965986828876,-94.92239965482963,5.0,0.0,0.7999999999999999
9.0,15.0,9.0,10.0,H,3.2,0.8,1.4,1.2,1837.5668009605195,1678.3250619309717,159.24173902954772,5.0,1.8000000000000003,-0.3999999999999999
0.0,0.0,4.0,10.0,A,0.4,2.6,1.8,1.4,1481.8977106074428,1566.8887565062487,-84.99104589880585,-10.0,-1.4,1.2000000000000002
4.0,6.0,4.0,8.0,A,1.4,1.0,1.6,1.2,1677.6679437802336,1565.4820295934326,112.18591418680103,-2.0,-0.20000000000000018,-0.19999999999999996
4.0,6.0,1.0,2.0,A,1.4,1.4,1.0,2.4,1467.0678277703826,1508.3671721696262,-41.29934439924364,4.0,0.3999999999999999,-1.0
6.0,10.0,2.0,6.0,A,1.6,2.2,1.0,1.2,1432.58993790582,1698.8802175886951,-266.29027968287505,4.0,0.6000000000000001,1.0000000000000002
4.0,8.0,7.0,13.0,A,2.0,2.0,2.6,0.6,1511.82790937,1877.336654769106,-365.5087453991059,-5.0,-0.6000000000000001,1.4
5.0,5.0,3.0,4.0,A,1.4,1.4,1.6,1.6,1682.2009767362836,1531.7605607863932,150.4404159498904,1.0,-0.20000000000000018,-0.20000000000000018
2.0,8.0,3.0,3.0,D,0.8,0.8,1.0,1.6,1537.292166283604,1517.5855430855145,19.706623198089574,5.0,-0.19999999999999996,-0.8
4.0,10.0,3.0,9.0,H,2.2,1.6,2.0,2.6,1571.0103101719565,1428.4683842401123,142.54192593184416,1.0,0.20000000000000018,-1.0
3.0,6.0,0.0,0.0,D,1.6,1.4,0.4,2.8,1527.6961555762005,1485.9621158176355,41.734039758564904,6.0,1.2000000000000002,-1.4
7.0,13.0,4.0,5.0,H,3.0,0.8,1.2,1.6,1878.3434170508594,1466.061065488629,412.28235156223036,8.0,1.8,-0.8
4.0,4.0,9.0,15.0,A,1.2,1.6,2.8,1.0,1513.1877650380382,1841.9645790079958,-328.77681396995763,-11.0,-1.5999999999999999,0.6000000000000001
5.0,6.0,4.0,7.0,H,0.6,0.6,1.6,2.0,1575.5392933622372,1506.0852146906504,69.45407867158679,-1.0,-1.0,-1.4
4.0,8.0,4.0,8.0,D,1.4,1.4,0.8,1.6,1691.562345476291,1482.192071140462,209.37027433582898,0.0,0.5999999999999999,-0.20000000000000018
4.0,10.0,3.0,4.0,H,2.0,1.4,0.8,1.8,1568.4519661066436,1359.1244525787956,209.32751352784794,6.0,1.2,-0.40000000000000013
3.0,4.0,4.0,5.0,D,0.8,1.8,1.4,1.2,1510.3357703163797,1675.69934563348,-165.3635753171004,-1.0,-0.5999999999999999,0.6000000000000001
4.0,8.0,3.0,6.0,H,1.0,0.8,0.6,0.8,1589.4894370869872,1531.2675230447458,58.22191404224145,2.0,0.4,0.0
6.0,10.0,4.0,5.0,D,1.6,1.2,1.4,1.4,1675.6268834601167,1684.8991552071386,-9.272271747021932,5.0,0.20000000000000018,-0.19999999999999996
9.0,15.0,4.0,7.0,H,2.8,0.6,1.4,1.0,1843.6514842365843,1526.009250347612,317.64223388897244,8.0,1.4,-0.4
1.0,4.0,1.0,4.0,D,1.0,2.2,1.2,1.8,1464.5508897829761,1514.697940743691,-50.14705096071498,0.0,-0.19999999999999996,0.40000000000000013
2.0,5.0,7.0,9.0,H,1.4,1.2,1.2,0.6,1680.5010444519066,1570.7375945438107,109.76344990809594,-4.0,0.19999999999999996,0.6
2.0,6.0,6.0,10.0,H,1.8,1.6,1.6,1.0,1689.3671252036163,1563.983996110166,125.3831290934504,-4.0,0.19999999999999996,0.6000000000000001
2.0,3.0,5.0,6.0,A,0.8,1.4,1.2,1.8,1522.9857329709303,1699.8441355501066,-176.8584025791763,-3.0,-0.3999999999999999,-0.40000000000000013
3.0,6.0,7.0,13.0,H,1.2,2.6,3.6,0.8,1446.1136561094825,1860.6981451814893,-414.5844890720068,-7.0,-2.4000000000000004,1.8
4.0,6.0,4.0,5.0,A,1.2,1.4,1.0,1.4,1470.1528729489153,1522.3749685079265,-52.22209555901122,1.0,0.19999999999999996,0.0
3.0,4.0,6.0,8.0,H,1.6,2.6,1.2,1.2,1515.6079127689475,1579.9667390086902,-64.35882623974271,-4.0,0.40000000000000013,1.4000000000000001
1.0,1.0,4.0,10.0,D,0.6,2.4,1.8,1.4,1488.4870660358815,1673.1019332418707,-184.61486720598919,-9.0,-1.2000000000000002,1.0
3.0,3.0,7.0,10.0,D,0.8,2.0,2.0,1.6,1362.2378961779104,1567.8968665728416,-205.6589703949312,-7.0,-1.2,0.3999999999999999
7.0,7.0,3.0,7.0,A,1.0,1.2,1.6,1.8,1509.3951777009136,1528.5877035759604,-19.19252587504684,0.0,-0.6000000000000001,-0.6000000000000001
4.0,4.0,1.0,5.0,D,0.8,1.6,1.0,1.6,1521.6700616514909,1468.8900784790972,52.77998317239371,-1.0,-0.19999999999999996,0.0
6.0,10.0,2.0,2.0,H,3.2,1.2,0.8,2.0,1861.9362275186047,1487.248983698766,374.6872438198386,8.0,2.4000000000000004,-0.8
3.0,7.0,1.0,5.0,A,1.0,1.4,1.0,1.2,1564.5686006121766,1485.5510113454288,79.01758926674779,2.0,0.0,0.19999999999999996
6.0,8.0,4.0,8.0,H,1.2,0.8,2.2,1.2,1581.2732822490902,1678.8314374983368,-97.55815524924651,0.0,-1.0000000000000002,-0.3999999999999999
2.0,5.0,3.0,6.0,H,1.2,1.4,1.8,2.4,1520.1937604594114,1440.6178363937622,79.57592406564913,-1.0,-0.6000000000000001,-1.0
6.0,7.0,1.0,3.0,D,0.6,1.2,1.2,2.0,1560.1347708424498,1526.8349582386463,33.2998126038035,4.0,-0.6,-0.8
7.0,8.0,4.0,8.0,H,1.2,1.4,1.6,0.8,1578.2594849103957,1670.1384261143526,-91.87894120395686,0.0,-0.40000000000000013,0.5999999999999999
2.0,8.0,4.0,4.0,H,1.6,1.6,0.8,1.2,1674.8193564002013,1360.5204730195799,314.2988833806214,4.0,0.8,0.40000000000000013
7.0,8.0,9.0,15.0,A,2.2,2.2,3.0,0.8,1691.0983727699725,1852.3972470167184,-161.29887424674598,-7.0,-0.7999999999999998,1.4000000000000001
3.0,6.0,6.0,10.0,A,1.0,1.8,3.8,1.2,1559.70800303635,1866.7968250944314,-307.0888220580814,-4.0,-2.8,0.6000000000000001
1.0,3.0,2.0,2.0,H,1.4,2.2,0.8,3.0,1533.0204132129506,1481.0635287244618,51.95688448848887,1.0,0.5999999999999999,-0.7999999999999998
4.0,5.0,4.0,7.0,H,1.8,1.4,1.2,1.2,1682.330275789881,1505.8963394093694,176.43393638051157,-2.0,0.6000000000000001,0.19999999999999996
4.0,7.0,3.0,6.0,H,0.8,1.4,1.6,2.0,1564.541725685862,1436.21088155035,128.33084413551205,1.0,-0.8,-0.6000000000000001
6.0,9.0,7.0,11.0,D,2.0,1.8,1.6,0.4,1527.1491885675237,1579.6979999188325,-52.548811351308814,-2.0,0.3999999999999999,1.4
1.0,4.0,4.0,5.0,D,1.0,1.2,1.0,1.4,1362.2213165447417,1518.4929169342495,-156.27160038950774,-1.0,0.0,-0.19999999999999996
4.0,7.0,9.0,15.0,A,1.2,1.0,2.6,0.8,1482.0089246876585,1855.9393336744888,-373.93040898683034,-8.0,-1.4000000000000001,0.19999999999999996
4.0,8.0,2.0,3.0,H,2.4,1.8,0.4,1.6,1693.8046256098746,1466.183825639195,227.62079997067963,5.0,2.0,0.19999999999999996
6.0,10.0,2.0,5.0,H,1.6,1.0,0.8,1.4,1586.9775354616038,1515.9658084389773,71.01172702262647,5.0,0.8,-0.3999999999999999
4.0,5.0,5.0,8.0,D,0.8,1.2,2.0,2.0,1667.4617444224548,1677.496038092099,-10.034293669644285,-3.0,-1.2,-0.8
1.0,2.0,3.0,4.0,D,0.8,3.2,1.0,1.2,1478.2873231789836,1484.7851302331367,-6.4978070541531,-2.0,-0.19999999999999996,2.0
3.0,3.0,2.0,5.0,A,1.0,2.2,1.2,1.2,1421.5835604237573,1376.8486376713345,44.73492275242279,-2.0,-0.19999999999999996,1.0000000000000002
5.0,11.0,4.0,10.0,A,1.8,0.6,1.2,1.2,1566.4998015912206,1577.739924013474,-11.240122422253307,1.0,0.6000000000000001,-0.6
5.0,6.0,0.0,3.0,H,1.2,1.4,1.0,2.4,1526.8169139134304,1551.384006057169,-24.56709214373859,3.0,0.19999999999999996,-1.0
2.0,2.0,6.0,7.0,H,0.2,1.8,1.8,1.2,1479.407585084158,1669.106516344918,-189.69893126076,-5.0,-1.6,0.6000000000000001
9.0,15.0,6.0,12.0,H,2.4,0.6,2.4,0.8,1858.0752149165844,1584.8416542195082,273.2335606970762,3.0,0.0,-0.20000000000000007
5.0,6.0,7.0,7.0,H,1.8,2.0,2.0,2.0,1681.3235012953342,1523.3217253642886,158.0017759310456,-1.0,-0.19999999999999996,0.0
6.0,12.0,4.0,5.0,A,4.0,1.0,1.6,2.0,1848.3181753246672,1551.4990629827148,296.8191123419524,7.0,2.4,-1.0
3.0,7.0,6.0,10.0,A,1.2,1.2,2.6,1.6,1498.3738970431284,1701.3270679761156,-202.95317093298718,-3.0,-1.4000000000000001,-0.40000000000000013
1.0,5.0,4.0,5.0,H,0.6,1.8,0.8,1.2,1527.437221531988,1655.9903313294442,-128.55310979745627,0.0,-0.20000000000000007,0.6000000000000001
7.0,10.0,6.0,9.0,A,1.2,1.2,3.4,1.2,1572.2897335455496,1853.7683657925916,-281.478632247042,1.0,-2.2,0.0
7.0,7.0,0.0,4.0,D,1.8,1.8,1.0,2.0,1547.356572284368,1502.5163877414752,44.84018454289276,3.0,0.8,-0.19999999999999996
3.0,7.0,1.0,3.0,D,1.8,1.6,0.6,2.6,1662.2641094944915,1485.12973002941,177.13437946508157,4.0,1.2000000000000002,-1.0
6.0,9.0,7.0,8.0,H,2.2,1.0,1.2,1.2,1590.583028113152,1521.0755400197866,69.50748809336551,1.0,1.0000000000000002,-0.19999999999999996
4.0,5.0,4.0,5.0,H,1.8,1.4,0.8,1.4,1386.9222887666422,1469.3339339888503,-82.41164522220811,0.0,1.0,0.0
4.0,7.0,0.0,3.0,D,1.8,1.6,0.8,2.6,1518.0903547715777,1426.814931016468,91.27542375510961,4.0,1.0,-1.0
0.0,3.0,4.0,8.0,H,1.0,2.2,1.4,0.8,1558.9883202053402,1558.8954874430494,0.09283276229075454,-5.0,-0.3999999999999999,1.4000000000000001
6.0,10.0,4.0,5.0,H,2.8,1.4,0.6,1.8,1704.7525146904609,1524.0117748176426,180.74073987281827,5.0,2.1999999999999997,-0.40000000000000013
1.0,5.0,9.0,15.0,D,0.6,1.0,2.2,0.6,1658.8468366571863,1855.2187095888423,-196.37187293165607,-10.0,-1.6,0.4
4.0,5.0,7.0,9.0,H,0.8,0.8,1.8,1.4,1497.4943611537715,1668.6142703746993,-171.11990922092787,-4.0,-1.0,-0.5999999999999999
1.0,4.0,6.0,9.0,A,1.0,2.0,2.0,1.0,1492.173053043279,1600.9263628113483,-108.75330976806936,-5.0,-1.0,1.0
6.0,9.0,7.0,8.0,H,3.0,1.2,2.2,1.4,1854.5055966868772,1386.1850578723565,468.32053881452066,1.0,0.7999999999999998,-0.19999999999999996
3.0,5.0,3.0,3.0,H,1.0,1.0,0.8,1.8,1479.0362512652034,1549.286002928987,-70.24975166378363,2.0,0.19999999999999996,-0.8
2.0,3.0,2.0,8.0,D,0.6,2.6,1.6,1.0,1483.2237770710692,1519.9963077299185,-36.77253065884929,-5.0,-1.0,1.6
1.0,5.0,4.0,7.0,D,1.0,1.2,0.6,0.4,1554.557636007961,1501.8322125888599,52.72542341910116,-2.0,0.4,0.7999999999999999
4.0,8.0,9.0,12.0,A,1.4,1.0,2.6,1.0,1513.438446080799,1712.3896086294485,-198.95116254864956,-4.0,-1.2000000000000002,0.0
7.0,13.0,4.0,7.0,H,1.8,0.8,1.6,1.4,1858.3437536640038,1659.13906541933,199.20468824467366,6.0,0.19999999999999996,-0.5999999999999999
1.0,4.0,2.0,5.0,A,0.8,2.2,0.6,1.0,1420.4421652429758,1665.2196024306786,-244.77743718770284,-1.0,0.20000000000000007,1.2000000000000002
3.0,4.0,7.0,8.0,D,0.4,1.8,1.6,1.4,1521.8405769476362,1549.5277701543744,-27.68719320673813,-4.0,-1.2000000000000002,0.40000000000000013
4.0,8.0,6.0,7.0,D,1.4,1.2,1.0,1.6,1663.496994578457,1577.407009341792,86.08998523666492,1.0,0.3999999999999999,-0.40000000000000013
3.0,3.0,9.0,12.0,A,0.2,2.2,2.4,1.0,1476.7791590515092,1718.8342266490085,-242.05506759749937,-9.0,-2.1999999999999997,1.2000000000000002
2.0,6.0,4.0,5.0,H,1.0,0.8,1.0,1.2,1531.2906373278959,1653.9252728327012,-122.63463550480537,1.0,0.0,-0.3999999999999999
4.0,8.0,5.0,9.0,D,1.4,1.2,1.4,0.6,1658.0146545524228,1555.0101101804084,103.00454437201438,-1.0,0.0,0.6
6.0,7.0,7.0,13.0,A,2.2,2.0,1.6,0.8,1384.0840319982856,1860.4447795380747,-476.36074753978914,-6.0,0.6000000000000001,1.2
6.0,7.0,1.0,1.0,H,1.4,1.2,0.4,2.4,1484.7642193843844,1414.7141971237947,70.05002226058969,6.0,0.9999999999999999,-1.2
6.0,12.0,1.0,1.0,H,3.2,0.6,0.8,3.8,1855.8113934866785,1490.8672562434776,364.9441372432009,11.0,2.4000000000000004,-3.1999999999999997
5.0,8.0,3.0,7.0,H,0.8,0.4,1.6,1.6,1509.3415439747514,1505.9291146949074,3.412429279843991,1.0,-0.8,-1.2000000000000002
1.0,5.0,4.0,5.0,A,1.2,1.4,0.4,1.4,1540.9132883103605,1535.4849246452368,5.4283636651236975,0.0,0.7999999999999999,0.0
3.0,3.0,1.0,4.0,D,1.0,1.8,1.0,1.8,1549.5695208612708,1658.8555474870464,-109.28602662577555,-1.0,0.0,0.0
4.0,8.0,6.0,12.0,A,1.4,1.2,3.8,0.8,1565.2405992769638,1613.0927728761765,-47.85217359921262,-4.0,-2.4,0.3999999999999999
1.0,1.0,2.0,3.0,A,0.4,2.4,0.4,1.0,1403.6266572459583,1487.8666989293456,-84.24004168338729,-2.0,0.0,1.4
9.0,15.0,1.0,7.0,H,2.6,0.8,1.2,1.4,1722.6041780511002,1561.4706478748722,161.13353017622808,8.0,1.4000000000000001,-0.5999999999999999
0.0,4.0,1.0,2.0,H,1.2,2.2,1.2,2.0,1514.0793501457526,1532.7630528595153,-18.683702713762614,2.0,0.0,0.20000000000000018
4.0,7.0,5.0,6.0,H,1.0,1.8,0.6,0.6,1542.5727570100553,1524.2028049630774,18.369952046977915,1.0,0.4,1.2000000000000002
1.0,1.0,4.0,4.0,A,0.8,3.6,1.2,1.6,1479.6841784343248,1560.7525986704236,-81.06842023609875,-3.0,-0.3999999999999999,2.0
2.0,5.0,7.0,8.0,D,1.0,1.6,1.0,0.4,1652.6978707934234,1515.4992206683744,137.19865012504897,-3.0,0.0,1.2000000000000002
9.0,12.0,2.0,6.0,H,3.8,0.6,1.0,1.0,1621.5206448974986,1649.5867825311007,-28.06613763360201,6.0,2.8,-0.4
4.0,5.0,6.0,9.0,H,1.0,1.0,1.8,1.2,1657.4286867042529,1481.2608055128328,176.16788119142007,-4.0,-0.8,-0.19999999999999996
3.0,9.0,3.0,7.0,H,1.4,0.6,2.0,1.8,1558.4842604805015,1380.6098816981926,177.8743787823089,2.0,-0.6000000000000001,-1.2000000000000002
7.0,13.0,9.0,12.0,H,1.6,0.8,2.0,0.8,1867.5210497039684,1848.7351233207849,18.78592638318355,1.0,-0.3999999999999999,0.0
6.0,9.0,9.0,15.0,H,1.6,1.2,2.6,0.8,1853.0126560110252,1718.3266453608599,134.68601065016537,-6.0,-1.0,0.3999999999999999
4.0,7.0,0.0,1.0,A,1.4,1.2,0.4,2.4,1544.460736537911,1419.9185193784708,124.54221715944027,6.0,0.9999999999999999,-1.2
1.0,4.0,9.0,13.0,A,0.8,1.8,2.0,1.0,1556.7915813300242,1872.2001162488164,-315.40853491879216,-9.0,-1.2,0.8
4.0,6.0,3.0,6.0,A,0.8,0.6,1.4,1.8,1475.7742927634142,1526.171756311684,-50.3974635482698,0.0,-0.5999999999999999,-1.2000000000000002
4.0,5.0,5.0,9.0,A,0.4,0.6,1.4,0.8,1512.3335139469045,1570.3535514966743,-58.02003754976977,-4.0,-0.9999999999999999,-0.20000000000000007
2.0,5.0,0.0,1.0,D,0.8,1.2,0.8,3.6,1643.0778781357487,1486.1930828296768,156.88479530607196,4.0,0.0,-2.4000000000000004
1.0,1.0,2.0,3.0,A,0.8,2.2,0.8,1.6,1523.3361942296071,1662.1247294233315,-138.78853519372433,-2.0,0.0,0.6000000000000001
6.0,9.0,9.0,12.0,A,2.0,1.4,3.2,0.6,1472.4144180728547,1630.3670323374768,-157.95261426462207,-3.0,-1.2000000000000002,0.7999999999999999
5.0,9.0,6.0,7.0,D,1.2,0.4,1.4,1.0,1516.700222773872,1656.2276845987553,-139.5274618248834,2.0,-0.19999999999999996,-0.6
0.0,6.0,7.0,10.0,H,1.8,1.8,1.4,1.0,1392.3746458989206,1530.8079928093273,-138.43334691040673,-4.0,0.40000000000000013,0.8
1.0,2.0,3.0,5.0,H,1.0,3.2,0.8,1.2,1493.1178216472142,1468.8495539458768,24.268267701337436,-3.0,0.19999999999999996,2.0
5.0,6.0,3.0,5.0,H,1.4,1.4,0.6,0.8,1665.9621016823762,1508.4961416878598,157.46595999451642,1.0,0.7999999999999999,0.5999999999999999
9.0,13.0,3.0,6.0,H,2.0,1.0,1.4,1.8,1873.26616486841,1471.348369453261,401.91779541514893,7.0,0.6000000000000001,-0.8
6.0,6.0,0.0,1.0,A,1.8,1.8,0.6,2.0,1514.2009614194676,1568.7623762222406,-54.561414802773015,5.0,1.2000000000000002,-0.19999999999999996
6.0,7.0,6.0,12.0,D,1.2,1.4,2.0,1.0,1536.4539673731301,1847.3666814472224,-310.91271407409226,-5.0,-0.8,0.3999999999999999
6.0,12.0,0.0,1.0,A,2.0,1.0,1.0,2.4,1701.4209129161711,1540.2419266742959,161.17898624187524,11.0,1.0,-1.4
3.0,4.0,2.0,3.0,D,0.6,1.4,1.0,1.6,1423.3219557067378,1639.6744418074818,-216.35248610074404,1.0,-0.4,-0.20000000000000018
7.0,9.0,5.0,9.0,D,1.4,1.0,1.8,1.0,1566.1984756410006,1520.8552986295456,45.343177011455055,0.0,-0.40000000000000013,0.0
9.0,15.0,4.0,7.0,H,3.4,0.2,1.4,1.4,1635.4744753635287,1539.3532935118592,96.12118185166946,8.0,2.0,-1.2
4.0,8.0,3.0,6.0,D,2.0,1.4,1.2,1.6,1648.420322842375,1400.1820076553008,248.23831518707425,2.0,0.8,-0.20000000000000018
3.0,4.0,0.0,4.0,H,1.0,1.6,1.0,1.4,1574.4510806087526,1502.8074373013478,71.64364330740477,0.0,0.0,0.20000000000000018
6.0,6.0,4.0,10.0,A,1.6,1.8,2.0,1.4,1510.0580234939328,1851.5096193727572,-341.4515958788245,-4.0,-0.3999999999999999,0.40000000000000013
7.0,9.0,3.0,4.0,H,1.4,1.0,1.2,2.0,1572.7240514864304,1533.716350828866,39.00770065756433,5.0,0.19999999999999996,-1.0
4.0,4.0,4.0,4.0,H,1.2,3.2,1.0,1.8,1498.5858876838283,1417.8538896701236,80.7319980137047,0.0,0.19999999999999996,1.4000000000000001
9.0,15.0,3.0,4.0,H,2.2,1.0,1.2,1.8,1874.7864113143405,1537.8330470659287,336.95336424841184,11.0,1.0000000000000002,-0.8
9.0,15.0,3.0,4.0,H,3.4,0.2,0.8,1.4,1639.0202769259547,1465.3037523834507,173.71652454250398,11.0,2.5999999999999996,-1.2
5.0,8.0,7.0,8.0,H,2.2,1.6,1.8,1.6,1656.0905641169215,1658.2918604078297,-2.2012962909082034,0.0,0.40000000000000013,0.0
3.0,9.0,4.0,4.0,H,1.8,1.2,1.2,1.8,1703.2273411218937,1398.3755794495783,304.85176167231543,5.0,0.6000000000000001,-0.6000000000000001
3.0,7.0,4.0,8.0,A,1.8,1.2,1.6,1.6,1508.47271767948,1548.8365483231958,-40.3638306437158,-1.0,0.19999999999999996,-0.40000000000000013
2.0,4.0,0.0,6.0,A,1.4,1.8,1.4,1.8,1623.1917669120808,1487.831044348662,135.36072256341868,-2.0,0.0,0.0
0.0,4.0,3.0,9.0,H,1.2,2.2,1.4,1.0,1549.6933299426994,1691.367058245123,-141.67372830242357,-5.0,-0.19999999999999996,1.2000000000000002
0.0,3.0,9.0,15.0,A,1.0,1.6,2.8,1.2,1499.3506515759511,1878.2431970397372,-378.89254546378606,-12.0,-1.7999999999999998,0.40000000000000013
6.0,8.0,3.0,6.0,H,1.8,1.6,1.4,1.8,1662.1571108349651,1506.1927730667974,155.96433776816775,2.0,0.40000000000000013,-0.19999999999999996
0.0,3.0,6.0,6.0,D,0.8,1.8,0.8,1.2,1465.5669728375503,1574.187860154653,-108.62088731710264,-3.0,0.0,0.6000000000000001
7.0,10.0,5.0,8.0,A,2.2,1.6,2.0,1.6,1834.597439242326,1673.002744247353,161.594694994973,2.0,0.20000000000000018,0.0
4.0,4.0,9.0,15.0,A,1.4,1.6,2.0,0.2,1392.2161326810071,1645.1797236945258,-252.96359101351868,-11.0,-0.6000000000000001,1.4000000000000001
4.0,10.0,7.0,7.0,H,1.8,1.4,1.6,1.6,1554.7628291679137,1492.6596068391104,62.10322232880321,3.0,0.19999999999999996,-0.20000000000000018
4.0,4.0,2.0,6.0,A,1.0,1.6,1.6,1.4,1407.5839434348652,1518.7426639147384,-111.15872047987318,-2.0,-0.6000000000000001,0.20000000000000018
3.0,6.0,7.0,11.0,D,1.2,1.6,1.6,0.8,1487.396503959365,1573.1585918757276,-85.76208791636259,-5.0,-0.40000000000000013,0.8
3.0,3.0,2.0,3.0,A,1.0,2.2,1.2,1.8,1523.4135215747935,1633.4945961661533,-110.08107459135977,0.0,-0.19999999999999996,0.40000000000000013
4.0,6.0,1.0,4.0,H,1.4,1.6,1.4,2.0,1523.0125442069386,1387.946252388807,135.06629181813173,2.0,0.0,-0.3999999999999999
6.0,7.0,3.0,3.0,A,1.6,1.6,0.8,2.2,1480.692521740356,1535.380606673548,-54.68808493319216,4.0,0.8,-0.6000000000000001
9.0,15.0,1.0,4.0,D,2.4,0.4,1.2,1.6,1637.685312900859,1415.0783542285321,222.60695867232675,11.0,1.2,-1.2000000000000002
0.0,6.0,7.0,10.0,H,1.4,2.2,1.6,1.2,1514.7232183073907,1546.2323839273204,-31.509165619929718,-4.0,-0.20000000000000018,1.0000000000000002
9.0,15.0,1.0,4.0,H,3.0,1.0,0.6,1.4,1879.2367920861868,1464.5733777911007,414.6634142950861,11.0,2.4,-0.3999999999999999
3.0,6.0,0.0,0.0,A,1.2,1.4,0.8,2.2,1674.5063689972403,1516.2113408238338,158.29502817340654,6.0,0.3999999999999999,-0.8000000000000003
7.0,11.0,3.0,6.0,D,2.4,1.6,1.6,2.2,1667.3351473137504,1555.3609268763018,111.9742204374486,5.0,0.7999999999999998,-0.6000000000000001
5.0,11.0,6.0,10.0,A,1.8,1.0,2.6,1.4,1562.84204958536,1672.4736531253327,-109.63160353997273,1.0,-0.8,-0.3999999999999999
4.0,5.0,4.0,7.0,A,1.6,1.8,2.0,1.8,1626.3251215386126,1841.7669138698666,-215.44179233125396,-2.0,-0.3999999999999999,0.0
7.0,7.0,4.0,4.0,D,0.8,0.8,1.2,2.0,1569.2759510168305,1492.3084130971874,76.96753791964306,3.0,-0.3999999999999999,-1.2
3.0,3.0,3.0,6.0,A,0.8,1.8,1.0,2.2,1503.3706178781263,1527.5639412530982,-24.193323374971897,-3.0,-0.19999999999999996,-0.40000000000000013
6.0,10.0,7.0,13.0,H,2.4,1.2,2.2,0.6,1844.72676217821,1634.7254645925154,210.0012975856946,-3.0,0.19999999999999973,0.6
1.0,5.0,4.0,8.0,A,1.4,1.4,1.6,1.2,1406.444508232635,1571.4758955812572,-165.03138734862227,-3.0,-0.20000000000000018,0.19999999999999996
6.0,7.0,5.0,8.0,H,1.2,1.2,1.0,0.6,1554.052926224596,1561.455408719555,-7.402482494959031,-1.0,0.19999999999999996,0.6
0.0,4.0,3.0,7.0,A,1.2,2.0,1.4,1.4,1377.7375035675018,1490.901270561661,-113.16376699415923,-3.0,-0.19999999999999996,0.6000000000000001
4.0,4.0,3.0,5.0,D,1.4,2.2,1.6,2.0,1554.5271494170565,1627.158898997858,-72.6317495808014,-1.0,-0.20000000000000018,0.20000000000000018
5.0,5.0,6.0,8.0,A,1.2,1.6,1.6,1.4,1480.3399505938357,1534.9810067102903,-54.64105611645459,-3.0,-0.40000000000000013,0.20000000000000018
6.0,12.0,3.0,3.0,A,2.8,1.4,0.8,1.6,1659.7263561349166,1687.2536659876564,-27.52730985273979,9.0,1.9999999999999998,-0.20000000000000018
1.0,1.0,7.0,9.0,H,0.2,1.8,2.0,1.6,1477.4477658018557,1654.4607593029955,-177.01299350113982,-8.0,-1.8,0.19999999999999996
9.0,10.0,4.0,4.0,D,1.2,0.8,0.6,1.2,1530.7339684743724,1481.6948040377736,49.03916443659887,6.0,0.6,-0.3999999999999999
5.0,5.0,6.0,6.0,H,1.4,1.8,0.6,2.2,1561.0272746033681,1521.0638160667866,39.963458536581584,-1.0,0.7999999999999999,-0.40000000000000013
4.0,8.0,6.0,10.0,H,1.4,1.4,1.4,0.8,1659.2572554993528,1549.2564300282386,110.00082547111424,-2.0,0.0,0.5999999999999999
4.0,10.0,9.0,15.0,A,2.0,1.2,2.8,0.8,1628.6604855211422,1885.30177115756,-256.64128563641793,-5.0,-0.7999999999999998,0.3999999999999999
2.0,8.0,3.0,6.0,H,0.8,0.4,1.0,1.6,1567.9779921911766,1528.8580232019265,39.11996898925008,2.0,-0.19999999999999996,-1.2000000000000002
3.0,3.0,4.0,5.0,D,0.6,1.6,1.2,1.6,1504.0542317446873,1626.475285131297,-122.42105338660963,-2.0,-0.6,0.0
6.0,9.0,2.0,5.0,H,2.2,1.4,1.2,1.4,1663.0629142735906,1477.0033924551617,186.05952181842895,4.0,1.0000000000000002,0.0
3.0,6.0,3.0,9.0,A,1.0,1.2,1.6,1.2,1670.3274831989331,1507.8274533503843,162.50002984854882,-3.0,-0.6000000000000001,0.0
0.0,1.0,1.0,2.0,H,1.0,2.6,1.2,1.8,1385.7138495371164,1398.4681622630203,-12.754312725903901,-1.0,-0.19999999999999996,0.8
4.0,8.0,6.0,10.0,H,1.6,1.2,2.6,1.2,1586.08649135171,1830.1161664077572,-244.02967505604715,-2.0,-1.0,0.0
1.0,5.0,4.0,4.0,H,1.2,1.4,0.4,1.2,1484.9340666556745,1496.1235575441744,-11.189490888499904,1.0,0.7999999999999999,0.19999999999999996
3.0,9.0,5.0,8.0,A,1.2,1.2,1.4,1.4,1536.770205914538,1573.5134987170686,-36.743292802530505,1.0,-0.19999999999999996,-0.19999999999999996
6.0,9.0,4.0,8.0,D,1.6,1.0,0.8,0.6,1506.6854968161758,1569.119948725385,-62.4344519092092,1.0,0.8,0.4
4.0,5.0,3.0,3.0,H,0.6,1.0,0.8,2.2,1486.584831420452,1380.823822154438,105.76100926601407,2.0,-0.20000000000000007,-1.2000000000000002
3.0,6.0,1.0,7.0,A,0.8,1.4,1.6,1.8,1518.8523376110506,1638.666171112018,-119.81383350096735,-1.0,-0.8,-0.40000000000000013
6.0,6.0,4.0,10.0,A,0.6,2.0,1.8,1.2,1512.1587047726669,1668.1623667934725,-156.00366202080568,-4.0,-1.2000000000000002,0.8
1.0,1.0,6.0,9.0,D,0.8,1.6,2.0,1.2,1402.8803386491359,1658.650737887475,-255.77039923833922,-8.0,-1.2,0.40000000000000013
2.0,5.0,3.0,6.0,A,1.0,1.4,1.0,1.4,1614.8731447563464,1681.9296235738836,-67.05647881753725,-1.0,0.0,0.0
9.0,15.0,6.0,10.0,H,3.2,0.6,2.0,1.4,1887.1274332532353,1584.2608292560349,302.8666039972004,5.0,1.2000000000000002,-0.7999999999999999
6.0,9.0,7.0,10.0,H,2.6,1.4,1.2,0.8,1831.9402350563419,1528.9098998257878,303.0303352305541,-1.0,1.4000000000000001,0.5999999999999999
2.0,5.0,6.0,10.0,H,1.0,1.4,1.8,1.0,1623.5367427648166,1659.4987687850023,-35.962026020185704,-5.0,-0.8,0.3999999999999999
6.0,9.0,7.0,11.0,H,2.2,1.2,1.4,0.6,1834.194602223174,1571.2591315502366,262.9354706729373,-2.0,0.8000000000000003,0.6
3.0,3.0,1.0,4.0,H,0.8,1.8,0.4,1.4,1525.4598634177712,1489.5160317374539,35.94383168031732,-1.0,0.4,0.40000000000000013
1.0,2.0,4.0,6.0,D,1.0,1.6,0.8,0.8,1404.7640990223354,1567.2361883521855,-162.47208932985018,-4.0,0.19999999999999996,0.8
7.0,8.0,6.0,7.0,H,1.2,0.6,1.6,1.6,1496.5179422588064,1574.3277184176804,-77.809776158874,1.0,-0.40000000000000013,-1.0
3.0,6.0,3.0,7.0,A,1.0,1.6,1.6,2.0,1526.8247756378664,1648.6116013886897,-121.78682575082325,-1.0,-0.6000000000000001,-0.3999999999999999
3.0,6.0,3.0,3.0,A,0.4,1.6,0.6,2.4,1496.336367924814,1396.6461590022907,99.69020892252342,3.0,-0.19999999999999996,-0.7999999999999998
3.0,5.0,6.0,6.0,D,1.2,1.2,1.0,1.4,1487.6554862387836,1679.2082039907746,-191.55271775199094,-1.0,0.19999999999999996,-0.19999999999999996
7.0,7.0,4.0,10.0,H,1.4,1.0,2.2,1.2,1518.1701225122981,1647.1661121913528,-128.99598967905467,-3.0,-0.8000000000000003,-0.19999999999999996
9.0,15.0,4.0,10.0,H,3.0,0.4,1.2,0.8,1888.4624415583137,1527.5748915207093,360.88755003760434,5.0,1.8,-0.4
1.0,7.0,3.0,6.0,H,0.8,1.0,1.6,1.4,1534.7175893790538,1518.3171655594267,16.40042381962712,1.0,-0.8,-0.3999999999999999
4.0,7.0,9.0,15.0,A,1.2,1.4,2.4,0.0,1641.0226429646293,1894.6059107850372,-253.58326782040785,-8.0,-1.2,1.4
3.0,6.0,0.0,3.0,D,1.4,1.6,0.6,2.0,1570.3201723351178,1530.832321720429,39.487850614688796,3.0,0.7999999999999999,-0.3999999999999999
6.0,7.0,2.0,3.0,H,1.4,1.2,1.0,1.4,1661.7959991282387,1402.466868679099,259.3291304491397,4.0,0.3999999999999999,-0.19999999999999996
6.0,7.0,7.0,10.0,A,1.4,1.8,1.4,0.6,1632.806287194189,1533.9754367067987,98.83085048739031,-3.0,0.0,1.2000000000000002
4.0,7.0,0.0,6.0,H,1.0,1.0,0.6,1.0,1682.4893585776513,1493.0552133379374,189.43414523971387,1.0,0.4,0.0
5.0,6.0,4.0,5.0,D,1.0,1.0,0.8,1.2,1565.985008096021,1624.7879230209812,-58.802914924960305,1.0,0.19999999999999996,-0.19999999999999996
6.0,8.0,4.0,5.0,H,1.0,0.8,1.0,1.0,1576.417148967694,1482.4974688213263,93.91968014636768,3.0,0.0,-0.19999999999999996
1.0,4.0,7.0,10.0,A,0.4,1.6,1.6,0.8,1476.901477195275,1509.1324968009853,-32.231019605710344,-6.0,-1.2000000000000002,0.8
6.0,6.0,6.0,12.0,A,0.8,1.8,2.4,1.0,1394.139972512725,1836.7007887127395,-442.5608162000144,-6.0,-1.5999999999999999,0.8
7.0,13.0,1.0,7.0,A,1.8,0.6,1.4,1.4,1522.1635195882686,1582.132089453648,-59.96856986537932,6.0,0.40000000000000013,-0.7999999999999999
1.0,4.0,7.0,10.0,H,0.8,2.0,1.6,0.8,1542.3082709689552,1671.0134093291251,-128.70513836016994,-6.0,-0.8,1.2
3.0,6.0,6.0,10.0,D,1.4,1.0,1.0,0.6,1517.1169988594027,1577.617315667718,-60.50031680831535,-4.0,0.3999999999999999,0.4
2.0,2.0,0.0,1.0,H,0.8,2.0,0.2,2.2,1411.7323627387582,1467.6359831356158,-55.903620396857605,1.0,0.6000000000000001,-0.20000000000000018
4.0,4.0,3.0,6.0,D,0.8,1.0,1.0,2.6,1477.5514340315076,1399.0860073025437,78.46542672896385,-2.0,-0.19999999999999996,-1.6
9.0,12.0,3.0,6.0,D,3.0,1.2,1.0,1.0,1828.8174839221194,1573.868312886641,254.94917103547846,6.0,2.0,0.19999999999999996
4.0,6.0,3.0,7.0,D,1.0,0.8,0.6,1.0,1619.804739937593,1539.700772462442,80.10396747515097,-1.0,0.4,-0.19999999999999996
9.0,13.0,1.0,4.0,D,2.2,0.4,0.8,1.4,1510.047799989185,1640.1073397764296,-130.0595397872446,9.0,1.4000000000000001,-0.9999999999999999
0.0,3.0,6.0,6.0,H,0.4,1.6,1.4,2.0,1504.1943748963126,1621.6671256358138,-117.47275073950118,-3.0,-0.9999999999999999,-0.3999999999999999
9.0,15.0,6.0,9.0,H,2.0,0.0,2.0,1.0,1897.1725062819587,1659.2294036313172,237.94310265064155,6.0,0.0,-1.0
4.0,7.0,5.0,6.0,D,1.2,1.0,1.2,1.0,1666.9167182361593,1623.9014310305588,43.01528720560054,1.0,0.0,0.0
4.0,10.0,4.0,4.0,D,1.2,0.8,0.8,2.0,1573.9084495081552,1546.017137128518,27.891312379637156,6.0,0.3999999999999999,-1.2
4.0,5.0,7.0,10.0,A,0.6,1.2,2.8,1.4,1534.663295669923,1833.8549607146385,-299.1916650447156,-5.0,-2.1999999999999997,-0.19999999999999996
0.0,1.0,2.0,5.0,H,0.2,2.2,1.0,1.0,1475.0997243816857,1470.0876927854376,5.012031596248107,-4.0,-0.8,1.2000000000000002
4.0,7.0,7.0,11.0,H,1.0,2.2,1.8,0.4,1409.401408410729,1499.7323988809999,-90.33099047027099,-4.0,-0.8,1.8000000000000003
3.0,7.0,6.0,10.0,A,1.4,1.2,1.6,1.0,1559.7597456820724,1536.2720867928372,23.487658889235263,-3.0,-0.20000000000000018,0.19999999999999996
3.0,6.0,4.0,4.0,H,1.4,1.8,1.4,1.2,1626.3772190057855,1512.406905489431,113.97031351635451,2.0,0.0,0.6000000000000001
1.0,5.0,4.0,5.0,H,0.8,1.0,0.8,1.6,1642.731594558454,1409.1081079567339,233.62348660172006,0.0,0.0,-0.6000000000000001
3.0,9.0,3.0,3.0,A,2.0,1.0,0.6,1.8,1642.9740362598275,1520.4497422678023,122.52429399202515,6.0,1.4,-0.8
4.0,7.0,9.0,15.0,A,1.6,1.6,2.0,0.0,1577.6359577180517,1901.668638017555,-324.0326802995032,-8.0,-0.3999999999999999,1.6
1.0,4.0,9.0,15.0,A,1.4,1.6,1.6,0.2,1509.2253993250383,1904.8501441819476,-395.6247448569093,-11.0,-0.20000000000000018,1.4000000000000001
4.0,10.0,5.0,8.0,A,1.8,0.6,1.4,1.2,1488.9904916012729,1584.6503567878822,-95.6598651866093,2.0,0.40000000000000013,-0.6
3.0,6.0,4.0,4.0,D,1.2,1.2,1.2,1.6,1638.5446464537872,1582.065347524092,56.47929892969523,2.0,0.0,-0.40000000000000013
1.0,4.0,1.0,5.0,D,1.2,1.6,1.0,1.2,1505.4218845461326,1473.8912075643434,31.530676981789156,-1.0,0.19999999999999996,0.40000000000000013
5.0,5.0,3.0,5.0,D,1.0,1.6,1.0,1.8,1540.0897412896322,1415.0355037956197,125.05423749401257,0.0,0.0,-0.19999999999999996
3.0,9.0,4.0,8.0,D,2.2,1.2,1.6,1.0,1624.6823234186181,1668.6116138233267,-43.92929040470858,1.0,0.6000000000000001,0.19999999999999996
2.0,4.0,4.0,4.0,A,1.0,1.4,0.4,1.2,1546.3071074519796,1548.1159339000158,-1.8088264480361431,0.0,0.6,0.19999999999999996
3.0,3.0,4.0,7.0,H,0.6,2.2,1.2,2.4,1480.6620041784713,1403.8391286139433,76.82287556452798,-4.0,-0.6,-0.19999999999999973
9.0,15.0,6.0,10.0,H,1.8,0.2,1.6,1.0,1906.1127398229396,1535.0094911518452,371.10324867109443,5.0,0.19999999999999996,-0.8
6.0,6.0,3.0,6.0,D,1.0,1.6,1.4,1.2,1520.5490865880492,1623.8020867103119,-103.25300012226262,0.0,-0.3999999999999999,0.40000000000000013
4.0,5.0,7.0,13.0,H,0.8,1.0,2.6,0.8,1655.2958082667112,1821.2907470063813,-165.99493873967003,-8.0,-1.8,0.19999999999999996
5.0,8.0,1.0,3.0,H,1.6,1.4,0.8,1.4,1590.8664173093493,1540.0910469305124,50.7753703788369,5.0,0.8,0.0
2.0,3.0,1.0,7.0,D,1.2,1.8,1.6,1.2,1471.4950737539737,1491.3866254116426,-19.89155165766897,-4.0,-0.40000000000000013,0.6000000000000001
4.0,7.0,6.0,6.0,H,0.6,0.8,1.0,2.0,1553.6377253853896,1475.1402126930975,78.49751269229205,1.0,-0.4,-1.2
4.0,5.0,4.0,7.0,D,1.2,1.4,2.2,1.4,1580.4285870446759,1626.3190838980343,-45.8904968533584,-2.0,-1.0000000000000002,0.0
3.0,9.0,7.0,7.0,A,1.4,1.6,1.0,1.2,1521.829284429865,1533.7292933100293,-11.90000888016425,2.0,0.3999999999999999,0.40000000000000013
4.0,5.0,9.0,15.0,A,0.6,1.4,2.2,0.2,1413.1306207977134,1908.0176228208459,-494.8870020231325,-10.0,-1.6,1.2
4.0,7.0,7.0,7.0,A,1.4,2.2,0.8,0.6,1397.9417582646856,1661.193178615969,-263.2514203512833,0.0,0.5999999999999999,1.6
3.0,7.0,5.0,6.0,H,1.2,0.8,0.8,1.2,1628.957709353383,1534.934118646561,94.023590706822,1.0,0.3999999999999999,-0.3999999999999999
2.0,6.0,1.0,4.0,A,1.6,1.2,0.8,1.2,1655.0335945954255,1652.1226656816884,2.9109289137370524,2.0,0.8,0.0
4.0,10.0,1.0,2.0,H,2.2,1.2,1.0,2.2,1822.96347621542,1503.7491553370937,319.21432087832636,8.0,1.2000000000000002,-1.0000000000000002
2.0,5.0,9.0,10.0,H,1.4,1.4,1.4,0.8,1662.3964676017497,1653.8303056096447,8.56616199210498,-5.0,0.0,0.5999999999999999
7.0,10.0,6.0,6.0,H,1.2,1.0,1.2,1.6,1539.457379204457,1469.4121267986698,70.04525240578732,4.0,0.0,-0.6000000000000001
0.0,2.0,2.0,6.0,H,0.8,1.8,0.8,1.4,1547.1535425256216,1527.871623051452,19.281919474169626,-4.0,0.0,0.40000000000000013
6.0,10.0,2.0,3.0,D,1.0,0.6,1.2,1.8,1548.8280003514672,1476.304798787896,72.52320156357109,7.0,-0.19999999999999996,-1.2000000000000002
3.0,6.0,3.0,4.0,H,1.4,2.0,1.4,2.6,1526.1504036007643,1393.6206390937864,132.52976450697793,2.0,0.0,-0.6000000000000001
5.0,5.0,6.0,10.0,A,1.6,1.4,2.2,1.0,1619.0311421411113,1830.251417972343,-211.22027583123167,-5.0,-0.6000000000000001,0.3999999999999999
4.0,7.0,1.0,5.0,H,1.2,0.8,1.4,1.2,1655.76844071755,1487.740850375781,168.02759034176893,2.0,-0.19999999999999996,-0.3999999999999999
2.0,6.0,1.0,4.0,H,1.0,1.0,0.4,1.4,1583.963100590163,1409.5961072522261,174.36699333793695,2.0,0.6,-0.3999999999999999
5.0,7.0,7.0,11.0,H,1.6,0.8,2.0,1.2,1635.1799851497105,1584.6441415130219,50.535843636688696,-4.0,-0.3999999999999999,-0.3999999999999999
9.0,15.0,1.0,2.0,H,2.2,0.2,1.0,2.4,1909.0579266675654,1502.7088514903742,406.34907517719125,13.0,1.2000000000000002,-2.1999999999999997
1.0,4.0,2.0,5.0,H,0.4,1.2,1.4,1.2,1422.6457092017554,1605.981540191582,-183.33583098982672,-1.0,-0.9999999999999999,0.0
1.0,1.0,3.0,6.0,H,1.2,2.8,1.4,1.8,1510.5403073239322,1518.3189477672063,-7.778640443274071,-5.0,-0.19999999999999996,0.9999999999999998
1.0,5.0,7.0,13.0,D,0.6,1.4,1.8,0.4,1525.3804016223658,1541.9486006335433,-16.568199011177512,-8.0,-1.2000000000000002,0.9999999999999999
1.0,2.0,9.0,15.0,H,0.8,1.8,2.4,0.6,1505.022569922158,1891.7762071211885,-386.75363719903044,-13.0,-1.5999999999999999,1.2000000000000002
3.0,4.0,3.0,4.0,A,1.4,1.8,0.8,1.6,1465.4677215760794,1557.9906197374382,-92.52289816135885,0.0,0.5999999999999999,0.19999999999999996
3.0,6.0,4.0,5.0,D,1.2,1.6,1.2,1.6,1472.0263126692578,1659.7822817311617,-187.7559690619039,1.0,0.0,0.0
6.0,8.0,7.0,7.0,D,2.2,1.8,1.0,0.8,1583.8149403730733,1656.5976418574985,-72.78270148442516,1.0,1.2000000000000002,1.0
6.0,10.0,5.0,8.0,A,1.6,1.0,1.4,0.8,1639.296740210605,1598.4966659892027,40.80007422140238,2.0,0.20000000000000018,0.19999999999999996
7.0,11.0,3.0,9.0,D,1.4,0.2,2.0,1.6,1541.8722754372302,1639.3730654069182,-97.50078996968796,2.0,-0.6000000000000001,-1.4000000000000001
3.0,6.0,1.0,3.0,A,1.2,1.8,0.4,1.4,1505.7059899382393,1537.9933594513327,-32.28736951309338,3.0,0.7999999999999999,0.40000000000000013
7.0,8.0,3.0,4.0,H,1.0,0.8,0.4,1.2,1553.104539219696,1418.3691703335264,134.73536888616968,4.0,0.6,-0.3999999999999999
7.0,8.0,2.0,3.0,D,1.4,0.8,1.2,1.8,1592.6421907314393,1471.3221968338428,121.31999389759653,5.0,0.19999999999999996,-1.0
7.0,9.0,3.0,4.0,H,2.0,1.0,1.6,2.2,1639.4864553148027,1506.23383715884,133.25261815596264,5.0,0.3999999999999999,-1.2000000000000002
6.0,12.0,1.0,7.0,H,2.0,1.0,1.6,1.8,1892.732051070576,1471.0704687198702,421.6615823507059,5.0,0.3999999999999999,-0.8
6.0,6.0,4.0,4.0,H,0.6,1.2,1.4,1.8,1563.85187589233,1499.1613137672662,64.69056212506393,2.0,-0.7999999999999999,-0.6000000000000001
4.0,6.0,4.0,8.0,H,1.6,1.8,2.2,1.8,1665.1103424698395,1578.4868796343956,86.62346283544389,-2.0,-0.6000000000000001,0.0
7.0,8.0,6.0,10.0,H,1.2,0.6,1.2,0.8,1668.6863715172437,1818.1626883125978,-149.47631679535402,-2.0,0.0,-0.20000000000000007
1.0,5.0,0.0,4.0,H,1.2,1.0,1.2,1.8,1608.8232052577332,1390.7789740276353,218.04423123009792,1.0,0.0,-0.8
0.0,3.0,7.0,10.0,D,1.0,2.4,1.0,0.6,1392.5538503025596,1551.3296629447718,-158.77581264221226,-7.0,0.0,1.7999999999999998
6.0,9.0,9.0,11.0,H,0.8,0.8,2.0,0.8,1821.5106265048905,1636.13851712251,185.3721093823806,-2.0,-1.2,0.0
1.0,7.0,7.0,11.0,D,1.8,1.6,1.6,0.2,1637.3661533910274,1670.6932835331345,-33.32713014210708,-4.0,0.19999999999999996,1.4000000000000001
3.0,4.0,3.0,3.0,A,0.2,1.0,0.8,2.0,1408.0048560105402,1516.0703042612256,-108.06544825068545,1.0,-0.6000000000000001,-1.0
3.0,4.0,7.0,9.0,A,1.6,2.0,1.2,0.4,1495.842837565432,1603.0331903248473,-107.19035275941519,-5.0,0.40000000000000013,1.6
1.0,4.0,9.0,9.0,A,1.2,2.0,0.8,0.8,1460.862730807773,1574.0596138044273,-113.19688299665427,-5.0,0.3999999999999999,1.2
3.0,4.0,3.0,5.0,D,1.2,1.6,1.2,0.8,1499.4393336935705,1608.545185331429,-109.10585163785845,-1.0,0.0,0.8
2.0,4.0,6.0,10.0,H,1.0,1.2,1.6,1.0,1483.1664150258378,1624.294298930515,-141.12788390467722,-6.0,-0.6000000000000001,0.19999999999999996
4.0,5.0,5.0,11.0,H,0.2,1.0,1.0,0.4,1545.5494548427475,1543.773567553357,1.775887289390539,-6.0,-0.8,0.6
1.0,1.0,7.0,8.0,A,0.6,2.2,2.0,1.4,1387.1486943561702,1670.5154984162289,-283.3668040600587,-7.0,-1.4,0.8000000000000003
1.0,7.0,6.0,12.0,D,1.8,2.2,2.0,1.2,1583.9747724649462,1887.2441582400254,-303.2693857750792,-5.0,-0.19999999999999996,1.0000000000000002
6.0,9.0,5.0,9.0,H,1.2,0.8,1.2,0.4,1823.5320588518412,1539.8508430902796,283.6812157615616,0.0,0.0,0.4
4.0,5.0,4.0,6.0,D,1.0,0.6,0.8,0.8,1602.8372959665767,1488.87430439069,113.96299157588669,-1.0,0.19999999999999996,-0.20000000000000007
2.0,5.0,3.0,3.0,H,1.6,1.8,1.0,1.8,1641.3532870094352,1491.8557039470243,149.49758306241097,2.0,0.6000000000000001,0.0
5.0,11.0,4.0,8.0,H,1.8,0.4,0.8,1.0,1674.9555677656037,1539.5112833208877,135.444284444716,3.0,1.0,-0.6
7.0,7.0,1.0,1.0,D,0.8,1.0,0.6,2.2,1539.235477175877,1393.4626720230408,145.7728051528361,6.0,0.20000000000000007,-1.2000000000000002
3.0,3.0,2.0,5.0,A,0.2,1.6,1.2,1.8,1400.157251548692,1591.8223769267943,-191.66512537810218,-2.0,-1.0,-0.19999999999999996
7.0,11.0,1.0,1.0,H,1.6,0.4,0.8,2.2,1607.008445222709,1456.8874759099112,150.1209693127978,10.0,0.8,-1.8000000000000003
4.0,10.0,9.0,12.0,H,1.2,1.2,1.2,0.6,1888.9407258745366,1572.363046169916,316.57767970462055,-2.0,0.0,0.6
2.0,8.0,4.0,5.0,H,1.2,1.4,1.0,1.2,1546.01601306118,1493.27416372267,52.741849338510065,3.0,0.19999999999999996,0.19999999999999996
3.0,6.0,3.0,9.0,A,1.4,1.2,1.8,1.4,1506.3069656569103,1634.0576375348303,-127.75067187792001,-3.0,-0.40000000000000013,-0.19999999999999996
7.0,10.0,6.0,12.0,H,2.0,1.2,2.2,0.4,1682.0297031861166,1812.0178540819534,-129.98815089583672,-2.0,-0.20000000000000018,0.7999999999999999
2.0,2.0,7.0,13.0,A,0.4,1.8,1.8,0.4,1386.6191962223434,1613.8519210234065,-227.2327248010631,-11.0,-1.4,1.4
1.0,4.0,3.0,6.0,A,0.8,1.2,1.2,1.2,1480.8220471334441,1518.7590822461361,-37.937035112692,-2.0,-0.3999999999999999,0.0
6.0,12.0,4.0,8.0,A,1.0,0.8,1.0,1.2,1558.878743574105,1559.500315656991,-0.6215720828859048,4.0,0.0,-0.3999999999999999
5.0,6.0,7.0,11.0,A,0.6,0.6,2.0,0.4,1481.302440025365,1682.5274321309287,-201.22499210556362,-5.0,-1.4,0.19999999999999996
3.0,9.0,0.0,3.0,H,1.4,1.4,0.2,1.6,1636.6102220909393,1397.6046669925831,239.00555509835613,6.0,1.2,-0.20000000000000018
0.0,1.0,7.0,8.0,A,0.6,2.0,1.0,0.4,1446.3798472517533,1549.7431058340348,-103.36325858228156,-7.0,-0.4,1.6
4.0,5.0,5.0,5.0,H,0.8,1.6,1.0,0.6,1599.315751480576,1595.343921412795,3.9718300677809566,0.0,-0.19999999999999996,1.0
0.0,3.0,9.0,13.0,H,1.0,1.8,2.4,1.0,1504.3943715126832,1669.4910356204578,-165.0966641077746,-10.0,-1.4,0.8
1.0,5.0,5.0,5.0,H,0.4,1.4,1.4,1.4,1549.5642999520865,1631.3002703782365,-81.73597042615006,0.0,-0.9999999999999999,0.0
6.0,9.0,7.0,10.0,H,2.0,0.8,1.8,1.2,1821.3546160086269,1879.6039639478631,-58.24934793923626,-1.0,0.19999999999999996,-0.3999999999999999
6.0,10.0,1.0,4.0,H,2.4,1.4,1.0,1.2,1672.681681188163,1477.6314015657388,195.05027962242434,6.0,1.4,0.19999999999999996
9.0,13.0,6.0,9.0,A,1.4,0.4,1.6,1.0,1601.6646441127518,1648.7974990015937,-47.13285488884185,4.0,-0.20000000000000018,-0.6
2.0,5.0,3.0,9.0,H,1.2,0.8,0.8,1.0,1601.606391916248,1552.6162730706521,48.990118845595816,-4.0,0.3999999999999999,-0.19999999999999996
0.0,3.0,4.0,5.0,A,0.2,1.8,0.4,1.0,1387.1357952269154,1491.7713117910328,-104.63551656411732,-2.0,-0.2,0.8
7.0,11.0,0.0,1.0,H,2.0,0.4,0.8,2.2,1685.0513494741983,1443.8559299084836,241.1954195657147,10.0,1.2,-1.8000000000000003
6.0,8.0,3.0,7.0,D,0.6,1.2,0.8,1.4,1556.4376410913878,1552.6269745176896,3.8106665736981995,1.0,-0.20000000000000007,-0.19999999999999996
7.0,11.0,3.0,6.0,D,1.8,0.4,1.2,1.6,1545.7877338665062,1508.3497434802118,37.43799038629436,5.0,0.6000000000000001,-1.2000000000000002
4.0,7.0,1.0,2.0,H,1.2,1.6,0.4,1.6,1880.241491407592,1385.9816687626144,494.2598226449777,5.0,0.7999999999999999,0.0
6.0,6.0,6.0,9.0,H,1.4,1.4,2.6,0.8,1534.0083533229079,1806.1053449318551,-272.0969916089473,-3.0,-1.2000000000000002,0.5999999999999999
4.0,5.0,7.0,8.0,H,1.4,1.6,0.8,1.2,1637.6742206644312,1592.9418011943812,44.73241947004999,-3.0,0.5999999999999999,0.40000000000000013
9.0,9.0,4.0,8.0,D,1.8,1.0,1.8,0.6,1644.7974895007662,1605.6064014170754,39.19108808369083,1.0,0.0,0.4
0.0,6.0,6.0,12.0,A,0.6,1.6,2.6,1.0,1543.1931607005374,1682.1047935582778,-138.91163285774041,-6.0,-2.0,0.6000000000000001
0.0,1.0,0.0,0.0,H,0.4,1.8,0.0,2.0,1482.639023296658,1382.1281734959962,100.51084980066184,1.0,0.4,-0.19999999999999996
3.0,9.0,5.0,11.0,H,2.6,0.6,2.2,0.8,1808.3380313923876,1543.5550474059737,264.7829839864139,-2.0,0.3999999999999999,-0.20000000000000007
4.0,5.0,6.0,10.0,H,0.8,1.6,0.8,0.4,1561.1705906942896,1593.121027936152,-31.950437241862346,-5.0,0.0,1.2000000000000002
4.0,4.0,7.0,8.0,A,1.0,1.8,0.8,1.4,1496.866613561362,1567.9207710102376,-71.05415744887546,-4.0,0.19999999999999996,0.40000000000000013
4.0,8.0,6.0,10.0,A,0.6,0.8,1.6,1.0,1488.5775960686017,1883.4352071300232,-394.8576110614215,-2.0,-1.0,-0.19999999999999996
0.0,0.0,6.0,8.0,D,0.8,2.8,1.2,1.0,1446.4924643640045,1635.0376862089104,-188.54522184490588,-8.0,-0.3999999999999999,1.7999999999999998
6.0,7.0,6.0,9.0,D,0.6,1.2,1.4,0.8,1588.6617876430141,1538.288366874275,50.37342076873915,-2.0,-0.7999999999999999,0.3999999999999999
1.0,2.0,9.0,13.0,A,0.4,1.2,2.8,0.6,1381.1570297103879,1689.8759885264249,-308.718958816037,-11.0,-2.4,0.6
3.0,7.0,6.0,9.0,A,0.8,1.4,3.0,0.6,1484.1754554402642,1812.7401720207251,-328.564716580461,-2.0,-2.2,0.7999999999999999
7.0,7.0,6.0,12.0,H,1.0,1.6,2.4,1.4,1571.7723973808659,1671.5029868717015,-99.73058949083565,-5.0,-1.4,0.20000000000000018
0.0,0.0,4.0,4.0,A,0.2,2.2,1.0,1.8,1372.5521256292163,1506.442661428142,-133.8905357989256,-4.0,-0.8,0.40000000000000013
3.0,4.0,4.0,8.0,H,0.8,1.8,2.0,1.8,1491.5188173195759,1534.6752533830559,-43.15643606347999,-4.0,-1.2,0.0
6.0,10.0,7.0,10.0,D,1.8,1.0,0.8,1.2,1875.1110663370698,1576.244911803191,298.8661545338789,0.0,1.0,-0.19999999999999996
4.0,8.0,7.0,10.0,H,1.0,0.8,2.0,0.6,1642.497236207626,1637.3379395020506,5.159296705575343,-2.0,-1.0,0.20000000000000007
3.0,9.0,4.0,8.0,H,0.8,0.6,0.8,0.6,1600.2018826285857,1581.5809329505803,18.620949678005445,1.0,0.0,0.0
0.0,1.0,0.0,3.0,H,0.4,1.8,0.8,2.2,1392.9238366370164,1531.4263537739089,-138.5025171368925,-2.0,-0.4,-0.40000000000000013
1.0,1.0,4.0,6.0,H,0.6,2.4,1.2,0.8,1458.1776699567856,1593.9211958242943,-135.74352586750865,-5.0,-0.6,1.5999999999999999
9.0,13.0,7.0,10.0,D,3.0,0.6,1.6,0.8,1683.6813946112184,1544.4829607894815,139.1984338217369,3.0,1.4,-0.20000000000000007
6.0,9.0,0.0,0.0,H,2.0,1.8,0.2,2.4,1673.3311757438307,1370.7239367570871,302.6072389867436,9.0,1.8,-0.5999999999999999
5.0,11.0,3.0,9.0,D,1.0,0.4,1.0,0.6,1574.0905094933328,1602.3562849384439,-28.265775445111103,2.0,0.0,-0.19999999999999996
6.0,9.0,4.0,4.0,H,3.0,0.6,1.4,2.2,1814.1016342080477,1456.816207769463,357.28542643858464,5.0,1.6,-1.6
1.0,5.0,7.0,10.0,A,1.6,2.2,1.2,0.8,1524.9003501168702,1652.2721394738116,-127.37178935694146,-5.0,0.40000000000000013,1.4000000000000001
4.0,10.0,7.0,10.0,H,2.0,0.6,2.0,1.2,1651.107810349793,1861.3411954893274,-210.23338513953445,0.0,0.0,-0.6
1.0,7.0,3.0,4.0,D,0.8,1.2,0.6,1.4,1574.7717620988315,1399.7330074887652,175.03875461006623,3.0,0.20000000000000007,-0.19999999999999996
4.0,5.0,7.0,10.0,H,1.2,1.4,1.6,1.0,1600.5435019985584,1565.1500912066017,35.39341079195674,-5.0,-0.40000000000000013,0.3999999999999999
0.0,0.0,7.0,13.0,A,0.4,2.6,3.2,0.8,1522.9191357184027,1692.1886126667246,-169.26947694832188,-13.0,-2.8000000000000003,1.8
5.0,8.0,3.0,4.0,D,1.4,1.2,0.4,2.2,1540.1706981485008,1488.4877180812448,51.68298006725604,4.0,0.9999999999999999,-1.0000000000000002
4.0,7.0,6.0,6.0,H,1.8,1.4,1.0,1.8,1513.2504699893802,1484.7110087583376,28.53946123104265,1.0,0.8,-0.40000000000000013
0.0,0.0,5.0,9.0,A,0.2,2.4,1.0,0.6,1363.614286163628,1581.2001600867918,-217.58587392316372,-9.0,-0.8,1.7999999999999998
4.0,4.0,3.0,9.0,A,1.6,2.4,1.6,1.0,1446.337477715986,1550.6494282019778,-104.3119504859917,-5.0,0.0,1.4
7.0,10.0,4.0,7.0,H,1.4,1.0,1.6,1.4,1658.1630018428266,1594.6526396295435,63.51036221328309,3.0,-0.20000000000000018,-0.3999999999999999
1.0,4.0,0.0,4.0,D,0.6,2.4,1.6,2.6,1486.677691087555,1526.7103771105599,-40.03268602300477,0.0,-1.0,-0.20000000000000018
6.0,10.0,2.0,5.0,A,1.6,0.8,0.8,1.4,1552.6059224027435,1587.3159309026896,-34.71000849994607,5.0,0.8,-0.5999999999999999
4.0,7.0,0.0,0.0,H,1.0,0.8,0.4,2.2,1607.606640166995,1517.6687804898515,89.93785967714348,7.0,0.6,-1.4000000000000001
6.0,6.0,9.0,12.0,A,1.2,2.2,3.2,0.4,1480.4962351550987,1818.3164078112866,-337.8201726561879,-6.0,-2.0,1.8000000000000003
4.0,4.0,4.0,10.0,H,0.6,1.4,2.0,0.8,1413.8336769998998,1637.0071408386584,-223.1734638387586,-6.0,-1.4,0.5999999999999999
4.0,7.0,6.0,9.0,H,1.4,1.6,1.8,1.6,1864.542026521752,1670.1303447114062,194.41168181034573,-2.0,-0.40000000000000013,0.0
7.0,13.0,6.0,10.0,D,3.0,0.8,2.4,1.2,1685.5323503212946,1519.9067323348102,165.62561798648449,3.0,0.6000000000000001,-0.3999999999999999
3.0,7.0,3.0,6.0,H,1.2,1.0,1.0,2.4,1640.7259849266873,1476.7773910670699,163.9485938596174,1.0,0.19999999999999996,-1.4
5.0,9.0,2.0,5.0,A,1.2,0.6,0.6,1.8,1566.1212711783614,1501.7565799959855,64.36469118237596,4.0,0.6,-1.2000000000000002
3.0,9.0,7.0,7.0,H,2.0,2.0,1.2,0.8,1675.7662995139453,1601.970685364456,73.79561414948944,2.0,0.8,1.2
0.0,0.0,9.0,13.0,D,0.4,2.4,1.8,0.4,1518.8290488082348,1657.0027335244433,-138.17368471620853,-13.0,-1.4,2.0
4.0,5.0,3.0,4.0,A,0.6,1.2,1.4,2.0,1571.3130864648542,1462.3403221538215,108.97276431103273,1.0,-0.7999999999999999,-0.8
3.0,7.0,5.0,11.0,A,1.4,1.6,2.6,1.0,1584.3901968804219,1695.7947930704163,-111.40459618999444,-4.0,-1.2000000000000002,0.6000000000000001
9.0,12.0,0.0,0.0,H,3.2,0.4,0.2,2.0,1819.1049152640765,1362.8257787108382,456.27913655323823,12.0,3.0,-1.6
1.0,2.0,4.0,10.0,A,0.8,2.4,2.4,1.4,1522.654971093394,1868.597432538918,-345.94246144552403,-8.0,-1.5999999999999999,1.0
5.0,9.0,3.0,7.0,H,1.4,0.8,1.0,0.8,1557.900103080649,1545.3552475240724,12.544855556576522,2.0,0.3999999999999999,0.0
7.0,8.0,7.0,7.0,D,2.0,1.0,0.8,1.2,1514.585331477725,1419.155077856985,95.43025362074013,1.0,1.2,-0.19999999999999996
5.0,11.0,6.0,7.0,A,0.8,1.0,1.4,1.4,1400.918040125563,1647.062831575643,-246.14479145008,4.0,-0.5999999999999999,-0.3999999999999999
1.0,1.0,7.0,9.0,H,0.6,2.0,1.8,1.0,1527.093131749168,1549.6360201397158,-22.542888390547887,-8.0,-1.2000000000000002,1.0
6.0,10.0,9.0,15.0,H,2.6,1.6,1.6,2.8,1869.461444787056,1429.6010261692763,439.8604186177797,-5.0,1.0,-1.1999999999999997
5.0,8.0,1.0,1.0,A,1.8,0.8,0.6,2.6,1501.9994307945215,1535.2408717765975,-33.24144098207603,7.0,1.2000000000000002,-1.8
7.0,11.0,4.0,5.0,A,1.8,0.6,0.8,1.6,1642.1149210142141,1586.2008989750834,55.914022039130714,6.0,1.0,-1.0
2.0,6.0,3.0,4.0,A,1.0,0.8,0.8,2.0,1466.988568546511,1594.1708837241367,-127.1823151776257,2.0,0.19999999999999996,-1.2
0.0,6.0,4.0,7.0,A,1.0,1.2,1.2,0.8,1534.1129894727167,1613.2129434158117,-79.09995394309499,-1.0,-0.19999999999999996,0.3999999999999999
5.0,5.0,6.0,9.0,A,0.8,2.0,1.8,2.0,1493.8551054682634,1683.6677740416674,-189.81266857340393,-4.0,-1.0,0.0
6.0,7.0,1.0,3.0,H,0.8,1.4,0.8,1.4,1590.6138814093943,1462.5755861122002,128.03829529719405,4.0,0.0,0.0
6.0,12.0,4.0,8.0,H,1.8,3.4,0.4,1.6,1436.0577908580722,1394.4612754367672,41.59651542130496,4.0,1.4,1.7999999999999998
7.0,11.0,4.0,4.0,A,2.0,0.6,0.4,1.4,1679.3058552917428,1543.5820695278414,135.72378576390133,7.0,1.6,-0.7999999999999999
6.0,9.0,2.0,8.0,H,1.8,1.2,1.8,1.0,1650.98531025914,1498.0769521110244,152.90835814811567,1.0,0.0,0.19999999999999996
4.0,4.0,4.0,5.0,A,1.0,1.6,0.8,2.0,1521.3821498754858,1507.7138273693752,13.668322506110599,-1.0,0.19999999999999996,-0.3999999999999999
6.0,8.0,4.0,10.0,A,1.6,1.0,1.8,0.8,1539.4195793135145,1652.3313618404154,-112.91178252690088,-2.0,-0.19999999999999996,0.19999999999999996
6.0,9.0,9.0,10.0,A,1.8,1.8,2.8,2.0,1676.088118564077,1877.0411002646465,-200.95298170056958,-1.0,-0.9999999999999998,-0.19999999999999996
3.0,6.0,4.0,8.0,H,1.2,1.8,1.2,0.8,1600.6435999708744,1559.6485549316237,40.995045039250726,-2.0,0.0,1.0
5.0,8.0,0.0,3.0,H,1.0,1.0,0.8,1.6,1429.5853353658026,1523.682731963899,-94.09739659809634,5.0,0.19999999999999996,-0.6000000000000001
6.0,10.0,9.0,15.0,A,1.6,0.6,4.2,0.2,1606.1697664815792,1826.1480921983089,-219.97832571672961,-5.0,-2.6,0.39999999999999997
1.0,2.0,6.0,9.0,D,0.8,2.0,1.8,1.6,1465.731248866599,1672.9324558096782,-207.20120694307934,-7.0,-1.0,0.3999999999999999
3.0,5.0,3.0,7.0,A,1.4,1.6,1.6,1.6,1546.319904922662,1552.7482293224762,-6.428324399814073,-2.0,-0.20000000000000018,0.0
6.0,8.0,4.0,8.0,A,1.4,1.0,1.6,1.2,1499.7457343443996,1687.2739483167184,-187.52821397231878,0.0,-0.20000000000000018,-0.19999999999999996
7.0,7.0,6.0,10.0,A,1.0,1.2,1.8,1.2,1532.0692251317028,1602.126725805533,-70.05750067383019,-3.0,-0.8,0.0
1.0,5.0,3.0,7.0,H,1.2,1.4,1.2,1.2,1508.3098399153666,1595.936878677237,-87.62703876187038,-2.0,0.0,0.19999999999999996
9.0,15.0,6.0,9.0,A,3.8,0.4,1.8,1.4,1808.8102501074488,1617.9814420617345,190.82880804571437,6.0,1.9999999999999998,-0.9999999999999999
0.0,0.0,6.0,12.0,A,0.2,1.8,2.4,3.2,1508.7526404217717,1450.9878824001994,57.764758021572334,-12.0,-2.1999999999999997,-1.4000000000000001
4.0,10.0,3.0,4.0,D,2.4,1.0,0.8,1.8,1646.5163672049182,1527.197144510983,119.31922269393522,6.0,1.5999999999999999,-0.8
1.0,5.0,7.0,11.0,A,0.8,2.4,1.2,0.4,1382.6153996653852,1441.4312111371846,-58.81581147179941,-6.0,-0.3999999999999999,2.0
9.0,12.0,9.0,12.0,H,3.0,1.8,2.0,1.0,1879.6959428245766,1648.33046769921,231.36547512536663,0.0,1.0,0.8
4.0,7.0,6.0,7.0,H,2.2,2.2,1.2,1.2,1676.9317331389536,1528.0699478024274,148.86178533652628,0.0,1.0000000000000002,1.0000000000000002
9.0,12.0,3.0,7.0,H,2.0,1.2,1.6,1.4,1606.881929684179,1494.9905304657534,111.8913992184257,5.0,0.3999999999999999,-0.19999999999999996
6.0,12.0,6.0,12.0,D,2.4,2.8,3.2,1.4,1457.2918387979942,1802.506293709654,-345.2144549116599,0.0,-0.8000000000000003,1.4
4.0,5.0,0.0,4.0,H,0.8,1.4,1.2,1.6,1534.910465594578,1538.606583839067,-3.696118244489071,1.0,-0.3999999999999999,-0.20000000000000018
9.0,9.0,3.0,5.0,A,2.4,1.8,1.4,1.2,1602.5862058042007,1523.7050761729004,78.88112963130038,4.0,1.0,0.6000000000000001
3.0,9.0,1.0,2.0,H,1.6,1.4,1.2,2.6,1557.8313945631674,1460.6480836259077,97.18331093725965,7.0,0.40000000000000013,-1.2000000000000002
6.0,9.0,0.0,0.0,H,1.8,1.4,0.2,1.6,1652.3534723939742,1504.7296357270075,147.62383666696678,9.0,1.6,-0.20000000000000018
3.0,6.0,0.0,4.0,H,1.0,1.8,0.6,3.0,1598.7650898941781,1379.787188448444,218.977901445734,2.0,0.4,-1.2
6.0,10.0,4.0,8.0,A,1.8,1.2,2.0,1.0,1673.4306256090622,1660.3596899125744,13.070935696487822,2.0,-0.19999999999999996,0.19999999999999996
7.0,11.0,9.0,15.0,H,1.4,0.4,3.4,1.6,1458.9340495076256,1862.1931044541357,-403.2590549465101,-4.0,-2.0,-1.2000000000000002
4.0,7.0,3.0,7.0,A,1.4,1.6,1.6,2.4,1526.014644384788,1682.3264468188522,-156.31180243406425,0.0,-0.20000000000000018,-0.7999999999999998
4.0,10.0,6.0,12.0,H,3.0,1.4,2.2,1.4,1806.3372149482893,1648.522551155339,157.81466379295034,-2.0,0.7999999999999998,0.0
9.0,12.0,6.0,12.0,D,2.6,1.6,2.8,2.4,1611.0764056543146,1857.9986284840002,-246.92222282968555,0.0,-0.19999999999999973,-0.7999999999999998
4.0,10.0,6.0,9.0,D,2.4,1.2,1.6,1.4,1671.3469331852466,1563.4161945168744,107.93073866837221,1.0,0.7999999999999998,-0.19999999999999996
0.0,0.0,0.0,1.0,D,0.4,1.8,0.6,3.0,1499.0302192951237,1385.4866048803278,113.54361441479591,-1.0,-0.19999999999999996,-1.2
3.0,7.0,3.0,6.0,D,1.2,1.6,2.0,2.2,1524.4165592062102,1498.6439190619706,25.77264014423963,1.0,-0.8,-0.6000000000000001
7.0,8.0,6.0,7.0,D,2.6,1.2,1.8,1.0,1654.4370460535633,1529.6277200319114,124.80932602165194,1.0,0.8,0.19999999999999996
6.0,9.0,9.0,13.0,A,2.4,1.8,2.6,0.6,1586.5343635218683,1474.985891789958,111.54847173191024,-4.0,-0.20000000000000018,1.2000000000000002
1.0,2.0,0.0,3.0,D,1.0,3.0,1.2,2.0,1460.0145279949418,1539.240139470033,-79.22561147509123,-1.0,-0.19999999999999996,1.0
7.0,10.0,3.0,6.0,A,2.4,2.2,0.8,1.8,1448.4798973494135,1607.5770313427588,-159.09713399334532,4.0,1.5999999999999999,0.40000000000000013
9.0,13.0,4.0,7.0,A,2.6,0.6,1.8,1.8,1461.4975700152931,1461.9682191240784,-0.47064910878521005,6.0,0.8,-1.2000000000000002
7.0,7.0,4.0,10.0,D,2.2,1.4,2.4,1.4,1534.316341070085,1801.6485939101158,-267.33225284003083,-3.0,-0.19999999999999973,0.0
1.0,1.0,1.0,7.0,A,0.8,2.4,1.2,1.6,1376.602433172537,1533.300730914001,-156.69829774146388,-6.0,-0.3999999999999999,0.7999999999999998
6.0,9.0,5.0,8.0,D,2.2,2.4,2.6,1.8,1679.236580271475,1674.4367997326237,4.799780538851337,1.0,-0.3999999999999999,0.5999999999999999
4.0,10.0,1.0,1.0,H,2.6,2.6,0.4,1.4,1859.328261617278,1497.7005861618459,361.62767545543215,9.0,2.2,1.2000000000000002
7.0,7.0,7.0,13.0,H,1.6,1.8,2.8,1.4,1571.921027771088,1602.571572400101,-30.65054462901321,-6.0,-1.1999999999999997,0.40000000000000013
6.0,9.0,4.0,7.0,D,1.0,1.4,1.4,1.8,1602.7801543758997,1530.8115213516471,71.96863302425254,2.0,-0.3999999999999999,-0.40000000000000013
3.0,9.0,3.0,9.0,A,1.6,1.2,2.4,1.6,1634.1709922944665,1600.8859223827408,33.285069911725714,0.0,-0.7999999999999998,-0.40000000000000013
1.0,4.0,2.0,2.0,D,1.8,2.2,1.0,2.6,1494.852925183562,1463.8055218733502,31.04740331021185,2.0,0.8,-0.3999999999999999
1.0,1.0,5.0,8.0,A,0.8,2.0,3.0,1.6,1529.6772628684957,1663.9999226551006,-134.32265978660485,-7.0,-2.2,0.3999999999999999
7.0,7.0,4.0,7.0,H,0.8,1.6,1.4,1.8,1608.255460716901,1527.8254245729995,80.43003614390159,0.0,-0.5999999999999999,-0.19999999999999996
4.0,10.0,5.0,8.0,H,2.2,2.2,2.4,1.2,1860.9220633494203,1532.7225393379426,328.1995240114777,2.0,-0.19999999999999973,1.0000000000000002
1.0,1.0,5.0,6.0,A,0.6,1.8,2.0,1.6,1520.9584658008755,1683.155596800244,-162.19713099936848,-5.0,-1.4,0.19999999999999996
1.0,1.0,5.0,8.0,A,0.6,1.4,1.6,1.6,1492.9780005525713,1806.3711795193904,-313.39317896681905,-7.0,-1.0,-0.20000000000000018
6.0,12.0,7.0,10.0,A,2.4,1.0,2.0,1.6,1451.7974912681539,1581.6211065182272,-129.82361525007332,2.0,0.3999999999999999,-0.6000000000000001
4.0,5.0,4.0,10.0,H,1.2,2.0,2.6,1.8,1540.0004955429508,1593.3825982087974,-53.38210266584656,-5.0,-1.4000000000000001,0.19999999999999996
4.0,7.0,3.0,6.0,A,1.8,2.4,1.0,1.4,1665.288085122701,1648.1194874432406,17.16859767946039,1.0,0.8,1.0
7.0,11.0,2.0,5.0,H,3.2,1.4,1.8,1.8,1667.503570347737,1491.3492774909257,176.15429285681125,6.0,1.4000000000000001,-0.40000000000000013
1.0,1.0,2.0,3.0,H,1.0,2.2,1.2,2.2,1386.2342749275156,1454.1736801183717,-67.93940519085618,-2.0,-0.19999999999999996,0.0
4.0,10.0,3.0,9.0,A,1.8,1.0,2.0,1.6,1453.08369919116,1609.7704423156592,-156.68674312449934,1.0,-0.19999999999999996,-0.6000000000000001
2.0,2.0,1.0,1.0,D,1.4,2.2,0.2,1.6,1489.3505400388706,1522.9572032529306,-33.60666321406006,1.0,1.2,0.6000000000000001
7.0,13.0,4.0,8.0,H,2.4,1.2,1.6,1.6,1587.7566331979294,1533.8649688632486,53.891664334680854,5.0,0.7999999999999998,-0.40000000000000013
1.0,7.0,4.0,7.0,A,1.8,1.8,1.6,2.0,1582.5757309879104,1676.094952343588,-93.51922135567747,0.0,0.19999999999999996,-0.19999999999999996
4.0,4.0,3.0,7.0,H,0.8,2.0,1.2,1.2,1533.1811070711485,1447.7280166930109,85.45309037813763,-3.0,-0.3999999999999999,0.8
5.0,9.0,1.0,1.0,H,2.6,1.2,0.6,1.4,1686.3230231958905,1489.8105741569248,196.51244903896577,8.0,2.0,-0.19999999999999996
2.0,8.0,4.0,4.0,H,2.4,1.2,0.8,1.4,1536.6192194800715,1382.3375947853867,154.28162469468475,4.0,1.5999999999999999,-0.19999999999999996
7.0,8.0,7.0,10.0,D,1.2,1.4,2.2,2.4,1805.0704596837156,1862.222783185095,-57.15232350137944,-2.0,-1.0000000000000002,-1.0
3.0,6.0,3.0,9.0,A,0.8,1.2,2.8,1.8,1631.1937599066268,1468.7232188047676,162.47054110185923,-3.0,-1.9999999999999998,-0.6000000000000001
2.0,3.0,7.0,11.0,A,0.8,1.6,2.6,1.2,1447.324608711719,1674.3526417543897,-227.0280330426706,-8.0,-1.8,0.40000000000000013
6.0,9.0,7.0,10.0,H,2.0,1.4,1.0,1.0,1616.929008703231,1601.0968943293294,15.832114373901504,-1.0,1.0,0.3999999999999999
4.0,7.0,7.0,11.0,A,1.4,1.8,2.8,0.8,1525.3634632972082,1694.8245287619309,-169.46106546472265,-4.0,-1.4,1.0
3.0,9.0,2.0,3.0,A,2.8,1.8,1.0,1.6,1456.477620691121,1501.5961381525171,-45.118517461396095,6.0,1.7999999999999998,0.19999999999999996
9.0,13.0,5.0,9.0,H,2.6,1.0,1.0,0.6,1685.2344751000542,1794.188626338051,-108.95415123799694,4.0,1.6,0.4
4.0,7.0,1.0,2.0,H,1.6,1.8,0.2,1.2,1678.71402258166,1444.705538473647,234.0084841080129,5.0,1.4000000000000001,0.6000000000000001
7.0,8.0,9.0,9.0,H,1.8,2.4,1.2,1.0,1864.6328532739503,1614.5189386143757,250.11391465957468,-1.0,0.6000000000000001,1.4
3.0,4.0,3.0,6.0,D,1.2,2.0,0.6,1.2,1450.0851816510124,1628.8365949486254,-178.751413297613,-2.0,0.6,0.8
3.0,4.0,0.0,4.0,A,0.8,1.0,1.6,2.2,1375.1452098174311,1589.768115955866,-214.62290613843493,0.0,-0.8,-1.2000000000000002
0.0,1.0,4.0,8.0,A,0.8,2.0,1.8,1.2,1478.2914541303953,1548.138339506601,-69.84688537620559,-7.0,-1.0,0.8
1.0,2.0,6.0,7.0,H,0.2,1.4,1.4,1.8,1530.4292532701973,1525.709057053882,4.720196216315344,-5.0,-1.2,-0.40000000000000013
4.0,10.0,9.0,13.0,D,1.0,0.4,2.6,1.2,1597.94569687594,1590.9078306513188,7.037866224621212,-3.0,-1.6,-0.7999999999999999
3.0,7.0,3.0,4.0,A,1.4,1.2,0.8,2.0,1512.898593194565,1538.1739271565252,-25.275333961960314,3.0,0.5999999999999999,-0.8
4.0,6.0,7.0,11.0,D,1.0,1.0,2.0,1.0,1507.9896792607567,1858.2393121657108,-350.24963290495407,-5.0,-1.0,0.0
4.0,8.0,4.0,5.0,H,0.8,0.8,0.2,0.8,1796.382317425473,1528.2355621827753,268.14675524269774,3.0,0.6000000000000001,0.0
3.0,4.0,1.0,4.0,A,1.4,2.2,1.0,1.8,1573.7891765239146,1466.0641210829638,107.72505544095088,0.0,0.3999999999999999,0.40000000000000013
0.0,2.0,0.0,1.0,H,0.2,1.0,0.6,1.8,1452.816934986212,1470.1800576178305,-17.36312263161858,1.0,-0.39999999999999997,-0.8
4.0,4.0,4.0,8.0,A,0.2,1.0,1.0,0.6,1615.2379146584547,1611.5443771661107,3.6935374923439213,-4.0,-0.8,0.4
9.0,11.0,9.0,13.0,D,2.4,0.8,1.8,0.8,1691.7708805148072,1688.2881233471778,3.4827571676294156,-2.0,0.5999999999999999,0.0
7.0,11.0,6.0,10.0,A,2.4,1.4,1.6,0.6,1580.5570086750492,1689.0648445579295,-108.50783588288027,1.0,0.7999999999999998,0.7999999999999999
6.0,9.0,3.0,4.0,A,1.2,1.0,1.2,1.4,1597.0021824325972,1392.6619659992095,204.3402164333877,5.0,0.0,-0.3999999999999999
6.0,8.0,3.0,6.0,H,1.4,1.2,1.6,1.8,1553.1208268967605,1451.4951333009615,101.62569359579902,2.0,-0.20000000000000018,-0.6000000000000001
4.0,4.0,3.0,3.0,D,0.2,1.8,1.0,2.0,1526.681172581056,1575.343566125634,-48.66239354457798,1.0,-0.8,-0.19999999999999996
4.0,8.0,3.0,6.0,H,1.6,0.8,1.4,1.4,1797.4257373173805,1391.618546107302,405.8071912100784,2.0,0.20000000000000018,-0.5999999999999999
9.0,10.0,9.0,10.0,A,1.2,0.8,1.4,0.8,1544.151703691648,1698.033967763042,-153.88226407139405,0.0,-0.19999999999999996,0.0
7.0,11.0,4.0,7.0,H,1.8,0.2,1.2,1.6,1694.4303524951567,1463.4046491026143,231.02570339254248,4.0,0.6000000000000001,-1.4000000000000001
3.0,4.0,3.0,6.0,A,0.4,1.0,1.2,1.4,1441.6730218060156,1524.0425063747612,-82.36948456874552,-2.0,-0.7999999999999999,-0.3999999999999999
0.0,0.0,3.0,9.0,A,0.4,1.8,1.4,1.2,1460.9505303925323,1606.2317096578954,-145.2811792653631,-9.0,-0.9999999999999999,0.6000000000000001
7.0,13.0,1.0,4.0,H,1.2,0.2,0.4,1.2,1693.6820764755516,1609.8439615300808,83.8381149454708,9.0,0.7999999999999999,-1.0
5.0,11.0,4.0,8.0,H,1.8,0.8,1.2,0.8,1860.6323380115027,1609.1513513203188,251.48098669118394,3.0,0.6000000000000001,0.0
5.0,6.0,4.0,10.0,A,1.0,1.0,2.2,1.4,1497.2017402668055,1591.3449476690005,-94.143207402195,-4.0,-1.2000000000000002,-0.3999999999999999
4.0,4.0,6.0,9.0,A,0.8,2.2,1.2,1.2,1452.8510713076075,1554.7052814866547,-101.85421017904719,-5.0,-0.3999999999999999,1.0000000000000002
4.0,4.0,7.0,13.0,H,1.2,1.8,2.4,0.4,1585.8923760088421,1683.8815426119486,-97.98916660310647,-9.0,-1.2,1.4
9.0,12.0,6.0,10.0,D,2.0,1.0,1.8,0.6,1698.0164615014598,1797.4432435789627,-99.42678207750282,2.0,0.19999999999999996,0.4
3.0,7.0,3.0,3.0,H,1.0,1.2,0.4,1.8,1543.0529053439402,1436.7940436186007,106.25886172533956,4.0,0.6,-0.6000000000000001
4.0,7.0,3.0,3.0,A,1.0,1.4,1.6,2.2,1592.850277534817,1467.7962070864633,125.05407044835374,4.0,-0.6000000000000001,-0.8000000000000003
4.0,10.0,0.0,0.0,H,2.2,1.6,0.4,1.8,1595.5405315836247,1456.754946477908,138.78558510571656,10.0,1.8000000000000003,-0.19999999999999996
3.0,6.0,7.0,13.0,D,1.8,1.4,1.4,0.2,1526.0204762200638,1691.704106630249,-165.6836304101853,-7.0,0.40000000000000013,1.2
3.0,6.0,7.0,11.0,D,1.2,1.4,2.2,0.6,1399.4832357966227,1852.7676483221821,-453.28441252555945,-5.0,-1.0000000000000002,0.7999999999999999
1.0,4.0,4.0,5.0,A,0.4,1.4,0.4,1.8,1595.011698901606,1541.5134352095308,53.49826369207517,-1.0,0.0,-0.40000000000000013
3.0,9.0,4.0,5.0,H,1.6,1.4,1.0,1.2,1610.8495784412553,1492.5838714834456,118.2657069578097,4.0,0.6000000000000001,0.19999999999999996
3.0,4.0,4.0,10.0,H,0.6,1.6,1.8,0.6,1602.5921939167401,1674.1396262300254,-71.5474323132853,-6.0,-1.2000000000000002,1.0
7.0,8.0,3.0,3.0,D,1.6,0.6,0.6,1.8,1788.7609174926854,1445.476369704878,343.28454778780747,5.0,1.0,-1.2000000000000002
4.0,4.0,1.0,5.0,D,1.0,1.6,0.8,1.4,1399.2846822273318,1492.7824250527365,-93.49774282540466,-1.0,0.19999999999999996,0.20000000000000018
6.0,9.0,4.0,7.0,A,1.4,1.2,1.2,1.4,1597.4004708007492,1599.3414836493482,-1.94101284859903,2.0,0.19999999999999996,-0.19999999999999996
5.0,9.0,5.0,11.0,H,2.0,0.6,1.2,0.2,1856.4078064340397,1688.0639485183915,168.3438579156482,-2.0,0.8,0.39999999999999997
0.0,1.0,6.0,10.0,D,0.2,1.6,2.0,1.0,1592.2244314691882,1598.3277990160425,-6.103367546854315,-9.0,-1.8,0.6000000000000001
3.0,4.0,6.0,9.0,H,0.8,1.8,1.2,1.2,1462.5691321613513,1533.3348444901965,-70.76571232884521,-5.0,-0.3999999999999999,0.6000000000000001
6.0,12.0,4.0,7.0,D,1.4,1.0,2.0,1.2,1551.162000387818,1529.5637573189006,21.598243068917327,5.0,-0.6000000000000001,-0.19999999999999996
0.0,0.0,7.0,13.0,A,0.4,2.2,2.0,0.8,1450.6106242121787,1704.1607837671893,-253.55015955501062,-13.0,-1.6,1.4000000000000001
3.0,6.0,4.0,8.0,D,1.8,1.6,0.6,1.2,1467.0411678169278,1542.2684744790663,-75.22730666213852,-2.0,1.2000000000000002,0.40000000000000013
7.0,10.0,1.0,2.0,H,1.4,0.8,0.4,1.2,1606.3525163525592,1585.2133987659772,21.13911758658196,8.0,0.9999999999999999,-0.3999999999999999
6.0,6.0,2.0,5.0,D,1.2,2.0,1.0,1.4,1527.4610838817741,1405.1584428357542,122.30264104601997,1.0,0.19999999999999996,0.6000000000000001
5.0,5.0,7.0,11.0,A,1.4,1.2,2.2,0.6,1525.3000120205097,1860.6715517324305,-335.37153971192083,-6.0,-0.8000000000000003,0.6
7.0,8.0,5.0,8.0,A,1.8,1.2,1.6,0.6,1590.8734426518201,1796.2152738569077,-205.3418312050876,0.0,0.19999999999999996,0.6
4.0,8.0,6.0,6.0,A,1.2,0.6,1.2,1.6,1673.067943649579,1612.3964756695616,60.671467980017496,2.0,0.0,-1.0
7.0,13.0,3.0,7.0,H,2.0,1.0,1.6,1.4,1706.616392529883,1460.1135233986577,246.50286913122522,6.0,0.3999999999999999,-0.3999999999999999
1.0,5.0,0.0,0.0,D,0.8,1.4,0.6,2.0,1488.9044647245737,1454.4885845403414,34.415880184232265,5.0,0.20000000000000007,-0.6000000000000001
1.0,4.0,4.0,7.0,A,0.8,1.8,1.2,0.8,1433.256409154733,1479.2611283670726,-46.00471921233952,-3.0,-0.3999999999999999,1.0
3.0,7.0,4.0,10.0,H,1.2,0.8,1.4,1.2,1678.4785149420213,1546.823111675822,131.6554032661993,-3.0,-0.19999999999999996,-0.3999999999999999
5.0,8.0,3.0,7.0,H,0.6,1.2,1.0,1.6,1551.131437761147,1593.7292306346594,-42.59779287351239,1.0,-0.4,-0.40000000000000013
6.0,9.0,7.0,13.0,D,1.6,1.0,3.0,1.4,1612.2301268501647,1706.7827413492798,-94.55261449911518,-4.0,-1.4,-0.3999999999999999
7.0,7.0,2.0,5.0,H,1.2,0.8,1.4,2.4,1487.7203714250984,1516.840768962484,-29.120397537385543,2.0,-0.19999999999999996,-1.5999999999999999
3.0,6.0,4.0,7.0,D,0.8,1.0,1.6,1.2,1407.5766555560658,1588.4552299315085,-180.87857437544267,-1.0,-0.8,-0.19999999999999996
1.0,1.0,3.0,7.0,H,0.6,1.6,1.4,0.8,1595.0195775034872,1668.6723362045113,-73.65275870102414,-6.0,-0.7999999999999999,0.8
5.0,11.0,4.0,7.0,H,1.8,0.2,1.4,1.8,1798.3534361398424,1525.3229215988395,273.03051454100296,4.0,0.40000000000000013,-1.6
1.0,1.0,9.0,10.0,A,0.8,2.0,1.2,0.6,1445.9703584682907,1614.87074242461,-168.90038395631927,-9.0,-0.3999999999999999,1.4
3.0,6.0,7.0,8.0,H,2.0,2.6,0.8,1.4,1469.855055772453,1541.3899053873517,-71.5348496148988,-2.0,1.2,1.2000000000000002
4.0,7.0,2.0,3.0,D,1.2,1.8,0.6,1.4,1542.5669857067817,1493.160590693614,49.40639501316764,4.0,0.6,0.40000000000000013
7.0,11.0,1.0,4.0,D,3.0,0.6,0.8,2.2,1851.5880269723423,1442.3399339148214,409.2480930575209,7.0,2.2,-1.6
3.0,6.0,1.0,5.0,D,1.0,1.8,0.8,1.0,1593.1352510178115,1673.661923266427,-80.52667224861557,1.0,0.19999999999999996,0.8
1.0,5.0,4.0,10.0,D,1.4,2.6,1.8,1.0,1516.7080718045204,1612.3628240081282,-95.65475220360781,-5.0,-0.40000000000000013,1.6
3.0,6.0,7.0,10.0,D,1.6,1.4,1.6,0.4,1661.9839165746994,1494.4087910549104,167.57512551978903,-4.0,0.0,0.9999999999999999
2.0,2.0,6.0,6.0,A,0.8,2.4,2.0,2.6,1430.283402548545,1481.9115871387294,-51.628184590184446,-4.0,-1.2,-0.20000000000000018
2.0,8.0,2.0,5.0,D,1.2,0.6,1.2,2.0,1584.4867670759527,1546.5354485623375,37.951318513615206,3.0,0.0,-1.4
7.0,11.0,4.0,4.0,H,2.8,1.4,0.8,1.8,1711.3068815968163,1588.611110770275,122.69577082654132,7.0,1.9999999999999998,-0.40000000000000013
3.0,3.0,4.0,4.0,A,0.8,1.6,1.0,1.4,1483.2140961244713,1604.96607207263,-121.75197594815859,-1.0,-0.19999999999999996,0.20000000000000018
4.0,8.0,1.0,1.0,H,0.8,0.6,0.8,2.0,1546.2918819282138,1441.0683819274286,105.22350000078518,7.0,0.0,-1.4
1.0,7.0,7.0,11.0,D,1.4,1.8,3.0,0.6,1531.0479852819817,1845.8629632892,-314.8149780072183,-4.0,-1.6,1.2000000000000002
9.0,13.0,2.0,6.0,A,1.4,0.4,1.0,1.4,1600.372276594527,1561.0339143924205,39.33836220210651,7.0,0.3999999999999999,-0.9999999999999999
7.0,11.0,7.0,11.0,H,2.4,1.2,1.6,0.2,1714.0854661518022,1491.6302064999245,222.45525965187767,0.0,0.7999999999999998,1.0
1.0,5.0,6.0,9.0,H,1.0,1.2,2.8,2.0,1676.8052896667855,1478.768220738371,198.03706892841456,-4.0,-1.7999999999999998,-0.8
1.0,3.0,1.0,1.0,H,0.6,2.6,0.6,1.8,1522.043507946678,1435.732945785271,86.31056216140678,2.0,0.0,0.8
2.0,3.0,1.0,4.0,D,0.6,1.4,0.8,1.2,1483.369422199618,1588.4557846951284,-105.08636249551046,-1.0,-0.20000000000000007,0.19999999999999996
1.0,2.0,6.0,7.0,A,0.6,2.4,1.2,1.0,1422.4004365564113,1612.8490380647636,-190.44860150835234,-5.0,-0.6,1.4
4.0,4.0,7.0,11.0,A,1.2,1.4,1.2,0.2,1653.0269086142646,1807.3104441002772,-154.28353548601262,-7.0,0.0,1.2
2.0,5.0,5.0,8.0,A,1.0,1.8,1.6,1.0,1520.5107010073882,1622.9001082827217,-102.3894072753335,-3.0,-0.6000000000000001,0.8
2.0,6.0,5.0,9.0,H,0.8,0.4,2.2,0.6,1598.8240359678125,1831.5256943973402,-232.7016584295277,-3.0,-1.4000000000000001,-0.19999999999999996
0.0,1.0,1.0,2.0,H,0.6,1.6,0.8,2.0,1445.2950944907807,1510.9485523018786,-65.65345781109795,-1.0,-0.20000000000000007,-0.3999999999999999
6.0,10.0,7.0,13.0,A,0.8,0.4,2.8,1.4,1538.2187455084095,1722.1586025716065,-183.939857063197,-3.0,-1.9999999999999998,-0.9999999999999999
2.0,5.0,6.0,12.0,A,1.4,1.6,1.2,0.4,1575.9734939334496,1612.8545673562057,-36.88107342275612,-7.0,0.19999999999999996,1.2000000000000002
9.0,11.0,2.0,4.0,H,1.4,0.4,1.2,1.4,1808.9133114587962,1481.766554841099,327.1467566176973,7.0,0.19999999999999996,-0.9999999999999999
4.0,5.0,3.0,4.0,D,1.2,1.2,0.4,0.8,1668.9382422664773,1415.443702956374,253.4945393101034,1.0,0.7999999999999999,0.3999999999999999
9.0,10.0,4.0,5.0,D,2.0,0.8,0.8,2.4,1607.849965742345,1527.0425802690966,80.80738547324836,5.0,1.2,-1.5999999999999999
5.0,8.0,5.0,6.0,H,1.4,1.2,0.4,0.4,1629.473364092274,1592.25078015826,37.22258393401398,2.0,0.9999999999999999,0.7999999999999999
3.0,5.0,1.0,4.0,A,0.6,0.6,1.4,1.8,1409.2088833437024,1659.2617282269362,-250.05284488323377,1.0,-0.7999999999999999,-1.2000000000000002
1.0,2.0,1.0,2.0,A,1.2,1.8,0.4,2.8,1559.743807604797,1438.6301228850639,121.1136847197331,0.0,0.7999999999999999,-0.9999999999999998
6.0,9.0,1.0,3.0,A,2.6,2.2,1.2,1.6,1466.046638347719,1494.488137231751,-28.441498884031944,6.0,1.4000000000000001,0.6000000000000001
5.0,6.0,3.0,7.0,H,0.8,1.2,0.6,0.6,1567.639240079622,1531.613419821208,36.02582025841389,-1.0,0.20000000000000007,0.6
3.0,4.0,5.0,5.0,A,0.4,1.0,1.2,1.2,1438.710836611105,1675.522500146153,-236.81166353504818,-1.0,-0.7999999999999999,-0.19999999999999996
2.0,8.0,9.0,13.0,D,2.0,0.6,2.4,1.0,1826.1366743648612,1727.5476226040855,98.58905176077565,-5.0,-0.3999999999999999,-0.4
9.0,13.0,5.0,5.0,H,1.6,0.4,0.6,2.2,1810.9115120790466,1525.0443796488462,285.8671324302004,8.0,1.0,-1.8000000000000003
7.0,10.0,1.0,2.0,H,1.8,0.6,0.4,1.2,1612.7204444857355,1506.078073558488,106.64237092724738,8.0,1.4,-0.6
7.0,8.0,3.0,4.0,H,0.8,1.0,0.8,3.0,1571.8613239039166,1434.4080390607692,137.45328484314746,4.0,0.0,-2.0
7.0,11.0,4.0,7.0,H,1.8,0.8,1.4,1.4,1637.4795782215301,1651.2555140976801,-13.775935876150015,4.0,0.40000000000000013,-0.5999999999999999
2.0,4.0,7.0,11.0,A,0.4,0.6,1.2,0.6,1404.7785812730626,1731.9779246747253,-327.19934340166265,-7.0,-0.7999999999999999,0.0
9.0,15.0,4.0,8.0,H,2.2,0.2,1.6,0.6,1812.5543762472196,1489.9873423317515,322.5670339154681,7.0,0.6000000000000001,-0.39999999999999997
2.0,6.0,3.0,6.0,A,1.6,0.4,0.6,0.8,1808.0076428317575,1549.7424513543117,258.2651914774458,0.0,1.0,-0.4
1.0,7.0,0.0,1.0,H,1.6,1.0,0.2,1.6,1497.6181246060685,1498.4472912841711,-0.8291666781026379,6.0,1.4000000000000001,-0.6000000000000001
4.0,5.0,9.0,11.0,A,0.6,1.6,1.2,0.6,1513.5254929733348,1583.380210579428,-69.85471760609312,-6.0,-0.6,1.0
0.0,1.0,3.0,6.0,A,0.2,1.6,1.6,2.0,1484.8108435945687,1479.6830860373213,5.127757557247378,-5.0,-1.4000000000000001,-0.3999999999999999
4.0,5.0,7.0,13.0,A,0.2,0.6,2.2,0.2,1580.000873578033,1624.9703510659626,-44.96947748792968,-8.0,-2.0,0.39999999999999997
3.0,4.0,9.0,15.0,A,1.0,2.8,2.4,0.2,1431.0515894462872,1815.9108258617016,-384.85923641541444,-11.0,-1.4,2.5999999999999996
7.0,13.0,3.0,3.0,A,1.2,0.4,0.4,1.4,1713.8611927244945,1456.8275685613357,257.0336241631587,10.0,0.7999999999999999,-0.9999999999999999
6.0,12.0,9.0,11.0,D,1.4,0.6,1.8,0.8,1610.7185079144008,1639.615637663335,-28.897129748934276,1.0,-0.40000000000000013,-0.20000000000000007
3.0,6.0,3.0,7.0,H,0.4,0.6,1.4,1.0,1555.6238523115996,1491.7367236487805,63.88712866281912,-1.0,-0.9999999999999999,-0.4
3.0,4.0,1.0,2.0,D,0.8,1.8,1.4,2.0,1646.24121134378,1564.7581103586972,81.48310098508273,2.0,-0.5999999999999999,-0.19999999999999996
4.0,5.0,1.0,3.0,D,1.2,1.4,0.6,1.0,1489.5127636322868,1409.7539548725267,79.75880875976009,2.0,0.6,0.3999999999999999
7.0,8.0,1.0,3.0,A,1.6,1.0,0.2,0.6,1666.4547825598315,1817.075360418079,-150.62057785824754,5.0,1.4000000000000001,0.4
4.0,10.0,0.0,0.0,A,1.2,0.8,0.4,2.0,1595.0003642602576,1500.528987248712,94.47137701154566,10.0,0.7999999999999999,-1.2
1.0,5.0,1.0,2.0,H,1.0,1.6,1.2,1.8,1522.1310009576453,1556.1526023743868,-34.02160141674153,3.0,-0.19999999999999996,-0.19999999999999996
9.0,15.0,6.0,6.0,H,3.0,0.2,0.8,1.4,1817.2396386249789,1455.4987557980585,361.74088282692037,9.0,2.2,-1.2
3.0,3.0,1.0,3.0,D,0.8,3.6,0.4,0.8,1427.6956170319268,1413.1099272868871,14.585689745039645,0.0,0.4,2.8
7.0,13.0,4.0,10.0,D,2.2,0.2,1.2,0.8,1624.6507127095942,1714.1808310808628,-89.5301183712686,3.0,1.0000000000000002,-0.6000000000000001
3.0,5.0,3.0,4.0,A,0.4,1.0,1.2,1.6,1565.0568685221895,1506.680728704624,58.376139817565445,1.0,-0.7999999999999999,-0.6000000000000001
4.0,5.0,4.0,8.0,H,0.8,1.0,1.8,1.2,1501.6918261700284,1654.27572002209,-152.58389385206146,-3.0,-1.0,-0.19999999999999996
4.0,5.0,6.0,9.0,H,0.6,1.2,1.0,0.8,1651.2462026229791,1550.6188610324004,100.62734159057868,-4.0,-0.4,0.3999999999999999
7.0,11.0,3.0,9.0,A,1.6,0.6,1.6,1.0,1623.2752217289885,1496.0235019716679,127.25171975732064,2.0,0.0,-0.4
9.0,13.0,4.0,5.0,A,1.4,0.6,0.6,0.6,1577.0489460022816,1823.4066249952255,-246.35767899294387,8.0,0.7999999999999999,0.0
4.0,8.0,0.0,4.0,H,0.8,0.6,0.4,1.2,1718.0301288196492,1561.207570783403,156.82255803624616,4.0,0.4,-0.6
3.0,3.0,3.0,7.0,A,0.6,1.6,1.0,1.4,1488.3100450850334,1534.3499431213238,-46.039898036290424,-4.0,-0.4,0.20000000000000018
3.0,6.0,1.0,4.0,H,0.8,1.4,1.2,3.0,1461.9776850570336,1421.2166877729517,40.760997284081895,2.0,-0.3999999999999999,-1.6
1.0,2.0,7.0,11.0,H,1.2,1.8,2.0,0.2,1565.2483816142255,1615.5549334697555,-50.30655185552996,-9.0,-0.8,1.6
6.0,7.0,7.0,8.0,A,1.2,0.8,1.0,0.8,1805.0284890979897,1520.0699620672642,284.95852703072546,-1.0,0.19999999999999996,0.0
6.0,6.0,6.0,12.0,A,1.2,1.4,1.6,1.2,1495.829919339872,1587.8997553670335,-92.0698360271615,-6.0,-0.40000000000000013,0.19999999999999996
6.0,6.0,9.0,15.0,A,0.8,1.2,2.6,0.0,1545.077877971223,1822.7806216861563,-277.7027437149334,-9.0,-1.8,1.2
2.0,3.0,4.0,10.0,A,0.8,1.2,1.6,1.0,1406.1785808149712,1630.2065682009045,-224.02798738593333,-7.0,-0.8,0.19999999999999996
6.0,9.0,4.0,7.0,A,2.0,1.2,0.8,1.0,1485.994053786263,1605.0298124456624,-119.03575865939933,2.0,1.2,0.19999999999999996
3.0,7.0,4.0,7.0,A,1.6,1.2,0.8,1.0,1641.3942638862936,1664.1276587587754,-22.733394872481767,0.0,0.8,0.19999999999999996
3.0,6.0,4.0,8.0,H,1.2,1.6,1.4,0.6,1506.3970416998702,1604.9878111097573,-98.59076940988712,-2.0,-0.19999999999999996,1.0
3.0,6.0,7.0,10.0,D,0.8,1.4,0.6,0.2,1541.6274843895242,1523.520355648963,18.107128740561166,-4.0,0.20000000000000007,1.2
3.0,3.0,0.0,3.0,H,0.8,1.8,0.4,3.0,1497.5315516043574,1551.986064264079,-54.45451265972156,0.0,0.4,-1.2
2.0,2.0,6.0,12.0,D,0.6,1.4,2.0,1.4,1408.4882671867397,1585.590068995265,-177.10180180852535,-10.0,-1.4,0.0
4.0,8.0,4.0,7.0,D,2.4,0.6,1.0,1.2,1712.567324169562,1610.4926170957497,102.0747070738123,1.0,1.4,-0.6
0.0,4.0,1.0,4.0,H,1.0,1.4,1.4,2.6,1644.127988282705,1418.4829633765403,225.64502490616474,0.0,-0.3999999999999999,-1.2000000000000002
4.0,4.0,4.0,10.0,D,1.0,1.4,1.6,0.8,1564.2432032078045,1631.2117466073255,-66.96854339952097,-6.0,-0.6000000000000001,0.5999999999999999
6.0,7.0,9.0,15.0,A,1.2,0.8,2.8,0.0,1792.704457024246,1835.1046537599,-42.400196735653935,-8.0,-1.5999999999999999,0.8
6.0,9.0,7.0,10.0,A,1.2,1.2,0.8,0.4,1454.8359108708091,1671.2694329449998,-216.4335220741907,-1.0,0.3999999999999999,0.7999999999999999
6.0,6.0,6.0,7.0,H,1.2,1.6,1.0,1.6,1494.5184684807145,1525.8255284268723,-31.30705994615778,-1.0,0.19999999999999996,0.0
9.0,15.0,3.0,6.0,H,2.8,0.2,1.2,1.2,1838.2598372507762,1640.9728047918288,197.28703245894735,9.0,1.5999999999999999,-1.0
7.0,11.0,6.0,9.0,D,0.8,0.2,1.4,1.2,1520.2714247176723,1509.645972631161,10.625452086511359,2.0,-0.5999999999999999,-1.0
4.0,8.0,3.0,6.0,H,1.2,0.8,1.4,1.6,1642.9633967038458,1780.9528069277258,-137.98941022388,2.0,-0.19999999999999996,-0.8
6.0,6.0,1.0,7.0,A,1.0,2.0,1.0,1.4,1513.448467174571,1554.0045456418254,-40.55607846725434,-1.0,0.0,0.6000000000000001
0.0,0.0,4.0,5.0,A,0.6,3.6,0.8,1.0,1539.512976212005,1576.7162912598785,-37.2033150478735,-5.0,-0.20000000000000007,2.6
1.0,1.0,5.0,8.0,D,0.8,2.6,3.0,1.2,1423.5524892294832,1707.497798316619,-283.9453090871359,-7.0,-2.2,1.4000000000000001
1.0,7.0,6.0,9.0,H,1.4,0.8,1.6,1.0,1609.5763177695262,1489.9299618209457,119.64635594858055,-2.0,-0.20000000000000018,-0.19999999999999996
4.0,8.0,2.0,3.0,A,1.6,1.6,0.6,1.2,1593.4827473851465,1425.4981368973429,167.9846104878036,5.0,1.0,0.40000000000000013
4.0,10.0,3.0,6.0,H,1.8,1.4,1.2,1.6,1589.7787913124503,1450.647188553624,139.13160275882638,4.0,0.6000000000000001,-0.20000000000000018
9.0,10.0,6.0,6.0,H,1.0,0.6,1.4,1.6,1674.697363670251,1494.1036208791063,180.59374279114468,4.0,-0.3999999999999999,-1.0
4.0,5.0,9.0,15.0,A,1.2,1.8,3.0,0.2,1587.4242311825387,1844.318353453384,-256.8941222708452,-10.0,-1.8,1.6
4.0,7.0,4.0,6.0,D,1.4,1.4,0.8,0.8,1548.236276222421,1431.2664063167472,116.96986990567393,1.0,0.5999999999999999,0.5999999999999999
7.0,8.0,3.0,9.0,H,0.8,0.6,2.0,1.6,1581.8044918973808,1484.8417611834434,96.96273071393739,-1.0,-1.2,-1.0
0.0,0.0,9.0,13.0,D,0.8,3.6,1.4,0.2,1540.5222165993155,1673.6881232829405,-133.16590668362505,-13.0,-0.5999999999999999,3.4
5.0,5.0,1.0,2.0,D,1.0,1.2,0.8,2.4,1542.5418884310577,1429.2468770208466,113.29501141021115,3.0,0.19999999999999996,-1.2
0.0,6.0,1.0,4.0,A,1.6,2.0,1.2,2.2,1764.069148892399,1604.3078892178655,159.76125967453345,2.0,0.40000000000000013,-0.20000000000000018
5.0,6.0,3.0,6.0,H,1.0,1.0,1.0,1.6,1438.9867667371002,1442.9268281332709,-3.9400613961706767,0.0,0.0,-0.6000000000000001
3.0,7.0,9.0,15.0,A,1.6,1.2,2.6,0.4,1603.2711004909513,1850.6235707319588,-247.3524702410075,-8.0,-1.0,0.7999999999999999
7.0,10.0,3.0,3.0,H,2.0,1.2,0.6,1.6,1598.3832098106438,1632.3683862936352,-33.98517648299139,7.0,1.4,-0.40000000000000013
4.0,7.0,7.0,8.0,A,1.0,1.2,1.4,1.0,1500.6019964763739,1652.0073728586328,-151.40537638225896,-1.0,-0.3999999999999999,0.19999999999999996
5.0,6.0,3.0,6.0,H,2.8,1.2,1.4,1.6,1710.324993488632,1491.2764257070935,219.0485677815384,0.0,1.4,-0.40000000000000013
5.0,9.0,3.0,6.0,A,0.6,0.2,1.0,1.8,1507.2901678617898,1526.4297240304536,-19.13955616866383,3.0,-0.4,-1.6
3.0,6.0,1.0,1.0,H,1.6,1.6,0.8,3.2,1493.573016384487,1531.790961398272,-38.217945013785084,5.0,0.8,-1.6
9.0,15.0,7.0,10.0,H,2.6,0.4,1.8,1.0,1852.9501588063147,1596.056621736288,256.8935370700267,5.0,0.8,-0.6
2.0,3.0,2.0,8.0,H,0.8,1.4,0.8,0.6,1438.6157521019888,1497.9212927806475,-59.305540678658645,-5.0,0.0,0.7999999999999999
3.0,6.0,4.0,7.0,A,1.6,1.4,0.8,1.0,1480.9591877218015,1513.2158251390592,-32.25663741725771,-1.0,0.8,0.3999999999999999
3.0,6.0,7.0,10.0,D,1.4,1.8,1.0,0.6,1491.003869058792,1582.0770485456824,-91.07317948689047,-4.0,0.3999999999999999,1.2000000000000002
3.0,9.0,7.0,8.0,D,1.0,1.4,0.8,0.6,1521.503598309923,1443.9128924576307,77.59070585229233,1.0,0.19999999999999996,0.7999999999999999
7.0,10.0,3.0,4.0,A,1.6,1.0,1.0,1.2,1637.9700722933621,1617.308401056222,20.661671237140126,6.0,0.6000000000000001,-0.19999999999999996
3.0,3.0,5.0,6.0,H,0.6,1.4,1.0,0.8,1637.3904804559215,1537.5197942687714,99.87068618715011,-3.0,-0.4,0.5999999999999999
7.0,13.0,5.0,9.0,D,1.6,0.4,3.2,1.0,1671.884339662227,1712.1287771093455,-40.24443744711857,4.0,-1.6,-0.6
0.0,3.0,0.0,3.0,A,0.6,1.6,1.0,2.2,1438.5519370021618,1768.444040023508,-329.8921030213462,0.0,-0.4,-0.6000000000000001
3.0,7.0,1.0,1.0,H,1.6,1.8,0.8,3.6,1609.7139435443512,1526.3849070717863,83.3290364725649,6.0,0.8,-1.8
9.0,15.0,7.0,11.0,H,2.6,0.6,1.2,0.6,1855.065140502985,1579.962066849012,275.10307365397307,4.0,1.4000000000000001,0.0
2.0,6.0,6.0,10.0,D,1.0,1.2,1.6,1.0,1537.5327543048545,1637.957112257279,-100.42435795242454,-4.0,-0.6000000000000001,0.19999999999999996
0.0,3.0,4.0,7.0,H,0.6,1.8,0.8,1.0,1447.8239949743856,1503.9437671668354,-56.11977219244977,-4.0,-0.20000000000000007,0.8
4.0,7.0,5.0,9.0,D,0.8,1.4,3.2,1.0,1524.0544109310292,1709.5779644882393,-185.5235535572101,-2.0,-2.4000000000000004,0.3999999999999999
3.0,3.0,5.0,11.0,A,0.8,2.0,1.2,0.4,1753.3217698546339,1687.006609831101,66.31516002353283,-8.0,-0.3999999999999999,1.6
5.0,5.0,6.0,7.0,A,0.6,1.0,1.4,1.6,1430.6340282286792,1617.6956674176608,-187.06163918898164,-2.0,-0.7999999999999999,-0.6000000000000001
5.0,9.0,3.0,6.0,A,0.8,0.2,1.4,1.2,1436.540300003426,1644.7630729101263,-208.22277290670036,3.0,-0.5999999999999999,-1.0
2.0,6.0,6.0,6.0,D,1.0,1.2,1.6,1.4,1536.951307211932,1617.8898481491444,-80.93854093721234,0.0,-0.6000000000000001,-0.19999999999999996
3.0,3.0,1.0,1.0,A,0.4,1.6,0.8,2.0,1437.2077104344494,1537.0011916117226,-99.79348117727318,2.0,-0.4,-0.3999999999999999
3.0,7.0,4.0,8.0,D,0.6,0.6,1.0,1.2,1503.2546124760754,1580.651221539772,-77.39660906369659,-1.0,-0.4,-0.6
1.0,5.0,4.0,8.0,A,0.6,0.8,1.4,1.2,1489.0685428659197,1646.809862172007,-157.74131930608723,-3.0,-0.7999999999999999,-0.3999999999999999
9.0,15.0,5.0,7.0,A,2.6,0.6,1.4,1.0,1838.9799328582558,1725.6631721329686,113.31676072528717,8.0,1.2000000000000002,-0.4
6.0,9.0,5.0,5.0,H,1.6,1.0,0.4,1.2,1649.146502292894,1519.6709815482616,129.47552074463238,4.0,1.2000000000000002,-0.19999999999999996
4.0,5.0,1.0,4.0,D,0.4,0.8,1.2,2.0,1429.498301848551,1492.1395954389204,-62.641293590369514,1.0,-0.7999999999999999,-1.2
3.0,3.0,4.0,8.0,A,0.8,2.0,0.8,0.4,1734.9864641128995,1454.8756057451603,280.1108583677392,-5.0,0.0,1.6
5.0,11.0,9.0,9.0,H,1.2,0.4,1.0,1.0,1692.4857735077378,1612.216503741024,80.2692697667137,2.0,0.19999999999999996,-0.6
6.0,10.0,3.0,6.0,H,1.8,0.8,1.4,1.2,1600.551609615895,1476.4641998421946,124.0874097737003,4.0,0.40000000000000013,-0.3999999999999999
6.0,12.0,3.0,4.0,H,2.0,1.0,0.8,1.4,1840.7793748465872,1535.2017496233912,305.57762522319604,8.0,1.2,-0.3999999999999999
2.0,5.0,4.0,5.0,D,1.0,1.6,0.4,0.6,1489.6356702181627,1505.7585376968332,-16.122867478670514,0.0,0.6,1.0
6.0,9.0,2.0,4.0,A,1.0,1.0,0.6,1.4,1597.56037764243,1551.6074333105262,45.952944331903836,5.0,0.4,-0.3999999999999999
3.0,3.0,7.0,11.0,D,1.0,1.6,1.2,0.2,1479.6847382151848,1689.2652351347476,-209.58049691956285,-8.0,-0.19999999999999996,1.4000000000000001
2.0,5.0,4.0,6.0,H,0.6,1.6,0.4,0.4,1524.6855845271507,1424.4836988696618,100.2018856574889,-1.0,0.19999999999999996,1.2000000000000002
4.0,8.0,6.0,12.0,A,0.6,0.4,2.4,1.2,1451.6420425462584,1844.0129380454891,-392.37089549923076,-4.0,-1.7999999999999998,-0.7999999999999999
5.0,9.0,6.0,10.0,H,1.2,0.4,1.6,0.6,1729.9604702209556,1596.254311527908,133.70615869304766,-1.0,-0.40000000000000013,-0.19999999999999996
4.0,7.0,9.0,9.0,H,1.6,1.2,2.0,1.2,1625.9366770987183,1641.09967334332,-15.1629962446018,-2.0,-0.3999999999999999,0.0
3.0,4.0,0.0,2.0,A,1.0,2.0,0.6,1.2,1521.2273482178157,1503.0429442714951,18.184403946320572,2.0,0.4,0.8
4.0,10.0,3.0,3.0,H,1.8,1.4,0.2,1.6,1649.6904633289494,1434.327109277507,215.36335405144246,7.0,1.6,-0.20000000000000018
2.0,8.0,3.0,3.0,A,1.0,1.2,0.6,1.4,1572.202489322033,1743.4351963306385,-171.23270700860553,5.0,0.4,-0.19999999999999996
3.0,7.0,1.0,4.0,A,0.4,0.8,0.6,0.8,1439.6000582927315,1491.7267224687116,-52.12666417598007,3.0,-0.19999999999999996,0.0
3.0,4.0,3.0,3.0,H,0.8,1.2,0.6,1.4,1509.8900096661912,1482.7886048234666,27.101404842724605,1.0,0.20000000000000007,-0.19999999999999996
3.0,9.0,7.0,10.0,D,1.6,0.8,2.0,1.2,1594.2575962297249,1627.9333923969014,-33.675796167176486,-1.0,-0.3999999999999999,-0.3999999999999999
2.0,5.0,6.0,9.0,A,0.6,0.8,2.2,1.0,1496.772243502657,1650.0859675374963,-153.31372403483942,-4.0,-1.6,-0.19999999999999996
7.0,9.0,1.0,5.0,A,0.8,0.2,0.2,0.4,1671.4474605955595,1442.30147340885,229.1459871867096,4.0,0.6000000000000001,-0.2
4.0,7.0,3.0,3.0,H,1.0,0.8,0.2,2.0,1497.482837125945,1428.5709946202735,68.91184250567153,4.0,0.8,-1.2
7.0,10.0,6.0,12.0,A,2.2,1.2,2.8,1.2,1642.3404954461041,1851.3629059283344,-209.02241048223027,-2.0,-0.5999999999999996,0.0
5.0,8.0,3.0,6.0,A,1.8,1.4,0.6,0.8,1618.3792743400636,1752.9893143874763,-134.61004004741267,2.0,1.2000000000000002,0.5999999999999999
3.0,3.0,5.0,6.0,H,1.0,2.2,0.8,1.4,1529.2499219674341,1543.5848595609077,-14.334937593473569,-3.0,0.19999999999999996,0.8000000000000003
2.0,3.0,6.0,12.0,D,0.6,1.6,2.4,0.6,1484.7017125017526,1648.1728598592103,-163.47114735745777,-9.0,-1.7999999999999998,1.0
2.0,5.0,3.0,4.0,H,0.4,0.8,0.4,1.2,1502.5337265999128,1433.8385751954756,68.69515140443718,1.0,0.0,-0.3999999999999999
7.0,11.0,6.0,6.0,H,1.2,0.2,1.4,1.2,1732.695650173453,1507.1548297136937,225.5408204597593,5.0,-0.19999999999999996,-1.0
3.0,9.0,4.0,8.0,D,1.0,0.8,0.8,1.0,1592.9583094111179,1529.2876527584629,63.670656652655,1.0,0.19999999999999996,-0.19999999999999996
1.0,5.0,4.0,7.0,A,0.6,1.2,1.6,1.4,1559.9959497071056,1606.4641358446522,-46.46818613754658,-2.0,-1.0,-0.19999999999999996
0.0,3.0,1.0,2.0,A,0.6,1.8,0.8,1.8,1424.5900257167016,1569.2444991858797,-144.65447346917813,1.0,-0.20000000000000007,0.0
9.0,12.0,7.0,7.0,A,2.8,1.0,0.8,1.0,1832.7293608709456,1516.1163821833338,316.61297868761176,5.0,1.9999999999999998,0.0
6.0,9.0,4.0,5.0,H,1.2,0.4,0.8,1.0,1755.3371085263948,1500.1859324609943,255.15117606540048,4.0,0.3999999999999999,-0.6
4.0,6.0,4.0,8.0,A,0.6,1.0,1.0,1.0,1520.495188484541,1680.2399248694815,-159.74473638494055,-2.0,-0.4,0.0
4.0,5.0,2.0,4.0,A,1.2,2.0,0.8,1.4,1529.3060286459045,1498.9805434167558,30.325485229148626,1.0,0.3999999999999999,0.6000000000000001
4.0,7.0,6.0,7.0,H,1.8,1.6,1.8,1.4,1614.6391835576496,1634.1654477331067,-19.526264175457072,0.0,0.0,0.20000000000000018
4.0,10.0,9.0,11.0,A,2.0,1.0,1.0,0.2,1637.7276843902966,1743.1408256423667,-105.41314125207009,-1.0,1.0,0.8
0.0,3.0,4.0,8.0,A,0.4,2.2,1.8,1.8,1421.0998117028294,1625.8504572575077,-204.75064555467839,-5.0,-1.4,0.40000000000000013
4.0,7.0,3.0,6.0,H,1.2,0.8,1.6,2.0,1451.9259961641237,1519.6253992121603,-67.69940304803663,1.0,-0.40000000000000013,-1.2
6.0,6.0,1.0,7.0,D,1.4,1.2,0.8,1.0,1506.7464482674802,1593.3666908573314,-86.62024258985116,-1.0,0.5999999999999999,0.19999999999999996
2.0,5.0,4.0,7.0,D,0.6,1.0,2.0,1.6,1591.7788222332822,1639.3155530143458,-47.536730781063625,-2.0,-1.4,-0.6000000000000001
4.0,6.0,7.0,10.0,H,1.0,1.4,2.2,1.6,1509.4309304033125,1604.188796571093,-94.75786616778055,-4.0,-1.2000000000000002,-0.20000000000000018
3.0,4.0,0.0,3.0,H,0.8,1.6,0.4,2.4,1573.1113501013092,1417.2329607873999,155.87838931390934,1.0,0.4,-0.7999999999999998
4.0,8.0,0.0,3.0,D,1.8,1.6,0.6,1.8,1618.8514942566221,1431.5889887175872,187.26250553903492,5.0,1.2000000000000002,-0.19999999999999996
9.0,13.0,3.0,5.0,H,1.6,0.4,1.4,1.6,1745.961869167683,1526.4849851205881,219.47688404709493,8.0,0.20000000000000018,-1.2000000000000002
9.0,10.0,9.0,9.0,D,1.2,1.0,1.2,0.6,1519.9219405958097,1751.531550113919,-231.6096095181092,1.0,0.0,0.4
4.0,10.0,4.0,7.0,D,1.8,1.2,1.4,1.0,1673.6718536137523,1513.3145195232094,160.35733409054296,3.0,0.40000000000000013,0.19999999999999996
3.0,5.0,6.0,9.0,A,1.0,1.2,2.2,1.2,1496.03121559627,1836.88407773567,-340.85286213940003,-4.0,-1.2000000000000002,0.0
2.0,5.0,3.0,6.0,H,1.6,1.8,1.6,2.4,1643.7190827792544,1515.2218694472517,128.49721333200273,-1.0,0.0,-0.5999999999999999
3.0,7.0,6.0,7.0,H,2.0,1.4,1.6,0.8,1637.4565993465692,1448.6348445506612,188.82175479590796,0.0,0.3999999999999999,0.5999999999999999
4.0,8.0,3.0,3.0,A,1.8,1.6,0.8,1.4,1605.3488550484392,1605.2814614414651,0.06739360697406482,5.0,1.0,0.20000000000000018
7.0,10.0,7.0,8.0,D,1.4,0.6,1.6,1.8,1743.98085462236,1516.9816258948713,226.9992287274888,2.0,-0.20000000000000018,-1.2000000000000002
6.0,7.0,4.0,8.0,A,2.2,2.2,1.6,1.2,1593.3127002039166,1684.5479499809287,-91.23524977701209,-1.0,0.6000000000000001,1.0000000000000002
0.0,0.0,2.0,8.0,H,0.2,2.6,1.2,0.6,1427.1201837634721,1503.427296547137,-76.30711278366493,-8.0,-1.0,2.0
7.0,11.0,9.0,15.0,D,1.4,0.8,2.2,0.6,1523.3984747305465,1742.4853350329463,-219.08686030239983,-4.0,-0.8000000000000003,0.20000000000000007
3.0,4.0,6.0,7.0,D,1.2,1.6,1.6,1.2,1492.0262445767955,1452.6398155701356,39.38642900665991,-3.0,-0.40000000000000013,0.40000000000000013
6.0,7.0,0.0,4.0,A,0.8,0.8,1.4,2.0,1559.1250033102729,1540.4713319116245,18.653671398648385,3.0,-0.5999999999999999,-1.2
3.0,9.0,4.0,5.0,H,2.4,1.2,0.8,1.8,1641.9143067084817,1516.0374811226284,125.87682558585334,4.0,1.5999999999999999,-0.6000000000000001
3.0,3.0,6.0,9.0,D,1.4,2.8,2.4,1.2,1515.9886315659753,1641.1475445897581,-125.15891302378282,-6.0,-1.0,1.5999999999999999
1.0,4.0,6.0,12.0,A,1.0,2.2,2.6,1.0,1511.6567688163232,1841.2647900419752,-329.608021225652,-8.0,-1.6,1.2000000000000002
2.0,5.0,5.0,11.0,H,0.8,0.6,1.4,0.8,1511.1637730734842,1515.6619982041993,-4.498225130715127,-6.0,-0.5999999999999999,-0.20000000000000007
7.0,8.0,1.0,1.0,H,1.4,1.2,0.6,2.0,1686.866046960626,1429.27089173789,257.5951552227359,7.0,0.7999999999999999,-0.8
5.0,6.0,1.0,4.0,A,1.0,1.0,1.4,1.8,1589.8135116416358,1507.4941943766248,82.31931726501102,2.0,-0.3999999999999999,-0.8
7.0,8.0,4.0,5.0,A,1.6,1.8,1.4,1.6,1506.6469328933736,1615.683548049937,-109.03661515656336,3.0,0.20000000000000018,0.19999999999999996
4.0,8.0,3.0,3.0,H,1.8,1.6,0.4,2.2,1646.5017905636755,1424.337475979051,222.16431458462444,5.0,1.4,-0.6000000000000001
3.0,6.0,3.0,7.0,A,2.0,1.8,2.2,2.2,1529.1222720570008,1604.6617600585403,-75.53948800153944,-1.0,-0.20000000000000018,-0.40000000000000013
4.0,7.0,6.0,6.0,D,2.0,1.6,0.8,1.6,1452.8264526026383,1558.9383662777702,-106.11191367513197,1.0,1.2,0.0
7.0,7.0,4.0,8.0,A,1.6,1.4,1.6,1.6,1625.2652985260806,1522.529178957051,102.7361195690296,-1.0,0.0,-0.20000000000000018
2.0,8.0,7.0,8.0,H,1.0,1.0,2.2,1.6,1526.547314847883,1635.616473919992,-109.06915907210896,0.0,-1.2000000000000002,-0.6000000000000001
3.0,3.0,0.0,4.0,A,0.4,2.0,0.8,1.8,1413.9726578656187,1522.0215869297556,-108.04892906413693,-1.0,-0.4,0.19999999999999996
6.0,12.0,7.0,10.0,A,2.0,0.6,1.8,1.2,1825.0205831065373,1703.1102538960638,121.91032921047349,2.0,0.19999999999999996,-0.6
5.0,11.0,1.0,4.0,H,1.6,0.6,1.2,2.0,1746.6101368538073,1513.3593493345281,233.25078751927913,7.0,0.40000000000000013,-1.4
4.0,7.0,4.0,5.0,H,1.0,1.6,0.6,0.6,1564.9242592455723,1505.177880105682,59.74637913989022,2.0,0.4,1.0
4.0,7.0,7.0,13.0,A,1.8,1.6,1.8,0.6,1501.1951664929666,1748.7843629166046,-247.589196423638,-6.0,0.0,1.0
3.0,9.0,4.0,6.0,A,2.0,1.8,1.0,1.0,1591.4715228565688,1603.0037488436074,-11.5322259870386,3.0,1.0,0.8
4.0,7.0,2.0,8.0,H,1.2,1.0,2.2,1.6,1619.2930645151705,1449.2169361374047,170.07612837776583,-1.0,-1.0000000000000002,-0.6000000000000001
1.0,1.0,3.0,3.0,A,0.6,1.8,1.8,2.0,1419.2666141198793,1539.1265496750116,-119.85993555513232,-2.0,-1.2000000000000002,-0.19999999999999996
7.0,13.0,4.0,7.0,A,2.2,0.8,2.0,1.8,1733.1126714588486,1640.9369899838366,92.17568147501197,6.0,0.20000000000000018,-1.0
1.0,4.0,3.0,4.0,H,1.0,2.0,1.0,1.8,1520.789371462273,1514.5915648020107,6.1978066602623585,0.0,0.0,0.19999999999999996
9.0,13.0,6.0,10.0,A,1.8,0.4,1.8,0.6,1688.2635674072906,1634.1397510039437,54.12381640334684,3.0,0.0,-0.19999999999999996
4.0,4.0,6.0,8.0,D,1.4,2.0,1.0,0.8,1501.247221207285,1602.9516941292889,-101.70447292200379,-4.0,0.3999999999999999,1.2
4.0,10.0,5.0,11.0,A,2.0,1.0,1.8,0.6,1720.6731289078486,1759.0496794048072,-38.376550496958544,-1.0,0.19999999999999996,0.4
4.0,10.0,6.0,9.0,A,2.0,1.6,1.6,1.0,1517.7762784449437,1829.7734836186446,-311.9972051737009,1.0,0.3999999999999999,0.6000000000000001
3.0,5.0,3.0,6.0,D,0.6,0.6,1.4,1.6,1504.7835839596737,1591.8658190025772,-87.08223504290345,-1.0,-0.7999999999999999,-1.0
6.0,6.0,4.0,8.0,A,1.8,1.4,1.2,1.0,1525.9950948281532,1539.6787696947413,-13.683674866588035,-2.0,0.6000000000000001,0.3999999999999999
4.0,4.0,1.0,1.0,H,1.0,1.8,0.4,1.8,1525.562505509723,1414.4934800724293,111.0690254372937,3.0,0.6,0.0
3.0,3.0,4.0,5.0,H,1.0,2.2,1.2,1.6,1521.4402615143485,1494.3985244949472,27.041737019401353,-2.0,-0.19999999999999996,0.6000000000000001
6.0,7.0,4.0,10.0,H,2.0,1.8,1.0,1.2,1641.0640636587843,1559.47666950678,81.58739415200444,-3.0,1.0,0.6000000000000001
2.0,5.0,7.0,11.0,A,1.4,1.8,2.0,1.0,1444.6154595266128,1763.651156015599,-319.03569648898633,-6.0,-0.6000000000000001,0.8
4.0,8.0,3.0,3.0,A,1.0,0.8,0.2,2.0,1586.1375564811083,1430.7867955137992,155.35076096730904,5.0,0.8,-1.2
3.0,7.0,0.0,1.0,D,1.8,1.6,0.4,1.8,1712.4333619280362,1422.7332470522417,289.7001148757945,6.0,1.4,-0.19999999999999996
6.0,7.0,6.0,8.0,A,1.6,1.4,1.6,0.8,1513.1397207169712,1552.101554487493,-38.961833770521935,-1.0,0.0,0.5999999999999999
4.0,5.0,6.0,9.0,H,0.8,0.8,2.0,1.6,1520.4839224549876,1814.0731451233307,-293.58922266834315,-4.0,-1.2,-0.8
6.0,10.0,4.0,10.0,H,1.0,0.4,2.0,1.4,1694.2602831345457,1634.9402742565815,59.320008877964256,0.0,-1.0,-0.9999999999999999
1.0,2.0,4.0,4.0,A,1.0,2.2,1.0,1.4,1435.9671113767442,1600.5141671524457,-164.54705577570144,-2.0,0.0,0.8000000000000003
3.0,6.0,9.0,11.0,A,1.6,1.8,2.0,1.0,1519.7620747481146,1769.8841760956377,-250.12210134752308,-5.0,-0.3999999999999999,0.8
6.0,6.0,9.0,10.0,A,1.4,1.8,1.4,0.6,1511.8056195060437,1643.7743930122485,-131.9687735062048,-4.0,0.0,1.2000000000000002
4.0,7.0,4.0,7.0,H,0.6,0.6,0.8,1.6,1592.6453196369746,1552.9689063509136,39.676413286061006,0.0,-0.20000000000000007,-1.0
3.0,7.0,3.0,6.0,H,2.2,2.2,0.4,1.4,1522.8600438180836,1425.7030301406594,97.15701367742417,1.0,1.8000000000000003,0.8000000000000003
6.0,10.0,1.0,5.0,A,2.2,1.2,1.4,1.8,1624.9575430822138,1510.5050450715178,114.45249801069599,5.0,0.8000000000000003,-0.6000000000000001
3.0,9.0,4.0,7.0,H,2.2,1.8,0.6,0.6,1816.7899284911753,1589.92853626913,226.8613922220452,2.0,1.6,1.2000000000000002
3.0,4.0,1.0,5.0,A,0.6,1.8,1.4,1.6,1544.6639124964588,1720.738355782491,-176.0744432860322,-1.0,-0.7999999999999999,0.19999999999999996
4.0,7.0,6.0,7.0,H,1.2,1.0,1.4,1.4,1605.5895349623872,1508.0643529070296,97.52518205535762,0.0,-0.19999999999999996,-0.3999999999999999
3.0,6.0,3.0,6.0,H,0.4,1.4,1.4,1.8,1435.5320523628925,1509.9330525258815,-74.40100016298902,0.0,-0.9999999999999999,-0.40000000000000013
9.0,13.0,3.0,6.0,H,2.4,0.8,1.4,2.0,1772.1425554613004,1509.547240140381,262.5953153209193,7.0,1.0,-1.2
4.0,7.0,6.0,12.0,H,1.4,1.6,1.4,0.6,1522.8700778507384,1681.895250355325,-159.02517250458664,-5.0,0.0,1.0
9.0,10.0,0.0,2.0,H,1.8,0.6,1.2,2.2,1556.5757743703439,1431.4928914938935,125.08288287645041,8.0,0.6000000000000001,-1.6
1.0,2.0,6.0,7.0,A,0.6,1.8,1.8,1.8,1412.7368965563655,1532.8563943139598,-120.11949775759422,-5.0,-1.2000000000000002,0.0
9.0,12.0,4.0,7.0,H,1.8,0.6,1.4,1.2,1648.1071661932835,1516.1511492739526,131.95601691933098,5.0,0.40000000000000013,-0.6
3.0,7.0,3.0,9.0,A,1.6,1.8,2.0,1.2,1621.876381283073,1638.0214360557222,-16.145054772649246,-2.0,-0.3999999999999999,0.6000000000000001
4.0,7.0,9.0,12.0,H,1.8,1.8,2.4,0.8,1724.3256956419038,1552.988434510931,171.33726113097282,-5.0,-0.5999999999999999,1.0
0.0,3.0,4.0,7.0,A,0.6,2.0,1.4,1.4,1497.2974926115596,1528.7867091882745,-31.489216576714853,-4.0,-0.7999999999999999,0.6000000000000001
3.0,9.0,3.0,6.0,H,1.4,1.0,1.4,2.0,1685.3459661304269,1506.0965243652793,179.2494417651476,3.0,0.0,-1.0
3.0,7.0,3.0,6.0,H,0.4,1.2,1.2,1.8,1595.1249744334534,1502.8679147427063,92.25705969074716,1.0,-0.7999999999999999,-0.6000000000000001
3.0,4.0,0.0,4.0,H,1.6,2.4,0.8,1.4,1627.1764736105397,1539.363820168992,87.81265344154758,0.0,0.8,1.0
6.0,9.0,6.0,7.0,H,1.4,2.4,1.4,1.6,1485.238145977525,1514.4093229402833,-29.17117696275841,2.0,0.0,0.7999999999999998
7.0,7.0,9.0,15.0,A,0.2,2.8,2.6,0.6,1359.9411246417817,1775.027209530357,-415.0860848885752,-8.0,-2.4,2.1999999999999997
6.0,9.0,6.0,9.0,H,2.4,1.4,2.8,1.6,1650.2505147760075,1804.56084977089,-154.3103349948824,0.0,-0.3999999999999999,-0.20000000000000018
6.0,9.0,7.0,10.0,A,2.0,1.6,1.8,0.8,1522.073198299417,1616.37273097693,-94.29953267751284,-1.0,0.19999999999999996,0.8
9.0,15.0,0.0,3.0,H,2.8,0.6,0.6,2.0,1777.0686942610866,1495.2560078808299,281.81268638025676,12.0,2.1999999999999997,-1.4
6.0,7.0,6.0,9.0,H,1.6,1.6,2.4,2.0,1521.812527668023,1514.6699935716774,7.142534096345571,-2.0,-0.7999999999999998,-0.3999999999999999
6.0,12.0,6.0,7.0,D,2.6,1.4,0.8,1.4,1551.338219478052,1596.7751894663324,-45.43696998828045,5.0,1.8,0.0
3.0,6.0,4.0,7.0,H,2.4,1.8,0.0,3.0,1805.3945114470343,1359.1074629656373,446.28704848139705,-1.0,2.4,-1.2
6.0,7.0,6.0,12.0,H,1.4,1.6,1.6,2.6,1534.875133533592,1479.1497216322075,55.725411901384405,-5.0,-0.20000000000000018,-1.0
0.0,6.0,7.0,7.0,D,1.4,2.0,2.2,1.8,1506.2279767719613,1720.9656336126488,-214.73765684068758,-1.0,-0.8000000000000003,0.19999999999999996
0.0,3.0,6.0,9.0,A,0.6,1.4,1.8,1.4,1529.6770619162169,1659.9372730287828,-130.2602111125659,-6.0,-1.2000000000000002,0.0
6.0,12.0,6.0,9.0,A,1.8,0.8,1.6,1.0,1636.3201490356616,1697.1329832880488,-60.81283425238712,3.0,0.19999999999999996,-0.19999999999999996
9.0,10.0,3.0,6.0,H,2.2,1.0,1.6,2.2,1623.860410153866,1619.6887944336036,4.17161572026248,4.0,0.6000000000000001,-1.2000000000000002
9.0,15.0,6.0,9.0,D,2.4,0.2,1.6,0.8,1772.3079444857924,1701.893733063343,70.4142114224494,6.0,0.7999999999999998,-0.6000000000000001
1.0,7.0,3.0,6.0,A,0.0,3.2,1.4,2.2,1353.4261391898845,1625.3701182093564,-271.94397901947195,1.0,-1.4,1.0
3.0,6.0,1.0,4.0,D,1.6,2.0,1.0,2.0,1511.6463374375462,1509.2516329060925,2.3947045314537263,2.0,0.6000000000000001,0.0
9.0,13.0,1.0,4.0,D,3.0,1.0,0.8,2.0,1618.3021356510571,1511.6547988680882,106.64733678296898,9.0,2.2,-1.0
6.0,9.0,3.0,9.0,H,3.2,1.4,1.2,1.0,1808.8993676193036,1632.8152928633924,176.08407475591116,0.0,2.0,0.3999999999999999
6.0,10.0,4.0,7.0,A,1.6,1.2,1.2,1.8,1523.7829036595574,1607.867419340367,-84.08451568080955,3.0,0.40000000000000013,-0.6000000000000001
0.0,0.0,4.0,10.0,D,0.2,2.4,2.4,1.6,1493.9986420798916,1552.5955852789903,-58.59694319909863,-10.0,-2.1999999999999997,0.7999999999999998
9.0,12.0,6.0,9.0,H,1.8,0.8,1.2,2.8,1663.2514694777956,1475.8355251831947,187.41594429460088,3.0,0.6000000000000001,-1.9999999999999998
0.0,0.0,7.0,8.0,A,0.2,1.4,2.2,1.6,1522.2457174300116,1728.396978098854,-206.1512606688425,-8.0,-2.0,-0.20000000000000018
7.0,10.0,4.0,10.0,H,1.8,0.8,1.8,1.2,1705.2191874458854,1518.4870732854806,186.73211416040476,0.0,0.0,-0.3999999999999999
3.0,6.0,0.0,0.0,A,1.0,2.4,0.2,1.2,1464.3052033709569,1533.7760392422495,-69.47083587129259,6.0,0.8,1.2
2.0,2.0,7.0,13.0,D,0.8,2.2,3.2,1.2,1509.5120684093663,1618.0417001477833,-108.52963173841704,-11.0,-2.4000000000000004,1.0000000000000002
7.0,11.0,1.0,7.0,H,2.0,0.8,1.4,1.6,1731.177594054933,1508.8657214814673,222.31187257346573,4.0,0.6000000000000001,-0.8
0.0,6.0,0.0,4.0,H,1.0,2.0,0.2,3.4,1634.8393333570968,1351.40209869618,283.43723466091683,2.0,0.8,-1.4
2.0,2.0,9.0,12.0,H,0.6,2.0,1.6,0.8,1523.129048442499,1651.7772199033848,-128.6481714608858,-10.0,-1.0,1.2
6.0,6.0,6.0,9.0,A,1.4,2.2,3.4,0.8,1617.7290093884446,1816.5404764402153,-198.8114670517707,-3.0,-2.0,1.4000000000000001
2.0,8.0,7.0,13.0,A,1.8,1.8,2.2,0.2,1545.9110068526797,1778.992522912103,-233.08151605942317,-5.0,-0.40000000000000013,1.6
7.0,10.0,1.0,1.0,H,1.6,1.6,0.4,1.8,1612.3871017855517,1489.4789596347068,122.90814215084492,9.0,1.2000000000000002,-0.19999999999999996
1.0,4.0,2.0,5.0,D,1.4,2.4,1.4,2.4,1507.073312931675,1547.703415402472,-40.630102470797056,-1.0,0.0,0.0
0.0,1.0,0.0,6.0,A,0.2,3.2,1.0,2.0,1341.7733092550216,1473.9339928121153,-132.16068355709376,-5.0,-0.8,1.2000000000000002
9.0,12.0,3.0,3.0,D,3.2,0.2,0.8,1.8,1808.29288191739,1517.7596629321915,290.5332189851986,9.0,2.4000000000000004,-1.6
4.0,7.0,7.0,10.0,H,1.4,1.6,2.0,1.8,1528.3115200303273,1602.562655040705,-74.25113501037777,-3.0,-0.6000000000000001,-0.19999999999999996
1.0,1.0,3.0,6.0,A,0.6,1.8,0.6,1.8,1480.777168388065,1643.5411246037386,-162.7639562156735,-5.0,0.0,0.0
7.0,13.0,5.0,5.0,H,2.2,0.2,1.0,1.4,1781.2765736245542,1520.8449977300477,260.4315758945065,8.0,1.2000000000000002,-1.2
6.0,12.0,7.0,10.0,A,1.4,1.0,2.0,0.6,1640.4451360164805,1716.5512713327896,-76.10613531630906,2.0,-0.6000000000000001,0.4
5.0,11.0,7.0,13.0,A,2.6,1.0,2.6,0.8,1608.419601519203,1740.7996926835133,-132.38009116431022,-2.0,0.0,0.19999999999999996
6.0,9.0,3.0,6.0,H,1.0,1.0,1.2,2.0,1533.608676208012,1607.90323683999,-74.29456063197813,3.0,-0.19999999999999996,-1.0
3.0,6.0,2.0,2.0,D,1.2,1.6,1.2,2.6,1472.0329967684465,1508.9743089753438,-36.94131220689724,4.0,0.0,-1.0
4.0,8.0,7.0,13.0,D,1.0,0.4,2.4,0.2,1504.7905409889095,1776.4860326356447,-271.69549164673526,-5.0,-1.4,0.2
3.0,6.0,1.0,1.0,D,1.0,1.6,0.6,1.8,1602.16153842873,1486.5188667993252,115.64267162940473,5.0,0.4,-0.19999999999999996
7.0,13.0,7.0,10.0,A,2.4,0.2,2.2,0.2,1706.3136205335184,1818.5305327166614,-112.216912183143,3.0,0.19999999999999973,0.0
6.0,10.0,0.0,0.0,H,2.0,1.4,0.4,2.8,1604.7899610957154,1339.5460032000112,265.24395789570417,10.0,1.6,-1.4
9.0,13.0,4.0,7.0,A,2.6,0.8,1.6,1.4,1723.6395721208035,1545.4716405930371,178.1679315277663,6.0,1.0,-0.5999999999999999
2.0,3.0,2.0,8.0,A,1.0,2.4,2.2,1.4,1536.577530169275,1619.5454867524002,-82.96795658312521,-5.0,-1.2000000000000002,1.0
3.0,4.0,3.0,3.0,A,0.8,1.2,0.4,1.0,1505.3884253307228,1546.1472768437181,-40.75885151299531,1.0,0.4,0.19999999999999996
6.0,6.0,3.0,9.0,H,0.4,1.8,0.6,1.2,1650.6579142186035,1633.3283464016156,17.329567816987947,-3.0,-0.19999999999999996,0.6000000000000001
4.0,5.0,6.0,12.0,D,1.0,1.6,1.4,0.8,1518.3856022861974,1536.0680716518623,-17.68246936566493,-7.0,-0.3999999999999999,0.8
7.0,10.0,9.0,9.0,D,1.2,0.8,1.0,1.6,1536.4877544153615,1650.2382314551044,-113.75047703974292,1.0,0.19999999999999996,-0.8
6.0,6.0,2.0,3.0,H,0.6,0.8,1.0,2.0,1552.3922346383908,1502.729351180671,49.66288345771977,3.0,-0.4,-1.2
1.0,3.0,4.0,4.0,H,1.0,1.8,0.8,1.4,1542.166517883293,1466.4440090544285,75.72250882886442,-1.0,0.19999999999999996,0.40000000000000013
1.0,2.0,0.0,0.0,D,0.8,1.8,0.4,2.6,1480.4068021646328,1345.6580678347036,134.74873432992922,2.0,0.4,-0.8
6.0,10.0,6.0,10.0,D,1.6,0.8,1.8,1.2,1718.0597398557659,1610.369793360753,107.68994649501292,0.0,-0.19999999999999996,-0.3999999999999999
6.0,10.0,2.0,4.0,H,1.8,0.4,0.6,0.8,1709.319583185712,1502.3824626785292,206.93712050718273,6.0,1.2000000000000002,-0.4
4.0,6.0,1.0,4.0,D,1.2,1.2,1.2,2.0,1517.918975313522,1602.6281654014053,-84.70919008788337,2.0,0.0,-0.8
0.0,6.0,6.0,10.0,H,0.6,1.8,1.4,0.8,1638.393207169013,1540.4067798256397,97.9864273433734,-4.0,-0.7999999999999999,1.0
4.0,8.0,4.0,6.0,A,1.8,1.2,1.2,1.0,1604.0473486016988,1520.2886791396108,83.75866946208794,2.0,0.6000000000000001,0.19999999999999996
7.0,11.0,7.0,13.0,D,2.4,0.8,2.4,0.0,1774.8332407369694,1820.1833246153367,-45.350083878367286,-2.0,0.0,0.8
1.0,3.0,4.0,5.0,H,0.6,1.2,0.8,1.4,1510.6664560948632,1533.882524466959,-23.216068372095833,-2.0,-0.20000000000000007,-0.19999999999999996
7.0,8.0,6.0,10.0,A,1.6,1.2,2.0,0.6,1512.7965405709974,1716.8117217543254,-204.01518118332797,-2.0,-0.3999999999999999,0.6
1.0,1.0,5.0,8.0,D,0.4,1.6,0.8,0.8,1348.2143828415165,1533.9314394085486,-185.71705656703216,-7.0,-0.4,0.8
4.0,4.0,5.0,9.0,A,0.8,1.2,2.4,1.2,1461.8130274880898,1779.4642223033081,-317.65119481521833,-5.0,-1.5999999999999999,0.0
2.0,5.0,4.0,10.0,H,1.4,1.6,1.6,0.8,1613.0720299782026,1707.6158752789686,-94.54384530076595,-5.0,-0.20000000000000018,0.8
6.0,7.0,6.0,9.0,A,1.2,1.2,1.0,0.8,1527.9263517622437,1564.8726627017868,-36.94631093954308,-2.0,0.19999999999999996,0.3999999999999999
5.0,11.0,2.0,3.0,H,1.8,0.4,0.8,1.4,1821.656830695144,1478.9332960848255,342.72353461031844,8.0,1.0,-0.9999999999999999
4.0,10.0,3.0,5.0,A,1.6,1.0,1.2,1.4,1597.4016676689528,1617.015474293499,-19.613806624546214,5.0,0.40000000000000013,-0.3999999999999999
2.0,3.0,3.0,6.0,A,1.2,2.0,0.8,2.0,1493.7522493064166,1647.3703090432675,-153.6180597368509,-3.0,0.3999999999999999,0.0
7.0,10.0,2.0,6.0,D,1.0,1.2,1.6,1.6,1644.3971975747816,1523.7600091938448,120.63718838093678,4.0,-0.6000000000000001,-0.40000000000000013
5.0,11.0,3.0,6.0,H,1.4,0.6,1.4,1.6,1648.8646950708435,1523.4588542661818,125.4058408046617,5.0,0.0,-1.0
3.0,9.0,7.0,11.0,A,0.8,0.4,1.2,0.4,1528.8637191007333,1826.7245510029593,-297.860831902226,-2.0,-0.3999999999999999,0.0
6.0,12.0,2.0,2.0,H,2.0,0.4,0.2,1.2,1718.0741861089268,1346.951918486915,371.1222676220118,10.0,1.8,-0.7999999999999999
3.0,6.0,1.0,2.0,D,1.6,1.6,1.2,2.2,1520.183476018577,1497.3287824816844,22.854693536892682,4.0,0.40000000000000013,-0.6000000000000001
4.0,7.0,1.0,4.0,A,1.2,1.2,0.8,2.0,1581.4989789365588,1477.7157162204837,103.78326271607511,3.0,0.3999999999999999,-0.8
3.0,4.0,9.0,12.0,D,0.6,1.4,1.6,1.0,1531.9219762159032,1566.8332109528426,-34.91123473693938,-8.0,-1.0,0.3999999999999999
3.0,5.0,2.0,2.0,D,0.4,0.8,0.6,1.6,1507.0466914849012,1482.5530606947875,24.493630790113684,3.0,-0.19999999999999996,-0.8
1.0,7.0,5.0,11.0,A,1.8,1.6,3.2,1.0,1696.8073741685894,1790.2727234136873,-93.46534924509797,-4.0,-1.4000000000000001,0.6000000000000001
4.0,7.0,5.0,5.0,A,1.4,1.2,1.8,1.8,1502.8044697918644,1623.0641007573356,-120.25963096547116,2.0,-0.40000000000000013,-0.6000000000000001
6.0,7.0,6.0,6.0,H,1.0,1.0,1.2,2.4,1625.0373497078679,1639.3484336288986,-14.311083921030786,1.0,-0.19999999999999996,-1.4
7.0,8.0,5.0,11.0,A,2.2,1.8,1.8,0.8,1610.960356707339,1660.96843912084,-50.008082413500915,-3.0,0.40000000000000013,1.0
2.0,3.0,3.0,7.0,H,0.8,1.4,1.6,1.4,1490.2971910619417,1495.0603394247103,-4.763148362768561,-4.0,-0.8,0.0
7.0,11.0,2.0,6.0,D,3.6,1.0,0.8,1.2,1782.4929791427242,1536.6434633716965,245.84951577102765,5.0,2.8,-0.19999999999999996
7.0,11.0,3.0,4.0,A,1.8,0.6,1.2,1.8,1808.4814469750518,1538.4265800464846,270.0548669285672,7.0,0.6000000000000001,-1.2000000000000002
1.0,3.0,9.0,12.0,A,1.2,1.6,2.8,0.4,1490.6706430205104,1724.7323255701008,-234.0616825495904,-9.0,-1.5999999999999999,1.2000000000000002
3.0,7.0,4.0,5.0,A,1.8,2.0,0.8,1.2,1465.7092922854943,1519.0531154198907,-53.343823134396416,2.0,1.0,0.8
6.0,6.0,1.0,4.0,A,1.2,2.0,1.0,2.4,1628.130086042409,1708.025721755079,-79.89563571267013,2.0,0.19999999999999996,-0.3999999999999999
2.0,2.0,4.0,5.0,A,0.2,2.4,0.8,1.0,1339.3499334348073,1539.523961268011,-200.17402783320358,-3.0,-0.6000000000000001,1.4
0.0,6.0,6.0,9.0,A,1.6,1.6,1.2,1.0,1513.504286704504,1634.9919172695456,-121.48763056504163,-3.0,0.40000000000000013,0.6000000000000001
7.0,10.0,1.0,4.0,H,1.4,1.2,1.0,2.0,1574.4253194646449,1573.9068704247566,0.5184490398883099,6.0,0.3999999999999999,-0.8
7.0,7.0,0.0,3.0,H,1.0,1.2,1.2,2.4,1526.105307958475,1506.4520941659198,19.653213792555107,4.0,-0.19999999999999996,-1.2
2.0,4.0,1.0,2.0,D,0.8,1.4,1.0,2.0,1532.6729497876963,1494.6411566045106,38.031793183185755,2.0,-0.19999999999999996,-0.6000000000000001
9.0,12.0,4.0,6.0,D,2.8,0.4,1.4,1.4,1717.2780633100829,1497.7514533219596,219.52660998812325,6.0,1.4,-0.9999999999999999
5.0,7.0,7.0,13.0,H,1.6,1.2,1.8,1.0,1546.6050330415649,1566.2468664695646,-19.6418334279997,-6.0,-0.19999999999999996,0.19999999999999996
3.0,4.0,6.0,10.0,A,1.2,2.2,1.8,1.0,1698.0388385737817,1818.468330156349,-120.42949158256738,-6.0,-0.6000000000000001,1.2000000000000002
0.0,4.0,1.0,2.0,A,1.4,2.0,0.2,2.2,1478.7931538944208,1355.6171189650968,123.17603492932403,2.0,1.2,-0.20000000000000018
7.0,11.0,3.0,4.0,H,2.0,0.8,1.2,2.0,1664.0586632798218,1462.6190681265125,201.43959515330926,7.0,0.8,-1.2
0.0,4.0,3.0,6.0,D,1.2,1.8,1.2,2.0,1572.5968802410625,1629.440076226103,-56.84319598504044,-2.0,0.0,-0.19999999999999996
4.0,7.0,6.0,8.0,D,1.0,1.0,2.0,1.8,1538.7036818781296,1611.7806360972204,-73.0769542190908,-1.0,-1.0,-0.8
9.0,12.0,7.0,9.0,H,1.8,0.8,3.4,1.4,1646.350652392746,1771.1342440195237,-124.7835916267777,3.0,-1.5999999999999999,-0.5999999999999999
4.0,8.0,7.0,13.0,A,1.8,1.6,3.0,0.4,1601.9388515680441,1727.1198478392591,-125.18099627121501,-5.0,-1.2,1.2000000000000002
0.0,0.0,2.0,4.0,H,1.0,2.6,0.8,1.4,1514.3599138042,1524.765130149416,-10.405216345216104,-4.0,0.19999999999999996,1.2000000000000002
5.0,6.0,7.0,9.0,D,1.2,1.2,1.8,1.0,1496.2898837514035,1548.066602612121,-51.77671886071744,-3.0,-0.6000000000000001,0.19999999999999996
2.0,2.0,0.0,3.0,D,1.0,2.0,1.0,1.8,1491.4250965703313,1482.0092139286,9.415882641731287,-1.0,0.0,0.19999999999999996
3.0,5.0,7.0,10.0,H,0.6,2.0,1.2,1.0,1367.6185470421779,1514.1038798813938,-146.48533283921597,-5.0,-0.6,1.0
3.0,3.0,3.0,4.0,H,1.0,2.0,1.2,2.4,1476.330682518394,1684.3272241819002,-207.99654166350615,-1.0,-0.19999999999999996,-0.3999999999999999
4.0,10.0,9.0,12.0,H,1.6,1.4,2.0,1.0,1575.6748325649528,1636.9226862973578,-61.24785373240502,-2.0,-0.3999999999999999,0.3999999999999999
4.0,8.0,9.0,11.0,H,3.2,1.4,1.6,0.6,1775.7921908896085,1659.400716409737,116.39147447987148,-3.0,1.6,0.7999999999999999
6.0,10.0,1.0,2.0,H,2.0,1.0,0.8,1.8,1820.8713605271835,1570.1938498702282,250.6775106569553,8.0,1.2,-0.8
1.0,7.0,5.0,8.0,H,1.0,1.4,1.0,0.8,1634.442496652303,1533.7012614519297,100.74123520037324,-1.0,0.0,0.5999999999999999
6.0,7.0,6.0,10.0,D,1.0,2.2,1.4,1.2,1370.6321125762702,1572.6612670308605,-202.0291544545903,-3.0,-0.3999999999999999,1.0000000000000002
4.0,10.0,6.0,10.0,H,3.6,1.0,1.2,0.8,1778.009275124368,1511.8867956466343,266.1224794777338,0.0,2.4000000000000004,0.19999999999999996
2.0,3.0,4.0,5.0,D,0.8,1.8,1.0,1.2,1522.2025163874312,1536.2638752139146,-14.061358826483456,-2.0,-0.19999999999999996,0.6000000000000001
6.0,10.0,2.0,3.0,H,1.6,1.4,1.4,2.2,1662.9238931734183,1487.90191980665,175.02197336676818,7.0,0.20000000000000018,-0.8000000000000003
7.0,9.0,3.0,3.0,A,2.0,1.2,1.2,2.2,1534.3975797763874,1528.0289366399336,6.368643136453784,6.0,0.8,-1.0000000000000002
1.0,1.0,1.0,1.0,H,1.2,2.2,0.6,2.2,1491.669271451953,1560.5337923468753,-68.8645208949224,0.0,0.6,0.0
1.0,7.0,3.0,6.0,H,1.4,1.8,1.8,2.0,1606.2265123900513,1472.0430216963869,134.18349069366445,1.0,-0.40000000000000013,-0.19999999999999996
6.0,12.0,6.0,12.0,H,2.2,0.6,1.8,0.8,1824.1355481445764,1633.6584986799649,190.47704946461158,0.0,0.40000000000000013,-0.20000000000000007
7.0,13.0,3.0,3.0,D,3.0,0.2,1.2,3.0,1723.2267165234593,1688.2203554977,35.00636102575936,10.0,1.8,-2.8
2.0,3.0,7.0,7.0,D,1.0,2.0,1.0,2.2,1482.353480385597,1376.1805519973232,106.17292838827393,-4.0,0.0,-0.20000000000000018
2.0,6.0,4.0,8.0,H,1.0,1.0,1.8,1.2,1543.4131490362697,1527.2483059540323,16.16484308223744,-2.0,-0.8,-0.19999999999999996
1.0,1.0,6.0,10.0,A,0.6,2.2,3.4,1.0,1553.7917865885838,1784.7512808826596,-230.95949429407574,-9.0,-2.8,1.2000000000000002
6.0,6.0,9.0,12.0,A,1.2,1.8,2.2,0.8,1523.1415810766389,1829.0229037078711,-305.88132263123225,-6.0,-1.0000000000000002,1.0
4.0,8.0,5.0,6.0,D,0.8,0.8,1.8,1.8,1567.9802417696349,1500.9709090126291,67.00933275700572,2.0,-1.0,-1.0
3.0,7.0,4.0,7.0,D,1.0,1.6,1.4,1.8,1511.7238940105246,1606.389414026161,-94.66552001563628,0.0,-0.3999999999999999,-0.19999999999999996
3.0,6.0,5.0,11.0,A,2.2,1.8,3.0,0.4,1466.1391145856376,1729.1306236342086,-262.99150904857106,-5.0,-0.7999999999999998,1.4
3.0,9.0,2.0,3.0,D,1.8,1.2,0.8,1.8,1628.22695451186,1527.634060555536,100.5928939563239,6.0,1.0,-0.6000000000000001
4.0,7.0,4.0,4.0,H,1.0,1.4,1.4,2.0,1638.4067113691196,1487.7050567351362,150.70165463398348,3.0,-0.3999999999999999,-0.6000000000000001
1.0,4.0,6.0,12.0,H,1.0,2.4,1.6,1.0,1694.7626477122135,1656.3816009589048,38.38104675330874,-8.0,-0.6000000000000001,1.4
3.0,3.0,9.0,12.0,A,1.4,1.8,1.8,0.8,1462.5300526409699,1832.6319656525388,-370.10191301156897,-9.0,-0.40000000000000013,1.0
5.0,8.0,9.0,10.0,A,0.6,0.6,3.2,1.2,1561.2201006882221,1791.5114219640723,-230.29132127585012,-2.0,-2.6,-0.6
2.0,3.0,3.0,7.0,H,1.0,2.0,1.8,1.4,1490.053021967481,1493.2713674307452,-3.218345463264086,-4.0,-0.8,0.6000000000000001
1.0,7.0,7.0,11.0,H,1.8,1.4,2.0,0.6,1638.2529641413344,1719.1046140047342,-80.85164986339987,-4.0,-0.19999999999999996,0.7999999999999999
1.0,7.0,2.0,4.0,D,1.0,1.6,0.8,1.2,1509.3497715414094,1530.0081830246513,-20.658411483241935,3.0,0.19999999999999996,0.40000000000000013
4.0,8.0,4.0,4.0,D,1.0,0.8,1.2,2.0,1539.2092633065527,1491.9089424648532,47.30032084169943,4.0,-0.19999999999999996,-1.2
4.0,7.0,1.0,7.0,H,1.6,1.8,1.6,1.2,1698.2935383010931,1523.7174153651526,174.57612293594048,0.0,0.0,0.6000000000000001
7.0,7.0,5.0,8.0,H,0.8,1.0,1.2,1.0,1640.617699569139,1373.9695637973039,266.6481357718351,-1.0,-0.3999999999999999,0.0
6.0,6.0,4.0,5.0,H,1.2,1.6,1.4,2.0,1532.659788256231,1596.8712068465688,-64.21141859033787,1.0,-0.19999999999999996,-0.3999999999999999
0.0,1.0,3.0,9.0,H,0.4,2.0,1.4,1.4,1563.866326057568,1646.3070614899207,-82.44073543235277,-8.0,-0.9999999999999999,0.6000000000000001
4.0,5.0,0.0,3.0,H,1.4,1.8,1.6,2.2,1498.3482045124094,1456.0907905934137,42.25741391899578,2.0,-0.20000000000000018,-0.40000000000000013
9.0,15.0,2.0,5.0,H,2.4,0.6,0.2,0.6,1834.741088912477,1559.110977428284,275.63011148419287,10.0,2.1999999999999997,0.0
3.0,6.0,2.0,5.0,H,1.2,1.8,1.0,1.8,1650.3787646999256,1505.2780683314045,145.10069636852108,1.0,0.19999999999999996,0.0
4.0,8.0,5.0,6.0,H,1.8,1.2,1.0,1.0,1722.4330356725034,1535.8808416387835,186.55219403371984,2.0,0.8,0.19999999999999996
9.0,12.0,6.0,9.0,H,3.0,0.8,1.4,1.0,1793.760901319095,1530.4103089012083,263.3505924178867,3.0,1.6,-0.19999999999999996
2.0,8.0,7.0,7.0,A,1.0,1.2,1.2,1.8,1369.6569493443335,1702.6061527540635,-332.94920340973,1.0,-0.19999999999999996,-0.6000000000000001
4.0,5.0,4.0,6.0,H,1.6,2.0,1.2,1.4,1601.534450071878,1485.389778742172,116.14467132970594,-1.0,0.40000000000000013,0.6000000000000001
2.0,6.0,4.0,7.0,D,1.4,1.2,1.6,1.6,1494.5588563301337,1636.9654752419458,-142.40661891181207,-1.0,-0.20000000000000018,-0.40000000000000013
0.0,4.0,3.0,4.0,H,1.2,1.4,0.6,1.8,1532.0116027677893,1555.5721386549312,-23.560535887141896,0.0,0.6,-0.40000000000000013
9.0,15.0,4.0,5.0,H,2.2,0.6,1.2,1.4,1836.570144412552,1534.0517861387084,302.51835827384366,10.0,1.0000000000000002,-0.7999999999999999
1.0,5.0,3.0,9.0,A,0.6,1.2,1.4,1.0,1361.387964488435,1538.6792937571067,-177.2913292686717,-4.0,-0.7999999999999999,0.19999999999999996
3.0,4.0,1.0,5.0,A,0.6,1.0,0.2,0.4,1517.9954567411637,1571.1237037117717,-53.12824697060796,-1.0,0.39999999999999997,0.6
3.0,4.0,2.0,2.0,D,1.4,1.6,0.8,2.4,1528.5175301035342,1508.7721409956596,19.745389107874644,2.0,0.5999999999999999,-0.7999999999999998
3.0,6.0,5.0,5.0,H,1.6,1.8,1.0,1.2,1657.2256741697788,1630.1185657720926,27.10710839768626,1.0,0.6000000000000001,0.6000000000000001
6.0,10.0,3.0,3.0,D,2.2,1.4,0.8,2.4,1715.9748763378843,1562.0302979895503,153.94457834833406,7.0,1.4000000000000001,-1.0
9.0,15.0,4.0,5.0,H,2.8,0.2,1.0,2.0,1795.500988081632,1483.649691979635,311.8512961019969,10.0,1.7999999999999998,-1.8
1.0,5.0,6.0,9.0,A,1.0,2.4,2.0,1.0,1524.7177968816784,1666.5596634268088,-141.84186654513042,-4.0,-1.0,1.4
3.0,5.0,4.0,8.0,D,0.2,0.4,1.8,1.6,1572.407500751793,1714.691079297863,-142.2835785460702,-3.0,-1.6,-1.2000000000000002
9.0,10.0,9.0,15.0,D,1.4,0.8,2.6,0.4,1642.1843580114414,1793.9343296393295,-151.74997162788804,-5.0,-1.2000000000000002,0.4
3.0,4.0,9.0,15.0,A,0.6,2.0,3.0,0.6,1479.8678710556696,1840.3519653365174,-360.4840942808478,-11.0,-2.4,1.4
9.0,15.0,4.0,7.0,H,3.4,0.4,2.2,1.8,1842.842181242721,1599.0442341656744,243.7979470770465,8.0,1.1999999999999997,-1.4
0.0,2.0,9.0,9.0,A,0.2,1.4,2.4,1.2,1356.6907429495282,1671.2568849657157,-314.56614201618754,-7.0,-2.1999999999999997,0.19999999999999996
7.0,11.0,4.0,4.0,H,1.8,0.6,1.2,1.4,1646.708108581457,1523.9937795335186,122.71432904793846,7.0,0.6000000000000001,-0.7999999999999999
4.0,5.0,2.0,3.0,A,1.0,1.4,1.0,2.4,1614.4894424720228,1524.4012642957293,90.08817817629347,2.0,0.0,-1.0
6.0,9.0,5.0,8.0,A,1.4,1.0,1.6,1.4,1530.83283852517,1722.5375345297998,-191.7046960046298,1.0,-0.20000000000000018,-0.3999999999999999
2.0,3.0,4.0,8.0,H,0.4,1.0,1.6,1.6,1524.681703217847,1491.6619580357262,33.01974518212069,-5.0,-1.2000000000000002,-0.6000000000000001
0.0,4.0,9.0,10.0,D,0.6,2.4,1.4,1.4,1483.2605872512763,1699.2134365584568,-215.9528493071805,-6.0,-0.7999999999999999,1.0
3.0,7.0,7.0,13.0,H,2.8,2.4,2.2,0.8,1611.709449809884,1781.2691139951198,-169.55966418523576,-6.0,0.5999999999999996,1.5999999999999999
4.0,6.0,7.0,13.0,D,1.6,2.0,2.4,0.6,1525.0424261304966,1646.0669467466898,-121.02452061619329,-7.0,-0.7999999999999998,1.4
4.0,4.0,0.0,1.0,H,1.0,1.6,0.2,2.4,1527.5282081487078,1353.156314334339,174.37189381436883,3.0,0.8,-0.7999999999999998
0.0,3.0,1.0,5.0,A,1.8,2.4,1.2,1.6,1447.755986379822,1622.8242466856145,-175.0682603057926,-2.0,0.6000000000000001,0.7999999999999998
5.0,8.0,4.0,6.0,D,1.8,1.4,0.8,0.6,1715.588905413906,1531.6303323337406,183.95857308016548,2.0,1.0,0.7999999999999999
4.0,7.0,9.0,15.0,A,1.0,1.4,4.2,0.8,1487.849320398932,1846.6548188795152,-358.8054984805833,-8.0,-3.2,0.5999999999999999
7.0,11.0,2.0,4.0,H,1.4,0.8,0.8,1.0,1702.164976738767,1491.6073161498234,210.5576605889437,7.0,0.5999999999999999,-0.19999999999999996
9.0,12.0,9.0,15.0,A,3.0,0.6,3.8,0.6,1663.393574669883,1854.518129175348,-191.12455450546486,-3.0,-0.7999999999999998,0.0
0.0,0.0,5.0,11.0,A,1.2,3.0,2.2,0.6,1440.5124260826378,1653.310507043874,-212.7980809612361,-11.0,-1.0000000000000002,2.4
4.0,7.0,3.0,7.0,A,1.6,1.4,1.8,1.6,1517.3928255265116,1632.9596293078107,-115.56680378129909,0.0,-0.19999999999999996,-0.20000000000000018
3.0,4.0,3.0,6.0,H,0.8,1.6,1.2,1.4,1496.222828991302,1522.4593299327998,-26.236500941497752,-2.0,-0.3999999999999999,0.20000000000000018
4.0,4.0,4.0,6.0,A,1.0,2.0,1.0,0.8,1548.4439241920993,1545.2167061311916,3.227218060907717,-2.0,0.0,1.2
0.0,4.0,1.0,3.0,H,1.2,3.2,0.8,1.4,1531.0636335689796,1485.2614794625222,45.802154106457465,1.0,0.3999999999999999,1.8000000000000003
5.0,9.0,4.0,10.0,D,1.6,1.0,1.4,0.8,1714.604302766964,1782.2537166420618,-67.64941387509771,-1.0,0.20000000000000018,0.19999999999999996
7.0,13.0,4.0,5.0,A,1.8,0.8,0.2,0.4,1686.3727297366963,1588.1997477538637,98.17298198283265,8.0,1.6,0.4
5.0,6.0,3.0,7.0,H,1.4,1.8,1.2,1.4,1531.4957529565343,1489.7695021652644,41.72625079126988,-1.0,0.19999999999999996,0.40000000000000013
6.0,7.0,0.0,0.0,H,1.8,1.6,0.0,2.8,1634.979336752829,1351.1366068893205,283.84272986350857,7.0,1.8,-1.1999999999999997
7.0,8.0,3.0,7.0,D,1.4,1.0,2.0,1.8,1541.695112418519,1520.914419239184,20.780693179335003,1.0,-0.6000000000000001,-0.8
3.0,6.0,4.0,10.0,D,1.2,1.4,1.2,0.6,1524.278431896315,1684.5536277731812,-160.2751958768663,-4.0,0.0,0.7999999999999999
0.0,0.0,1.0,4.0,H,0.0,2.6,1.4,2.4,1363.8663330616537,1535.7141980197662,-171.8478649581125,-4.0,-1.4,0.20000000000000018
7.0,7.0,7.0,8.0,H,0.4,0.4,2.0,1.8,1593.9722918698328,1525.7232088405651,68.2490830292677,-1.0,-1.6,-1.4
9.0,15.0,5.0,7.0,H,4.0,0.8,1.4,1.0,1858.5349214844769,1710.5875104578352,147.9474110266417,8.0,2.6,-0.19999999999999996
1.0,4.0,0.0,0.0,D,0.6,2.4,0.8,2.4,1479.3685417604531,1444.404471573461,34.9640701869921,4.0,-0.20000000000000007,0.0
2.0,8.0,3.0,6.0,H,1.6,1.2,1.0,1.8,1784.1446866938377,1487.8785321134885,296.26615458034917,2.0,0.6000000000000001,-0.6000000000000001
9.0,9.0,3.0,4.0,A,2.2,1.6,1.6,3.4,1619.702593235545,1546.3403770862637,73.36221614928127,5.0,0.6000000000000001,-1.7999999999999998
5.0,8.0,2.0,6.0,D,1.4,1.0,1.2,1.0,1543.6524095288712,1708.630213347483,-164.97780381861185,2.0,0.19999999999999996,0.0
6.0,7.0,7.0,11.0,A,2.2,2.0,2.0,0.6,1600.0442458832213,1664.9757109705367,-64.93146508731547,-4.0,0.20000000000000018,1.4
3.0,3.0,4.0,8.0,A,0.6,2.2,1.4,1.0,1480.5914090507658,1691.840750835904,-211.24934178513809,-5.0,-0.7999999999999999,1.2000000000000002
1.0,1.0,3.0,3.0,A,0.8,2.2,0.4,2.6,1429.6303235107714,1378.6404811243433,50.98984238642811,-2.0,0.4,-0.3999999999999999
1.0,4.0,1.0,4.0,A,1.4,2.0,1.2,1.6,1522.6124580431276,1537.3801718729535,-14.76771382982588,0.0,0.19999999999999996,0.3999999999999999
0.0,3.0,7.0,10.0,A,0.8,2.4,1.0,0.4,1470.9763515111097,1603.587349409489,-132.6109978983793,-7.0,-0.19999999999999996,2.0
6.0,6.0,2.0,2.0,A,1.8,3.4,0.6,2.6,1531.8732685538864,1493.8356502928305,38.03761826105597,4.0,1.2000000000000002,0.7999999999999998
4.0,8.0,6.0,9.0,H,1.8,1.2,2.6,1.8,1697.255410581894,1614.287933489555,82.9674770923391,-1.0,-0.8,-0.6000000000000001
4.0,8.0,9.0,15.0,D,2.2,1.8,2.8,0.8,1531.5735731750676,1852.6845571499744,-321.11098397490673,-7.0,-0.5999999999999996,1.0
6.0,12.0,1.0,2.0,D,3.0,0.6,0.4,1.4,1656.7502532835729,1491.9048008488323,164.84545243474054,10.0,2.6,-0.7999999999999999
4.0,5.0,4.0,8.0,A,1.6,1.8,2.0,1.2,1515.294913263958,1789.7641926690637,-274.4692794051057,-3.0,-0.3999999999999999,0.6000000000000001
3.0,6.0,5.0,9.0,D,2.2,2.2,1.6,1.0,1595.8241717633325,1547.87248364876,47.95168811457256,-3.0,0.6000000000000001,1.2000000000000002
2.0,6.0,7.0,11.0,H,1.4,1.2,2.0,1.0,1714.7160553631675,1658.8898689548523,55.82618640831515,-5.0,-0.6000000000000001,0.19999999999999996
1.0,2.0,1.0,1.0,D,0.4,1.4,0.6,2.2,1487.5465646505806,1433.988559709023,53.558004941557556,1.0,-0.19999999999999996,-0.8000000000000003
5.0,5.0,0.0,1.0,H,0.8,1.8,1.0,2.0,1501.813923159113,1514.634185176845,-12.82026201773192,4.0,-0.19999999999999996,-0.19999999999999996
3.0,9.0,2.0,2.0,H,2.2,1.4,0.4,1.8,1617.6099073813702,1430.6665858172078,186.9433215641625,7.0,1.8000000000000003,-0.40000000000000013
2.0,3.0,7.0,10.0,D,0.4,1.2,1.8,1.0,1490.6033128656272,1694.1986623668474,-203.5953495012202,-7.0,-1.4,0.19999999999999996
7.0,13.0,0.0,3.0,H,2.2,1.0,1.0,2.6,1853.8606440056649,1469.8002646554191,384.06037935024574,10.0,1.2000000000000002,-1.6
6.0,6.0,1.0,4.0,D,1.0,2.2,1.4,2.0,1379.6915837044046,1514.2438106838968,-134.55222697949216,2.0,-0.3999999999999999,0.20000000000000018
6.0,10.0,4.0,8.0,A,1.6,1.0,2.0,1.6,1643.1445015237293,1547.3189406061906,95.82556091753872,2.0,-0.3999999999999999,-0.6000000000000001
4.0,7.0,6.0,6.0,D,1.4,1.4,1.4,3.0,1534.4334663027478,1534.8199741240921,-0.3865078213443667,1.0,0.0,-1.6
7.0,8.0,4.0,7.0,H,2.0,1.2,2.2,2.0,1792.8743088328672,1592.714055599529,200.16025323333815,1.0,-0.20000000000000018,-0.8
9.0,13.0,4.0,10.0,A,1.4,0.4,2.4,0.6,1592.247376795655,1668.0902258974068,-75.84284910175165,3.0,-1.0,-0.19999999999999996
7.0,8.0,4.0,8.0,D,1.4,1.0,2.0,1.6,1688.0882773554795,1553.4293256175586,134.65895173792092,0.0,-0.6000000000000001,-0.6000000000000001
0.0,0.0,2.0,5.0,D,0.6,2.8,1.6,1.6,1468.2147122625033,1515.8293630768126,-47.61465081430924,-5.0,-1.0,1.1999999999999997
0.0,1.0,4.0,7.0,H,1.0,2.0,2.0,2.2,1522.3765230356018,1527.0776362653353,-4.701113229733437,-6.0,-1.0,-0.20000000000000018
1.0,2.0,3.0,7.0,A,0.2,1.2,1.4,1.2,1421.1614069180432,1557.3776625479245,-136.2162556298813,-5.0,-1.2,0.0
7.0,7.0,7.0,13.0,A,1.2,1.4,1.4,0.4,1377.6122186442763,1855.9400090657932,-478.32779042151697,-6.0,-0.19999999999999996,0.9999999999999999
3.0,7.0,6.0,10.0,A,1.4,1.6,1.2,0.6,1629.0552752305034,1606.336603088881,22.718672141622392,-3.0,0.19999999999999996,1.0
1.0,4.0,3.0,9.0,D,1.4,2.4,1.6,1.2,1590.5854371375674,1619.738525843332,-29.153088705764503,-5.0,-0.20000000000000018,1.2
3.0,3.0,9.0,10.0,A,0.6,1.4,2.0,0.8,1485.8458135601018,1797.6318081383927,-311.7859945782909,-7.0,-1.4,0.5999999999999999
7.0,8.0,5.0,5.0,H,1.2,1.4,1.6,2.0,1509.898511478252,1526.3488779836089,-16.450366505356897,3.0,-0.40000000000000013,-0.6000000000000001
5.0,9.0,5.0,9.0,H,1.6,1.0,1.6,1.0,1692.2778297668578,1553.1881101365461,139.08971963031172,0.0,0.0,0.0
4.0,7.0,9.0,11.0,D,1.4,1.2,1.4,0.6,1614.3398541691756,1515.2971831524083,99.04267101676737,-4.0,0.0,0.6
4.0,10.0,1.0,1.0,H,2.2,0.6,0.4,2.0,1671.111654647588,1465.193283512322,205.91837113526594,9.0,1.8000000000000003,-1.4
4.0,5.0,1.0,2.0,A,1.4,1.6,0.2,1.4,1511.045773222682,1436.46451167897,74.58126154371212,3.0,1.2,0.20000000000000018
4.0,6.0,2.0,3.0,A,1.0,1.0,0.4,1.0,1538.7124706933002,1500.3214530033476,38.391017689952605,3.0,0.6,0.0
2.0,3.0,4.0,6.0,A,1.0,1.6,1.2,1.0,1508.6011076214936,1721.9443108184864,-213.34320319699282,-3.0,-0.19999999999999996,0.6000000000000001
9.0,13.0,4.0,7.0,H,2.2,0.6,1.2,1.6,1798.5862400623585,1376.6577867203105,421.928453342048,6.0,1.0000000000000002,-1.0
5.0,8.0,3.0,3.0,H,2.0,1.6,1.4,1.8,1559.8265895129912,1515.9792591401692,43.84733037282194,5.0,0.6000000000000001,-0.19999999999999996
7.0,13.0,0.0,6.0,A,2.0,0.4,1.2,1.8,1838.5838841526827,1646.411400143614,192.17248400906874,7.0,0.8,-1.4
6.0,12.0,2.0,5.0,H,1.6,0.6,1.2,1.6,1613.1230421847993,1583.7989980416492,29.324044143150104,7.0,0.40000000000000013,-1.0
1.0,7.0,5.0,11.0,A,1.8,2.0,1.6,0.6,1518.9325252540402,1700.422940778153,-181.49041552411268,-4.0,0.19999999999999996,1.4
4.0,6.0,3.0,6.0,H,0.8,0.4,1.6,2.2,1511.6403010082756,1635.092552138686,-123.45225113041033,0.0,-0.8,-1.8000000000000003
3.0,4.0,2.0,3.0,A,0.2,1.2,0.6,1.2,1425.6642533585014,1519.4013659419622,-93.73711258346088,1.0,-0.39999999999999997,0.0
9.0,15.0,1.0,4.0,H,2.4,0.4,1.6,2.6,1800.6075117071744,1516.9112536092243,283.69625809795,11.0,0.7999999999999998,-2.2
7.0,10.0,6.0,12.0,H,1.8,0.6,1.8,0.8,1676.853879837011,1607.3808169953763,69.4730628416346,-2.0,0.0,-0.20000000000000007
7.0,8.0,1.0,7.0,H,1.6,1.4,1.4,1.8,1563.1030579408175,1373.3813182924841,189.72173964833337,1.0,0.20000000000000018,-0.40000000000000013
3.0,3.0,6.0,10.0,A,1.0,1.6,2.0,0.8,1511.6330708048613,1842.9300724879906,-331.29700168312934,-7.0,-1.0,0.8
3.0,5.0,1.0,5.0,A,0.8,1.4,1.2,1.4,1525.1948406450338,1524.5634032709486,0.6314373740851806,0.0,-0.3999999999999999,0.0
7.0,11.0,3.0,4.0,D,1.8,0.8,0.4,1.4,1692.4959904001585,1433.5912037364958,258.90478666366266,7.0,1.4,-0.5999999999999999
1.0,1.0,7.0,11.0,A,0.6,1.8,1.4,0.6,1453.7669506722202,1526.72351599251,-72.95656532028988,-10.0,-0.7999999999999999,1.2000000000000002
4.0,5.0,6.0,8.0,D,1.2,1.2,1.0,0.4,1516.3955278427752,1514.6461391074627,1.7493887353125501,-3.0,0.19999999999999996,0.7999999999999999
0.0,1.0,3.0,3.0,A,1.0,3.4,1.0,2.0,1507.4340762961042,1644.569729451806,-137.1356531557019,-2.0,0.0,1.4
5.0,5.0,6.0,9.0,H,1.2,1.4,1.4,1.0,1621.3550291543966,1600.3656420101554,20.989387144241164,-4.0,-0.19999999999999996,0.3999999999999999
7.0,8.0,1.0,2.0,A,1.2,0.6,1.2,2.0,1503.7606126092078,1594.684524539904,-90.92391193069625,6.0,0.0,-1.4
4.0,5.0,0.0,1.0,H,1.2,1.4,1.0,4.0,1599.7625962367983,1502.3560045992099,97.40659163758846,4.0,0.19999999999999996,-2.6
3.0,7.0,7.0,11.0,H,1.2,1.0,1.8,0.8,1532.8126561489385,1554.8538050628276,-22.041148913889174,-4.0,-0.6000000000000001,0.19999999999999996
4.0,7.0,7.0,8.0,A,1.0,0.8,1.2,0.8,1497.03681513862,1728.668108289074,-231.63129315045398,-1.0,-0.19999999999999996,0.0
7.0,13.0,0.0,4.0,H,1.6,0.4,0.6,1.6,1533.8817200680471,1518.0366365694967,15.845083498550366,9.0,1.0,-1.2000000000000002
0.0,4.0,1.0,1.0,A,1.0,2.0,0.4,1.6,1362.817370409499,1464.3308985552053,-101.51352814570623,3.0,0.6,0.3999999999999999
3.0,6.0,4.0,6.0,A,1.0,1.0,1.2,0.8,1585.5155886461623,1531.2455812067683,54.27000743939402,0.0,-0.19999999999999996,0.19999999999999996
9.0,15.0,5.0,8.0,H,3.0,0.4,1.0,0.8,1803.9462135052438,1618.016327356327,185.9298861489167,7.0,2.0,-0.4
4.0,4.0,9.0,10.0,A,0.4,1.4,1.2,0.8,1427.4958076505693,1682.9492759229374,-255.45346827236813,-6.0,-0.7999999999999999,0.5999999999999999
6.0,10.0,7.0,9.0,H,2.0,0.8,1.6,0.8,1846.7559817800213,1688.6700811081278,158.08590067189357,1.0,0.3999999999999999,0.0
6.0,6.0,3.0,3.0,H,1.8,1.6,0.8,1.4,1648.7170002547475,1507.4858000019199,141.23120025282765,3.0,1.0,0.20000000000000018
0.0,0.0,6.0,7.0,A,0.4,3.6,1.8,1.0,1490.3806960291233,1544.787964719025,-54.407268689901684,-7.0,-1.4,2.6
0.0,6.0,1.0,4.0,H,1.0,1.2,0.8,1.8,1589.2082094872003,1423.8031868095313,165.40502267766897,2.0,0.19999999999999996,-0.6000000000000001
0.0,1.0,9.0,10.0,A,0.6,2.6,1.6,0.4,1359.2585496226523,1732.226929075921,-372.96837945326865,-9.0,-1.0,2.2
6.0,10.0,7.0,13.0,A,1.6,1.4,1.8,0.6,1541.5061500226755,1547.2293751081993,-5.723225085523836,-3.0,-0.19999999999999996,0.7999999999999999
0.0,3.0,9.0,15.0,A,0.6,1.8,2.6,0.2,1512.9292653759069,1809.0535846988337,-296.1243193229268,-12.0,-2.0,1.6
3.0,4.0,1.0,7.0,H,0.8,1.4,1.0,1.4,1472.41788180835,1488.9498318854753,-16.531950077125202,-3.0,-0.19999999999999996,0.0
4.0,8.0,6.0,9.0,H,1.6,1.4,2.4,1.0,1694.846511011536,1642.5405703513393,52.30594066019671,-1.0,-0.7999999999999998,0.3999999999999999
9.0,13.0,6.0,7.0,H,1.6,0.8,1.2,1.2,1688.1164862482935,1594.5953859114422,93.5211003368513,6.0,0.40000000000000013,-0.3999999999999999
4.0,8.0,9.0,9.0,H,1.0,0.8,1.8,0.4,1623.4062416282918,1539.3980504470603,84.0081911812315,-1.0,-0.8,0.4
3.0,7.0,1.0,4.0,A,1.2,1.4,0.8,2.2,1525.9490873993323,1439.3602494328745,86.58883796645773,3.0,0.3999999999999999,-0.8000000000000003
0.0,3.0,3.0,6.0,A,0.8,2.2,1.4,1.2,1496.9602134247705,1599.7337960643497,-102.77358263957922,-3.0,-0.5999999999999999,1.0000000000000002
9.0,13.0,9.0,13.0,H,2.2,0.4,1.6,0.6,1735.4746582120679,1543.9816459720523,191.49301224001556,0.0,0.6000000000000001,-0.19999999999999996
0.0,0.0,0.0,0.0,H,0.4,3.6,0.6,3.0,1494.5624079779664,1355.0768376738092,139.48557030415714,0.0,-0.19999999999999996,0.6000000000000001
7.0,8.0,6.0,12.0,D,1.4,0.6,2.6,0.8,1536.7588719278804,1841.2426910589093,-304.4838191310289,-4.0,-1.2000000000000002,-0.20000000000000007
0.0,0.0,6.0,9.0,A,0.2,2.2,2.8,1.2,1503.7794896078685,1651.6903461193776,-147.9108565115091,-9.0,-2.5999999999999996,1.0000000000000002
9.0,15.0,9.0,15.0,A,2.0,0.8,2.6,0.2,1678.718375974669,1818.4516949724582,-139.73331899778918,0.0,-0.6000000000000001,0.6000000000000001
0.0,3.0,6.0,10.0,H,0.6,1.8,1.4,0.8,1505.4470771259823,1535.4947822708405,-30.047705144858128,-7.0,-0.7999999999999999,1.0
6.0,6.0,3.0,3.0,A,1.2,1.0,0.4,3.0,1584.43102403444,1509.865180007876,74.56584402656404,3.0,0.7999999999999999,-2.0
6.0,9.0,6.0,12.0,A,2.0,0.6,1.8,1.2,1530.524973236316,1687.5914531854132,-157.06647994909713,-3.0,0.19999999999999996,-0.6
6.0,9.0,6.0,8.0,H,2.6,0.8,1.2,1.0,1658.1571542726615,1616.939433475008,41.217720797653556,1.0,1.4000000000000001,-0.19999999999999996
6.0,7.0,6.0,7.0,H,1.2,1.2,1.2,1.0,1598.9499438895625,1468.0633238302298,130.8866200593327,0.0,0.0,0.19999999999999996
9.0,15.0,3.0,4.0,H,2.8,0.2,1.0,2.4,1819.6445670289847,1438.167377376348,381.47718965263675,11.0,1.7999999999999998,-2.1999999999999997
0.0,0.0,0.0,0.0,D,0.2,2.2,0.8,2.6,1497.6363317492521,1361.2199955324256,136.4163362168265,0.0,-0.6000000000000001,-0.3999999999999999
0.0,4.0,7.0,10.0,A,0.4,1.8,2.2,0.8,1485.1569193503458,1845.0356035940388,-359.878684243693,-6.0,-1.8000000000000003,1.0
9.0,15.0,6.0,6.0,A,2.2,0.2,1.4,1.4,1717.627626616941,1485.9103554253568,231.71727119158413,9.0,0.8000000000000003,-1.2
6.0,6.0,0.0,6.0,D,1.0,2.2,1.2,1.6,1507.4957769019222,1528.318490505286,-20.82271360336381,0.0,-0.19999999999999996,0.6000000000000001
6.0,6.0,3.0,9.0,H,1.4,1.2,2.0,0.6,1590.2699318903944,1524.6860653803617,65.58386651003275,-3.0,-0.6000000000000001,0.6
4.0,10.0,6.0,9.0,D,2.0,1.6,1.2,1.0,1689.7383332603501,1604.0581216407484,85.68021161960178,1.0,0.8,0.6000000000000001
6.0,12.0,3.0,9.0,H,3.2,0.8,1.2,0.8,1662.5022119197135,1531.1497246237884,131.35248729592513,3.0,2.0,0.0
3.0,7.0,3.0,3.0,H,1.0,1.2,0.2,1.8,1621.5071512810787,1500.8793593199116,120.62779196116708,4.0,0.8,-0.6000000000000001
5.0,8.0,6.0,12.0,H,1.4,0.6,1.6,1.0,1548.2116002823227,1676.138724830971,-127.92712454864818,-4.0,-0.20000000000000018,-0.4
0.0,1.0,3.0,3.0,H,0.2,2.2,0.4,1.8,1492.7776988798778,1493.2585797903796,-0.4808809105018099,-2.0,-0.2,0.40000000000000013
0.0,6.0,6.0,9.0,H,1.0,1.8,1.8,1.2,1539.9785094819138,1581.441147032269,-41.46263755035534,-3.0,-0.8,0.6000000000000001
3.0,3.0,4.0,8.0,H,0.8,2.2,1.8,1.8,1505.9662473253034,1677.0306657254264,-171.06441840012303,-5.0,-1.0,0.40000000000000013
3.0,9.0,1.0,1.0,A,1.2,1.4,0.2,1.6,1659.489453415072,1514.285603165151,145.20385024992083,8.0,1.0,-0.20000000000000018
1.0,4.0,6.0,12.0,A,1.0,1.8,2.0,1.0,1520.833854927906,1725.112262194321,-204.2784072664149,-8.0,-1.0,0.8
3.0,4.0,7.0,7.0,A,0.8,2.0,1.2,1.6,1427.2868639470557,1518.3762903312145,-91.08942638415874,-3.0,-0.3999999999999999,0.3999999999999999
0.0,6.0,9.0,12.0,A,1.8,1.0,3.4,1.0,1515.7702236322393,1671.418053667836,-155.6478300355966,-6.0,-1.5999999999999999,0.0
7.0,10.0,9.0,15.0,D,1.8,0.8,2.6,0.0,1841.5754994118552,1823.1046712111684,18.47082820068681,-5.0,-0.8,0.8
1.0,1.0,3.0,3.0,H,0.6,2.0,0.6,2.4,1372.1258095817964,1481.871884830507,-109.74607524871067,-2.0,0.0,-0.3999999999999999
6.0,9.0,6.0,9.0,H,2.0,1.2,1.2,1.2,1496.9313435631575,1610.486163143278,-113.55481958012047,0.0,0.8,0.0
4.0,10.0,7.0,11.0,H,1.2,0.8,2.0,0.4,1609.850956285094,1542.418765637977,67.43219064711707,-1.0,-0.8,0.4
9.0,12.0,4.0,4.0,A,3.2,1.0,0.6,1.4,1655.1260783561097,1530.5775784768773,124.5484998792324,8.0,2.6,-0.3999999999999999
4.0,5.0,4.0,4.0,H,1.0,1.6,1.0,1.6,1678.8027146712614,1370.3537606359614,308.44895403529995,1.0,0.0,0.0
1.0,1.0,3.0,6.0,H,0.6,3.0,0.8,1.4,1531.9418842571101,1648.3814240858678,-116.43953982875769,-5.0,-0.20000000000000007,1.6
3.0,3.0,6.0,12.0,A,0.8,2.6,2.4,0.8,1416.415378221345,1507.8028292888682,-91.38745106752322,-9.0,-1.5999999999999999,1.8
3.0,6.0,7.0,10.0,H,0.8,1.6,1.2,1.0,1549.1135357175383,1600.7159300494695,-51.60239433193124,-4.0,-0.3999999999999999,0.6000000000000001
3.0,6.0,3.0,3.0,D,1.0,1.6,0.6,2.4,1604.715822395762,1487.642225578023,117.07359681773892,3.0,0.4,-0.7999999999999998
7.0,13.0,4.0,7.0,H,1.8,0.4,1.6,2.0,1827.0409894343516,1674.8663964480781,152.1745929862734,6.0,0.19999999999999996,-1.6
6.0,12.0,0.0,3.0,A,3.0,1.0,0.4,1.6,1710.4231619075167,1663.070524372672,47.35263753484469,9.0,2.6,-0.6000000000000001
3.0,6.0,4.0,7.0,D,1.0,1.2,1.2,1.4,1505.815142548629,1600.867034826144,-95.05189227751498,-1.0,-0.19999999999999996,-0.19999999999999996
6.0,6.0,4.0,8.0,H,0.8,1.6,1.4,0.6,1556.135640841469,1535.3966605140463,20.738980327422723,-2.0,-0.5999999999999999,1.0
5.0,11.0,7.0,7.0,H,1.8,0.6,0.6,1.0,1843.2917130027886,1528.8613648859439,314.4303481168447,4.0,1.2000000000000002,-0.4
4.0,4.0,4.0,4.0,H,0.8,1.8,0.8,2.2,1496.0526361536947,1523.5314736814385,-27.478837527743735,0.0,0.0,-0.40000000000000013
4.0,4.0,9.0,9.0,A,1.2,1.6,1.0,1.4,1362.7737856766105,1563.71561580082,-200.94183012420945,-5.0,0.19999999999999996,0.20000000000000018
9.0,12.0,6.0,12.0,D,2.2,0.8,2.8,0.6,1509.1565406832276,1653.7723669617503,-144.61582627852272,0.0,-0.5999999999999996,0.20000000000000007
7.0,11.0,0.0,3.0,H,2.2,0.6,0.6,2.4,1844.2109043740531,1415.4961868500804,428.7147175239727,8.0,1.6,-1.7999999999999998
4.0,8.0,0.0,3.0,D,1.4,1.2,1.0,1.8,1595.9922198143504,1520.6450386440329,75.34718117031753,5.0,0.3999999999999999,-0.6000000000000001
3.0,6.0,3.0,7.0,H,1.2,1.6,1.4,2.0,1670.5849760934077,1667.3519447273425,3.2330313660652337,-1.0,-0.19999999999999996,-0.3999999999999999
6.0,7.0,3.0,4.0,D,0.6,1.2,0.6,2.2,1525.9193124452895,1526.4735261220928,-0.5542136768033288,3.0,0.0,-1.0000000000000002
4.0,7.0,3.0,9.0,H,1.2,1.4,1.8,1.0,1505.6323314512754,1571.8614517346884,-66.22912028341307,-2.0,-0.6000000000000001,0.3999999999999999
3.0,9.0,4.0,7.0,H,2.6,1.8,1.2,1.6,1715.1093107025065,1600.0296736007722,115.0796371017343,2.0,1.4000000000000001,0.19999999999999996
7.0,13.0,4.0,7.0,H,2.4,0.4,1.2,1.2,1828.6670532526366,1504.189078730344,324.4779745222927,6.0,1.2,-0.7999999999999999
3.0,7.0,7.0,10.0,D,1.2,0.6,1.8,1.4,1532.150380040828,1521.6225708044328,10.527809236395115,-3.0,-0.6000000000000001,-0.7999999999999999
3.0,4.0,6.0,9.0,D,1.0,2.2,2.2,1.6,1665.8595119239408,1716.6017435059082,-50.74223158196742,-5.0,-1.2000000000000002,0.6000000000000001
9.0,12.0,7.0,13.0,A,1.6,1.2,2.4,0.4,1558.136056114739,1834.2466129387176,-276.11055682397864,-1.0,-0.7999999999999998,0.7999999999999999
1.0,1.0,3.0,4.0,H,0.4,1.8,1.0,1.6,1524.3402344427457,1359.0785898778977,165.26164456484798,-3.0,-0.6,0.19999999999999996
4.0,5.0,1.0,5.0,A,0.8,2.2,0.8,0.6,1513.823476038538,1544.8004301243827,-30.97695408584468,0.0,0.0,1.6
0.0,3.0,7.0,10.0,A,0.8,2.6,1.4,1.0,1405.2123585228974,1515.9161597784585,-110.70380125556107,-7.0,-0.5999999999999999,1.6
3.0,6.0,4.0,8.0,A,1.0,1.2,1.0,1.2,1557.8916820326137,1539.8890821473642,18.002599885249538,-2.0,0.0,0.0
5.0,11.0,7.0,11.0,A,1.8,0.8,2.4,0.6,1517.2760634436147,1848.5574117348713,-331.28134829125656,0.0,-0.5999999999999999,0.20000000000000007
4.0,10.0,2.0,6.0,H,2.4,0.6,1.0,1.0,1659.5195057805063,1590.2450809955944,69.27442478491184,4.0,1.4,-0.4
1.0,4.0,6.0,6.0,A,0.8,1.6,1.6,1.8,1589.1842102462826,1681.4304394478972,-92.2462292016146,-2.0,-0.8,-0.19999999999999996
4.0,4.0,4.0,7.0,H,1.0,1.6,2.2,1.8,1517.3162087834935,1703.4746134527586,-186.1584046692651,-3.0,-1.2000000000000002,-0.19999999999999996
1.0,4.0,7.0,10.0,H,1.0,2.2,1.8,0.8,1669.5750100763437,1505.4410425308247,164.133967545519,-6.0,-0.8,1.4000000000000001
9.0,13.0,4.0,10.0,D,2.2,0.4,2.4,0.6,1827.6583994519913,1666.1077192672326,161.55068018475868,3.0,-0.19999999999999973,-0.19999999999999996
4.0,10.0,4.0,7.0,H,1.6,1.2,1.6,2.0,1550.7414386354137,1658.7226535882942,-107.98121495288046,3.0,0.0,-0.8
4.0,7.0,0.0,0.0,H,1.2,0.8,0.6,2.8,1548.8232453026578,1401.1895433446223,147.63370195803554,7.0,0.6,-1.9999999999999998
9.0,10.0,4.0,4.0,A,1.2,0.8,0.6,1.4,1503.3397809048668,1536.9166133163374,-33.576832411470605,6.0,0.6,-0.5999999999999999
4.0,10.0,1.0,4.0,H,1.6,1.0,0.8,2.4,1512.863544718045,1506.4009738513178,6.462570866727219,6.0,0.8,-1.4
4.0,7.0,0.0,3.0,D,2.0,1.2,0.8,1.8,1697.3876705999432,1563.978624885429,133.40904571451415,4.0,1.2,-0.6000000000000001
9.0,9.0,4.0,8.0,H,2.0,1.4,1.4,1.4,1685.0179183614594,1513.6885845300526,171.32933383140676,1.0,0.6000000000000001,0.0
2.0,5.0,4.0,7.0,A,1.0,1.4,1.0,1.2,1575.641785986834,1531.9195037922539,43.7222821945802,-2.0,0.0,0.19999999999999996
0.0,4.0,1.0,4.0,A,0.8,1.6,0.8,1.4,1352.6575791622913,1595.605220961889,-242.9476417995977,0.0,0.0,0.20000000000000018
9.0,13.0,6.0,12.0,H,3.2,0.6,1.4,0.4,1850.468811672888,1556.2246561767222,294.24415549616583,1.0,1.8000000000000003,0.19999999999999996
7.0,7.0,7.0,11.0,A,1.2,1.4,2.0,0.6,1531.9143093178807,1832.660703450448,-300.7463941325673,-4.0,-0.8,0.7999999999999999
0.0,0.0,6.0,10.0,D,0.6,2.6,1.0,0.8,1402.071723461251,1531.0373236756252,-128.96560021437426,-10.0,-0.4,1.8
1.0,4.0,9.0,13.0,A,0.8,1.6,3.8,0.6,1558.883954271492,1855.563482286825,-296.67952801533306,-9.0,-3.0,1.0
1.0,5.0,2.0,5.0,A,1.0,1.4,1.2,1.6,1506.0520914660135,1705.0241636639823,-198.97207219796883,0.0,-0.19999999999999996,-0.20000000000000018
1.0,2.0,0.0,3.0,H,0.8,1.6,0.8,2.4,1578.3376039244997,1349.9617612246257,228.37584269987406,-1.0,0.0,-0.7999999999999998
5.0,8.0,9.0,12.0,H,1.6,0.6,2.2,1.2,1673.8152430605467,1677.3103945681453,-3.495151507598621,-4.0,-0.6000000000000001,-0.6
1.0,1.0,0.0,0.0,D,0.6,2.4,0.4,3.0,1551.7742200499388,1357.071495446179,194.70272460375986,1.0,0.19999999999999996,-0.6000000000000001
7.0,8.0,6.0,10.0,H,1.4,0.6,1.4,1.0,1677.2968460364605,1499.858177928953,177.4386681075075,-2.0,0.0,-0.4
6.0,7.0,7.0,7.0,D,1.2,1.4,0.8,0.8,1529.5673318888712,1551.1702227316673,-21.602890842796114,0.0,0.3999999999999999,0.5999999999999999
0.0,4.0,7.0,10.0,D,0.8,1.8,2.0,1.0,1504.4734367142864,1552.3200933871408,-47.84665667285435,-6.0,-1.2,0.8
1.0,1.0,3.0,5.0,A,0.6,2.0,1.2,1.2,1394.2322413901468,1586.1770859956039,-191.9448446054571,-4.0,-0.6,0.8
3.0,4.0,9.0,15.0,D,1.2,1.2,4.4,0.4,1599.909297246147,1851.2594060025672,-251.35010875642024,-11.0,-3.2,0.7999999999999999
7.0,8.0,4.0,10.0,A,0.8,0.8,1.4,0.8,1517.761376003565,1526.1394923901053,-8.378116386540341,-2.0,-0.5999999999999999,0.0
3.0,9.0,6.0,12.0,H,1.2,1.4,2.2,1.6,1566.8308084957835,1666.704242249084,-99.87343375330056,-3.0,-1.0000000000000002,-0.20000000000000018
1.0,4.0,7.0,13.0,A,0.8,1.8,2.0,0.4,1502.1259335202576,1836.935743781508,-334.8098102612505,-9.0,-1.2,1.4
4.0,7.0,7.0,8.0,H,1.0,1.2,0.8,0.6,1525.867858317592,1543.0637404176402,-17.195882100048266,-1.0,0.19999999999999996,0.6
4.0,8.0,3.0,9.0,D,1.4,0.8,1.2,1.0,1525.99829620381,1503.4272136140141,22.57108258979588,-1.0,0.19999999999999996,-0.19999999999999996
4.0,8.0,6.0,7.0,D,1.4,0.8,2.0,1.2,1699.4443816130051,1591.756868046581,107.68751356642406,1.0,-0.6000000000000001,-0.3999999999999999
1.0,1.0,7.0,11.0,A,0.2,2.6,1.6,0.4,1352.678536092261,1681.6898053903783,-329.0112692981172,-10.0,-1.4000000000000001,2.2
7.0,13.0,2.0,8.0,H,4.2,0.8,1.6,1.0,1852.8511049657357,1524.4065972406415,328.4445077250941,5.0,2.6,-0.19999999999999996
7.0,13.0,2.0,2.0,H,1.6,0.6,0.8,2.4,1838.9001309737641,1549.8098328576827,289.0902981160814,11.0,0.8,-1.7999999999999998
7.0,7.0,0.0,1.0,H,2.2,1.4,0.8,2.2,1596.7831973778639,1497.0996041889748,99.68359318888906,6.0,1.4000000000000001,-0.8000000000000003
4.0,8.0,4.0,4.0,H,1.2,1.0,1.0,2.4,1553.5141352466842,1648.2722587592502,-94.75812351256604,4.0,0.19999999999999996,-1.4
5.0,6.0,1.0,1.0,H,1.4,1.0,0.6,2.6,1701.2135758403347,1392.4630471628172,308.7505286775174,5.0,0.7999999999999999,-1.6
1.0,7.0,3.0,9.0,A,1.0,1.2,1.2,1.2,1492.3777627627476,1577.88025934705,-85.50249658430243,-2.0,-0.19999999999999996,0.0
7.0,8.0,4.0,5.0,H,2.0,1.2,1.6,1.2,1560.8229286372737,1591.406461996014,-30.583533358740397,3.0,0.3999999999999999,0.0
6.0,10.0,1.0,2.0,A,1.6,1.2,0.4,2.0,1512.7741135971892,1517.8388155072025,-5.064701910013355,8.0,1.2000000000000002,-0.8
3.0,9.0,4.0,10.0,H,1.4,1.6,1.6,1.2,1670.704014069619,1521.868086497057,148.835927572562,-1.0,-0.20000000000000018,0.40000000000000013
4.0,10.0,3.0,9.0,A,1.4,1.0,1.8,1.6,1544.0084964112461,1680.209652905057,-136.2011564938109,1.0,-0.40000000000000013,-0.6000000000000001
3.0,7.0,7.0,8.0,A,1.6,2.2,1.6,1.0,1514.1129414861246,1708.968720851267,-194.85577936514255,-1.0,0.0,1.2000000000000002
9.0,13.0,0.0,1.0,H,2.6,0.4,1.0,2.6,1684.9439185373697,1493.8454910419835,191.0984274953862,12.0,1.6,-2.2
9.0,11.0,2.0,5.0,H,1.6,1.2,1.6,1.6,1471.252819624731,1515.494099769732,-44.24128014500093,6.0,0.0,-0.40000000000000013
3.0,7.0,9.0,13.0,D,0.4,2.0,1.8,0.8,1420.0834777273,1831.5535498028296,-411.4700720755295,-6.0,-1.4,1.2
4.0,4.0,1.0,2.0,H,0.8,2.2,1.0,2.8,1525.9054290222257,1541.7432193426596,-15.837790320433896,2.0,-0.19999999999999996,-0.5999999999999996
7.0,10.0,6.0,7.0,D,2.8,1.0,1.4,1.4,1591.9322862674505,1517.6250247076025,74.30726155984803,3.0,1.4,-0.3999999999999999
3.0,4.0,7.0,11.0,A,1.0,1.8,2.6,0.8,1633.3459941263836,1575.7491932701403,57.59680085624336,-7.0,-1.6,1.0
4.0,4.0,7.0,13.0,A,1.6,1.6,3.8,1.0,1585.7453302022157,1858.512236759534,-272.7669065573184,-9.0,-2.1999999999999997,0.6000000000000001
7.0,13.0,9.0,13.0,H,3.4,1.0,2.0,1.2,1859.6534460486546,1470.1116103356105,389.54183571304407,0.0,1.4,-0.19999999999999996
1.0,2.0,3.0,4.0,H,1.0,1.8,1.2,2.2,1522.6562073092823,1506.9508339465742,15.705373362708087,-2.0,-0.19999999999999996,-0.40000000000000013
6.0,9.0,5.0,11.0,H,1.8,1.4,3.0,1.0,1685.2653604308732,1586.8765787416344,98.38878168923884,-2.0,-1.2,0.3999999999999999
7.0,13.0,9.0,9.0,D,2.6,0.6,1.2,1.4,1573.0045135750752,1580.624939042115,-7.620425467039922,4.0,1.4000000000000001,-0.7999999999999999
0.0,0.0,7.0,7.0,D,0.8,3.0,1.2,1.6,1491.914568352567,1527.8363517116422,-35.921783359075334,-7.0,-0.3999999999999999,1.4
1.0,2.0,4.0,5.0,D,1.2,2.6,0.8,2.0,1536.1079387174582,1425.7187583525015,110.3891803649567,-3.0,0.3999999999999999,0.6000000000000001
4.0,7.0,0.0,4.0,H,1.8,1.8,1.0,1.6,1528.0772020214388,1622.8938168125474,-94.81661479110858,3.0,0.8,0.19999999999999996
7.0,11.0,9.0,13.0,D,1.8,0.8,2.8,0.4,1705.5432791143428,1688.369360274294,17.173918840048827,-2.0,-0.9999999999999998,0.4
7.0,11.0,3.0,7.0,D,2.0,1.2,1.0,1.2,1823.4937651435425,1552.0682810705332,271.42548407300933,4.0,1.0,0.0
6.0,12.0,9.0,9.0,A,1.2,1.8,2.2,1.6,1463.3097434435865,1692.0672273228972,-228.7574838793107,3.0,-1.0000000000000002,0.19999999999999996
4.0,8.0,1.0,1.0,A,2.8,1.8,1.0,3.0,1571.7883081924253,1507.002838901776,64.78546929064942,7.0,1.7999999999999998,-1.2
2.0,5.0,4.0,10.0,H,0.8,1.6,2.6,1.2,1435.78663877532,1518.0093215986203,-82.22268282330037,-5.0,-1.8,0.40000000000000013
4.0,5.0,3.0,5.0,H,1.0,1.4,1.2,1.6,1558.5067091330334,1516.2177792467821,42.28892988625125,0.0,-0.19999999999999996,-0.20000000000000018
7.0,13.0,1.0,2.0,H,3.0,0.6,0.8,2.2,1692.162829069012,1532.31446992274,159.84835914627206,11.0,2.2,-1.6
7.0,8.0,7.0,11.0,H,1.4,1.6,1.8,0.8,1540.036374614767,1693.343256211218,-153.30688159645092,-3.0,-0.40000000000000013,0.8
0.0,4.0,7.0,11.0,A,1.4,1.6,2.0,0.6,1572.6096813162972,1586.1401624609937,-13.530481144696523,-7.0,-0.6000000000000001,1.0
7.0,10.0,9.0,13.0,D,1.2,1.2,3.2,1.0,1585.3654703878226,1854.912914702947,-269.5474443151245,-3.0,-2.0,0.19999999999999996
0.0,3.0,5.0,11.0,H,0.8,2.2,2.0,1.2,1635.7110219392866,1810.6765600168033,-174.9655380775166,-8.0,-1.2,1.0000000000000002
2.0,8.0,3.0,9.0,H,1.8,1.4,1.0,2.0,1812.0915269678253,1461.8947764925645,350.19675047526084,-1.0,0.8,-0.6000000000000001
7.0,11.0,4.0,7.0,H,2.8,1.4,1.4,1.4,1856.765581427092,1556.6540424088885,300.11153901820353,4.0,1.4,0.0
4.0,8.0,1.0,5.0,H,1.2,1.4,2.0,2.0,1697.7100343011887,1567.4215301024547,130.28850419873402,3.0,-0.8,-0.6000000000000001
9.0,12.0,5.0,8.0,H,2.8,1.0,1.2,1.4,1694.3464246095514,1433.5074414886658,260.8389831208856,4.0,1.5999999999999999,-0.3999999999999999
4.0,7.0,1.0,4.0,D,2.4,1.8,1.2,2.2,1514.9173991555183,1510.0427563896762,4.874642765842054,3.0,1.2,-0.40000000000000013
4.0,4.0,3.0,3.0,A,1.4,2.6,0.6,2.4,1497.8272514537332,1644.8866093873294,-147.05935793359617,1.0,0.7999999999999999,0.20000000000000018
7.0,11.0,7.0,11.0,H,1.6,0.6,2.0,1.0,1592.1664740731383,1534.0100630026225,58.15641107051579,0.0,-0.3999999999999999,-0.4
1.0,2.0,5.0,11.0,D,0.6,1.4,1.8,0.8,1530.9713344375236,1586.708605873039,-55.73727143551537,-9.0,-1.2000000000000002,0.5999999999999999
3.0,4.0,0.0,1.0,A,1.2,2.0,0.6,2.0,1504.969187113793,1583.8582734492863,-78.8890863354934,3.0,0.6,0.0
4.0,7.0,4.0,5.0,D,1.4,1.6,2.0,1.6,1552.7867285304492,1518.7847130339576,34.002015496491595,2.0,-0.6000000000000001,0.0
4.0,5.0,7.0,13.0,H,1.2,1.6,1.6,0.4,1445.1799229142794,1580.4939926475247,-135.31406973324533,-8.0,-0.40000000000000013,1.2000000000000002
4.0,4.0,4.0,10.0,H,1.2,2.4,1.4,1.4,1510.6254421252825,1684.9118436296394,-174.28640150435695,-6.0,-0.19999999999999996,1.0
4.0,10.0,2.0,2.0,D,1.8,1.0,0.8,2.0,1530.586082032373,1513.4667373599257,17.11934467244737,8.0,1.0,-1.0
9.0,15.0,3.0,3.0,H,3.2,0.8,1.0,2.0,1697.5261522988699,1501.7894594244744,195.73669287439543,12.0,2.2,-1.2
0.0,6.0,2.0,2.0,D,1.0,3.4,0.6,1.4,1461.0070711387375,1531.8590397913506,-70.8519686526131,4.0,0.4,2.0
3.0,3.0,7.0,13.0,D,0.4,1.6,2.8,0.6,1584.0972522640682,1691.9238502542303,-107.8265979901621,-10.0,-2.4,1.0
4.0,8.0,3.0,9.0,H,3.2,1.2,1.6,1.0,1814.7553003381433,1584.044832502721,230.71046783542238,-1.0,1.6,0.19999999999999996
0.0,4.0,6.0,6.0,A,2.0,2.2,0.8,1.6,1556.7738309626295,1655.5343085271545,-98.76047756452499,-2.0,1.2,0.6000000000000001
0.0,3.0,7.0,13.0,D,0.8,1.8,3.8,1.0,1508.043794646244,1850.5112462053225,-342.46745155907865,-10.0,-3.0,0.8
7.0,11.0,6.0,8.0,H,2.0,0.8,1.6,1.4,1694.316282027565,1442.7874911409447,251.5287908866203,3.0,0.3999999999999999,-0.5999999999999999
1.0,4.0,1.0,4.0,A,0.4,2.2,0.4,3.2,1486.2000499887263,1474.8070211500112,11.393028838715054,0.0,0.0,-1.0
2.0,3.0,6.0,7.0,H,0.4,0.8,1.4,1.8,1538.5047030250134,1503.9797788916196,34.524924133393824,-4.0,-0.9999999999999999,-1.0
3.0,7.0,4.0,4.0,H,1.2,1.6,0.4,1.2,1689.699807543732,1579.3092883499755,110.39051919375652,3.0,0.7999999999999999,0.40000000000000013
2.0,6.0,4.0,8.0,H,2.0,1.4,1.6,1.0,1526.2993131950468,1523.0714818712838,3.2278313237629845,-2.0,0.3999999999999999,0.3999999999999999
2.0,6.0,4.0,5.0,D,1.4,1.2,1.4,1.8,1580.436955421464,1556.394605611706,24.04234980975798,1.0,0.0,-0.6000000000000001
3.0,3.0,6.0,8.0,D,0.8,1.2,3.0,1.2,1518.6887024866164,1809.5333352114526,-290.8446327248362,-5.0,-2.2,0.0
6.0,10.0,0.0,1.0,H,1.2,0.6,1.2,2.2,1587.0762926587156,1550.1915309514386,36.88476170727699,9.0,0.0,-1.6
9.0,9.0,9.0,15.0,H,1.0,1.4,2.6,0.8,1663.8800424961619,1689.1804183298625,-25.300375833700627,-6.0,-1.6,0.5999999999999999
1.0,4.0,3.0,7.0,H,1.0,1.6,1.2,1.2,1515.1350589165695,1496.888514621294,18.2465442952755,-3.0,-0.19999999999999996,0.40000000000000013
0.0,4.0,3.0,7.0,A,0.8,2.4,1.4,1.4,1472.291790423669,1456.695750706002,15.596039717667054,-3.0,-0.5999999999999999,1.0
2.0,4.0,4.0,4.0,D,1.0,1.2,0.6,3.6,1575.124703214647,1480.1192733568282,95.00542985781885,0.0,0.4,-2.4000000000000004
7.0,11.0,0.0,0.0,H,1.6,0.8,1.2,2.8,1698.255826310454,1546.2519866685495,152.0038396419045,11.0,0.40000000000000013,-1.9999999999999998
5.0,6.0,7.0,11.0,A,0.4,0.4,3.6,1.2,1533.9474090351555,1855.0685401951805,-321.121131160025,-5.0,-3.2,-0.7999999999999999
5.0,8.0,6.0,12.0,A,2.6,1.4,2.4,1.4,1518.0896710819723,1697.390060442937,-179.3003893609648,-4.0,0.20000000000000018,0.0
3.0,4.0,4.0,4.0,H,0.8,1.0,0.6,1.2,1527.5601006208901,1570.4378902157018,-42.8777895948117,0.0,0.20000000000000007,-0.19999999999999996
1.0,4.0,4.0,5.0,H,0.6,1.2,0.4,1.0,1576.699734183063,1527.6855650677944,49.01416911526849,-1.0,0.19999999999999996,0.19999999999999996
6.0,12.0,7.0,13.0,H,2.2,1.0,2.4,0.8,1704.6117397406529,1691.0341470127382,13.577592727914634,-1.0,-0.19999999999999973,0.19999999999999996
5.0,5.0,4.0,5.0,D,0.8,3.0,1.8,2.0,1478.3526484764764,1519.856295962324,-41.50364748584775,0.0,-1.0,1.0
2.0,6.0,6.0,7.0,A,1.4,1.4,1.4,1.8,1547.3502808894789,1698.7441322659593,-151.39385137648037,-1.0,0.0,-0.40000000000000013
6.0,9.0,2.0,4.0,A,2.0,1.8,1.2,1.4,1447.2256816972026,1584.5947722234464,-137.36909052624378,5.0,0.8,0.40000000000000013
7.0,8.0,6.0,10.0,D,2.6,0.8,1.8,0.8,1802.2362390414823,1594.3733888286858,207.8628502127965,-2.0,0.8,0.0
3.0,6.0,5.0,7.0,A,0.8,1.0,0.8,0.6,1484.919151707562,1539.5294635346222,-54.610311827060286,-1.0,0.0,0.4
1.0,5.0,4.0,4.0,D,1.6,1.8,0.8,1.4,1520.061053277898,1518.1454875099553,1.9155657679427804,1.0,0.8,0.40000000000000013
7.0,11.0,9.0,12.0,H,3.4,1.2,1.4,1.2,1858.2204845635895,1660.728098127753,197.49238643583658,-1.0,2.0,0.0
0.0,0.0,0.0,1.0,H,1.2,3.2,1.0,3.0,1551.6253298721463,1466.9184472200723,84.706882652074,-1.0,0.19999999999999996,0.20000000000000018
5.0,6.0,3.0,3.0,H,0.8,2.4,1.8,2.8,1487.5848883022384,1542.3930900463843,-54.80820174414589,3.0,-1.0,-0.3999999999999999
6.0,9.0,3.0,5.0,H,1.4,1.6,0.4,1.2,1702.2160937468243,1524.2136035869294,178.00249015989493,4.0,0.9999999999999999,0.40000000000000013
7.0,13.0,0.0,3.0,H,4.0,1.2,0.6,1.2,1859.4512977084287,1483.6883385627227,375.76295914570596,10.0,3.4,0.0
5.0,6.0,4.0,6.0,H,1.4,1.0,1.4,1.4,1590.1792650360185,1514.271803149752,75.90746188626645,0.0,0.0,-0.3999999999999999
4.0,10.0,6.0,10.0,A,2.4,1.4,2.4,1.4,1584.2772806826065,1701.1302551588176,-116.8529744762111,0.0,0.0,0.0
7.0,9.0,6.0,12.0,A,1.0,0.6,2.0,1.6,1530.1388532646758,1670.1187083976993,-139.97985513302342,-3.0,-1.0,-1.0
6.0,12.0,5.0,8.0,H,2.2,1.2,3.0,1.2,1714.5433683998253,1792.3046103823099,-77.76124198248453,4.0,-0.7999999999999998,0.0
2.0,5.0,2.0,5.0,H,1.4,1.6,1.2,1.4,1553.8421745955766,1513.5691595718004,40.273015023776225,0.0,0.19999999999999996,0.20000000000000018
3.0,7.0,3.0,6.0,H,1.0,0.8,1.6,2.2,1580.9129104467384,1443.0125054335272,137.90040501321118,1.0,-0.6000000000000001,-1.4000000000000001
0.0,0.0,5.0,5.0,D,0.8,3.6,0.6,0.8,1465.5237978045416,1519.540136925486,-54.016339120944394,-5.0,0.20000000000000007,2.8
1.0,5.0,4.0,7.0,H,1.4,2.2,2.0,1.6,1523.4106297959559,1575.1384540364027,-51.72782424044681,-2.0,-0.6000000000000001,0.6000000000000001
3.0,3.0,4.0,5.0,D,1.8,2.8,1.2,1.6,1539.8981793882729,1556.337085253688,-16.43890586541511,-2.0,0.6000000000000001,1.1999999999999997
3.0,6.0,5.0,9.0,D,1.6,2.4,1.2,0.8,1441.4305682515176,1489.166825484248,-47.736257232730395,-3.0,0.40000000000000013,1.5999999999999999
0.0,4.0,1.0,1.0,H,0.2,1.6,1.0,3.4,1529.9393197362176,1459.7980816552533,70.14123808096429,3.0,-0.8,-1.7999999999999998
6.0,10.0,6.0,8.0,H,2.2,1.4,1.0,0.8,1704.6033261253763,1526.6657822981172,177.9375438272591,2.0,1.2000000000000002,0.5999999999999999
2.0,8.0,9.0,13.0,H,3.2,1.4,4.0,0.8,1801.3618243281562,1850.3940837625823,-49.03225943442612,-5.0,-0.7999999999999998,0.5999999999999999
0.0,3.0,6.0,7.0,D,0.6,1.8,1.4,1.0,1483.6084570193027,1580.9927919901584,-97.38433497085566,-4.0,-0.7999999999999999,0.8
5.0,6.0,9.0,12.0,A,0.8,0.8,2.0,1.0,1511.8758215658177,1709.8804091064926,-198.00458754067495,-6.0,-1.2,-0.19999999999999996
1.0,2.0,9.0,12.0,A,0.8,1.8,2.4,1.4,1506.396278827106,1721.7162491445197,-215.31997031741366,-10.0,-1.5999999999999999,0.40000000000000013
6.0,12.0,7.0,8.0,D,2.0,1.6,2.2,1.0,1665.357875544048,1594.9400978896697,70.41777765437837,4.0,-0.20000000000000018,0.6000000000000001
1.0,4.0,1.0,1.0,D,1.8,2.0,1.0,2.4,1569.6285704998418,1465.3079651918142,104.32060530802755,3.0,0.8,-0.3999999999999999
4.0,6.0,3.0,6.0,H,0.8,0.8,0.4,1.6,1562.851499800184,1523.4249051897216,39.426594610462416,0.0,0.4,-0.8
5.0,9.0,1.0,1.0,A,1.6,1.2,0.4,1.8,1476.2187673082738,1496.556515195277,-20.33774788700316,8.0,1.2000000000000002,-0.6000000000000001
4.0,7.0,9.0,12.0,D,1.6,2.0,2.0,0.8,1525.8492856613036,1707.4417532411449,-181.59246757984124,-5.0,-0.3999999999999999,1.2
4.0,8.0,7.0,7.0,H,1.6,1.4,1.4,1.0,1804.0929487165693,1578.2616676017453,225.83128111482392,1.0,0.20000000000000018,0.3999999999999999
7.0,9.0,3.0,7.0,H,2.0,0.6,0.8,1.0,1600.4430321012353,1521.1628480865515,79.28018401468375,2.0,1.2,-0.4
4.0,10.0,6.0,12.0,H,1.8,1.6,2.4,1.2,1673.6268271791716,1696.3343744902527,-22.707547311081044,-2.0,-0.5999999999999999,0.40000000000000013
1.0,4.0,2.0,6.0,H,1.6,2.6,0.6,0.8,1450.5819601527173,1502.724429664618,-52.14246951190057,-2.0,1.0,1.8
4.0,4.0,1.0,2.0,H,1.8,2.6,0.8,1.8,1546.2342584629382,1500.0601997524407,46.17405871049755,2.0,1.0,0.8
6.0,10.0,1.0,5.0,H,2.8,1.0,1.6,1.6,1852.4037562480664,1567.6188980143577,284.78485823370875,5.0,1.1999999999999997,-0.6000000000000001
2.0,2.0,6.0,8.0,H,0.6,1.8,1.4,1.2,1481.2702728928903,1788.1306410154932,-306.86036812260295,-6.0,-0.7999999999999999,0.6000000000000001
0.0,6.0,7.0,8.0,H,0.8,1.2,1.0,0.8,1529.5000955248634,1554.5142523618722,-25.01415683700884,-2.0,-0.19999999999999996,0.3999999999999999
7.0,13.0,7.0,10.0,D,1.8,0.4,2.0,1.6,1703.7700347707516,1677.2985456495649,26.471489121186778,3.0,-0.19999999999999996,-1.2000000000000002
6.0,9.0,7.0,11.0,A,2.0,1.4,2.2,0.6,1681.2263078804735,1615.5510987110144,65.6752091694591,-2.0,-0.20000000000000018,0.7999999999999999
3.0,3.0,4.0,7.0,A,0.4,2.0,1.8,1.6,1511.239027425849,1558.4201362268109,-47.181108800961965,-4.0,-1.4,0.3999999999999999
4.0,4.0,9.0,12.0,D,0.6,1.6,2.2,1.2,1500.0107576518374,1718.2620066879592,-218.25124903612186,-8.0,-1.6,0.40000000000000013
0.0,1.0,4.0,7.0,A,0.6,2.0,2.0,2.2,1486.0050399870715,1464.6371199180865,21.367920068985086,-6.0,-1.4,-0.20000000000000018
1.0,5.0,4.0,5.0,H,0.4,1.2,0.6,1.6,1510.5472006225475,1518.026514703374,-7.479314080826498,0.0,-0.19999999999999996,-0.40000000000000013
4.0,7.0,4.0,6.0,H,1.2,0.8,1.0,1.0,1583.023929321249,1471.4565055887701,111.5674237324788,1.0,0.19999999999999996,-0.19999999999999996
7.0,10.0,6.0,12.0,A,2.2,0.4,3.2,1.0,1553.487507398267,1857.3363850766102,-303.8488776783431,-2.0,-1.0,-0.6
1.0,5.0,3.0,6.0,A,0.8,1.2,1.0,1.4,1464.5148442514665,1688.1679692177772,-223.65312496631077,-1.0,-0.19999999999999996,-0.19999999999999996
4.0,5.0,3.0,3.0,D,0.6,1.8,0.4,2.2,1515.0461880541661,1514.2193540750568,0.826833979109324,2.0,0.19999999999999996,-0.40000000000000013
1.0,2.0,5.0,11.0,H,0.8,1.8,1.6,0.4,1578.6556724610145,1692.7332603240948,-114.07758786308023,-9.0,-0.8,1.4
4.0,7.0,5.0,5.0,H,1.0,1.4,0.8,1.6,1560.3389519824545,1494.186058031255,66.15289395119953,2.0,0.19999999999999996,-0.20000000000000018
7.0,13.0,3.0,5.0,H,2.4,0.6,1.0,1.2,1620.2517927510803,1505.8465065824817,114.40528616859865,8.0,1.4,-0.6
7.0,7.0,3.0,6.0,D,2.0,2.2,1.2,1.2,1463.6292288826423,1530.5079865603075,-66.87875767766513,1.0,0.8,1.0000000000000002
6.0,7.0,0.0,1.0,A,1.4,1.4,0.6,1.6,1769.9286991169424,1504.2069818856223,265.7217172313201,6.0,0.7999999999999999,-0.20000000000000018
7.0,13.0,4.0,5.0,H,2.2,0.8,0.4,1.2,1720.7752267113274,1478.757052869522,242.01817384180526,8.0,1.8000000000000003,-0.3999999999999999
5.0,8.0,4.0,10.0,H,1.6,1.6,1.6,0.6,1682.224952267353,1578.0975227034608,104.12742956389229,-2.0,0.0,1.0
1.0,4.0,4.0,4.0,A,0.6,2.0,1.0,1.4,1503.199309115601,1589.6757174204704,-86.47640830486944,0.0,-0.4,0.6000000000000001
4.0,5.0,2.0,5.0,D,0.4,1.4,0.8,2.0,1476.9435880253302,1516.859652898358,-39.916064873027835,0.0,-0.4,-0.6000000000000001
4.0,4.0,6.0,7.0,A,0.8,1.0,1.4,0.6,1518.32677309097,1565.6687208676046,-47.3419477766347,-3.0,-0.5999999999999999,0.4
3.0,3.0,0.0,4.0,H,1.0,1.8,1.2,1.8,1510.389826160493,1458.3319999765959,52.05782618389708,-1.0,-0.19999999999999996,0.0
6.0,12.0,7.0,8.0,H,2.8,1.0,1.8,1.4,1858.4383044221042,1462.5273095371483,395.9109948849559,4.0,0.9999999999999998,-0.3999999999999999
2.0,8.0,7.0,13.0,A,1.4,1.0,2.6,0.8,1680.6912559553994,1732.8172310800228,-52.12597512462344,-5.0,-1.2000000000000002,0.19999999999999996
3.0,4.0,7.0,11.0,H,1.0,2.0,1.2,0.4,1518.0101129499085,1670.0613458999262,-152.05123295001772,-7.0,-0.19999999999999996,1.6
4.0,5.0,9.0,13.0,A,0.6,1.4,2.4,0.4,1484.9348857892996,1629.5029649930357,-144.56807920373603,-8.0,-1.7999999999999998,0.9999999999999999
3.0,7.0,6.0,10.0,A,1.2,0.8,1.0,1.0,1564.8322473339808,1573.6042273519345,-8.771980017953638,-3.0,0.19999999999999996,-0.19999999999999996
3.0,9.0,3.0,6.0,A,1.4,1.2,1.0,1.2,1677.6434825503682,1780.4531857843515,-102.80970323398333,3.0,0.3999999999999999,0.0
1.0,4.0,7.0,13.0,A,1.0,2.0,2.2,0.6,1496.766053201507,1739.2504869941167,-242.4844337926097,-9.0,-1.2000000000000002,1.4
9.0,13.0,1.0,5.0,H,2.2,0.4,0.8,1.2,1638.1072219922385,1672.0869989561966,-33.9797769639581,8.0,1.4000000000000001,-0.7999999999999999
3.0,4.0,6.0,10.0,A,0.8,1.0,1.6,0.2,1552.0531486283132,1578.4478195732722,-26.39467094495899,-6.0,-0.8,0.8
3.0,6.0,6.0,6.0,H,1.4,1.6,1.6,2.0,1681.1787383729807,1506.8545703378804,174.32416803510023,0.0,-0.20000000000000018,-0.3999999999999999
3.0,9.0,1.0,5.0,H,1.0,0.8,0.8,1.4,1782.3144625818986,1483.0736089917525,299.2408535901461,4.0,0.19999999999999996,-0.5999999999999999
0.0,1.0,4.0,4.0,H,1.4,2.4,0.6,1.0,1467.1856188363238,1509.473154231242,-42.28753539491822,-3.0,0.7999999999999999,1.4
9.0,12.0,2.0,6.0,A,2.0,0.6,1.0,1.4,1839.8977131873012,1535.400244133161,304.4974690541401,6.0,1.0,-0.7999999999999999
4.0,5.0,6.0,10.0,H,0.6,1.6,1.0,1.0,1486.8474764585746,1563.70033891869,-76.85286246011538,-5.0,-0.4,0.6000000000000001
6.0,7.0,6.0,6.0,A,1.6,1.6,1.4,2.0,1575.1011253419888,1532.58470502839,42.5164203135987,1.0,0.20000000000000018,-0.3999999999999999
4.0,8.0,4.0,8.0,A,1.8,1.2,1.0,0.8,1455.527202449744,1677.0614529873305,-221.53425053758656,0.0,0.8,0.3999999999999999
6.0,9.0,6.0,9.0,A,1.8,1.8,1.4,1.0,1526.6459118375938,1788.253255772695,-261.6073439351012,0.0,0.40000000000000013,0.8
9.0,13.0,0.0,3.0,H,2.0,0.2,0.6,1.2,1742.4639156031885,1548.8397200192414,193.62419558394708,10.0,1.4,-1.0
0.0,4.0,6.0,7.0,A,0.8,1.8,1.8,1.6,1472.8441827333081,1585.3305516004332,-112.48636886712507,-3.0,-1.0,0.19999999999999996
1.0,4.0,1.0,1.0,A,0.6,1.2,0.8,2.4,1496.3383803709978,1509.9008270617512,-13.562446690753404,3.0,-0.20000000000000007,-1.2
6.0,9.0,1.0,7.0,A,1.0,1.2,1.6,1.2,1548.3357487645715,1470.8917926038625,77.44395616070892,2.0,-0.6000000000000001,0.0
5.0,6.0,6.0,6.0,D,1.0,1.6,1.8,2.2,1536.7102826859352,1679.8686998202065,-143.1584171342713,0.0,-0.8,-0.6000000000000001
6.0,12.0,9.0,15.0,A,2.0,0.2,2.4,0.4,1567.2919136007781,1649.2631279647326,-81.97121436395446,-3.0,-0.3999999999999999,-0.2
0.0,2.0,3.0,3.0,H,0.4,1.4,1.6,2.0,1675.0349665146332,1464.2376512778872,210.79731523674604,-1.0,-1.2000000000000002,-0.6000000000000001
6.0,10.0,4.0,8.0,H,1.4,1.0,0.8,1.4,1680.2283211471138,1483.6806082987914,196.54771284832236,2.0,0.5999999999999999,-0.3999999999999999
6.0,6.0,6.0,9.0,A,2.2,2.6,1.4,1.0,1502.7093141840191,1844.0429693411625,-341.3336551571433,-3.0,0.8000000000000003,1.6
0.0,3.0,5.0,6.0,A,0.8,1.6,1.4,2.0,1535.7199466072911,1549.8300560978855,-14.110109490594368,-3.0,-0.5999999999999999,-0.3999999999999999
9.0,9.0,6.0,9.0,H,1.8,1.2,1.6,0.8,1790.9763496734088,1564.5688197000643,226.40752997334448,0.0,0.19999999999999996,0.3999999999999999
3.0,3.0,3.0,6.0,A,1.6,2.2,0.6,1.6,1453.7802770616515,1558.793122980807,-105.01284591915555,-3.0,1.0,0.6000000000000001
3.0,4.0,6.0,10.0,A,1.0,2.2,1.6,1.0,1501.8978148280135,1688.2313333808515,-186.3335185528381,-6.0,-0.6000000000000001,1.2000000000000002
3.0,7.0,0.0,1.0,H,1.6,1.2,0.8,2.4,1478.1423582870143,1465.5936170501564,12.54874123685795,6.0,0.8,-1.2
6.0,12.0,0.0,4.0,D,2.0,1.0,0.8,1.4,1835.455381844383,1504.9259678677772,330.52941397660584,8.0,1.2,-0.3999999999999999
9.0,15.0,3.0,6.0,D,2.8,0.4,2.4,2.8,1643.158624372124,1508.8138177766277,134.34480659549627,9.0,0.3999999999999999,-2.4
6.0,9.0,9.0,13.0,A,2.4,1.8,2.4,0.4,1576.9603179694316,1750.8341492341901,-173.87383126475856,-4.0,0.0,1.4
4.0,7.0,3.0,4.0,D,0.8,2.0,0.8,1.4,1486.2510322826017,1672.4645425308229,-186.21351024822116,3.0,0.0,0.6000000000000001
4.0,7.0,6.0,9.0,A,2.2,2.2,2.0,1.8,1663.6451863767413,1542.869425281059,120.77576109568236,-2.0,0.20000000000000018,0.40000000000000013
7.0,9.0,9.0,12.0,H,1.8,1.2,2.2,1.2,1563.682910146745,1777.1234956245494,-213.44058547780446,-3.0,-0.40000000000000013,0.0
9.0,12.0,3.0,3.0,H,1.6,0.8,1.6,2.2,1690.7768675017448,1451.2347429407582,239.54212456098662,9.0,0.0,-1.4000000000000001
3.0,6.0,6.0,7.0,A,1.0,1.2,1.4,1.0,1549.6648832618507,1493.0462947252279,56.61858853662284,-1.0,-0.3999999999999999,0.19999999999999996
9.0,15.0,7.0,13.0,D,3.0,0.6,2.4,0.2,1745.4797675073378,1648.5130060989763,96.96676140836144,2.0,0.6000000000000001,0.39999999999999997
1.0,2.0,3.0,9.0,A,0.4,1.6,2.6,2.0,1494.1227855909365,1587.7635002462723,-93.64071465533584,-7.0,-2.2,-0.3999999999999999
0.0,0.0,4.0,5.0,A,0.8,2.6,0.8,2.2,1453.3488414487101,1498.495807884048,-45.146966435337845,-5.0,0.0,0.3999999999999999
1.0,7.0,0.0,0.0,D,2.0,2.2,0.4,2.0,1506.740505573351,1537.793258810568,-31.052753237217075,7.0,1.6,0.20000000000000018
6.0,9.0,3.0,4.0,D,1.6,1.8,1.0,1.6,1539.0208534971223,1505.7463866119501,33.27446688517216,5.0,0.6000000000000001,0.19999999999999996
3.0,9.0,4.0,7.0,A,1.0,1.0,2.0,2.2,1548.9327675131449,1673.5055418444035,-124.57277433125864,2.0,-1.0,-1.2000000000000002
4.0,4.0,4.0,10.0,A,0.8,1.4,1.6,1.0,1664.257957409457,1843.661966965749,-179.40400955629184,-6.0,-0.8,0.3999999999999999
9.0,9.0,4.0,4.0,H,1.6,1.0,0.6,0.8,1505.0677035731135,1652.2365485615715,-147.16884498845798,5.0,1.0,0.19999999999999996
4.0,10.0,2.0,5.0,H,1.8,1.2,2.0,2.4,1545.3874109492947,1500.3739481211785,45.01346282811619,5.0,-0.19999999999999996,-1.2
4.0,4.0,1.0,1.0,H,1.0,1.6,0.8,2.2,1513.8151018831213,1529.7245435393968,-15.909441656275476,3.0,0.19999999999999996,-0.6000000000000001
4.0,8.0,0.0,6.0,H,1.0,1.2,1.0,1.2,1507.099522592784,1541.0611685531146,-33.96164596033054,2.0,0.0,0.0
7.0,11.0,0.0,3.0,H,2.2,1.2,1.2,2.2,1568.2312647388821,1446.686388348621,121.54487639026115,8.0,1.0000000000000002,-1.0000000000000002
6.0,9.0,6.0,12.0,H,2.6,2.0,2.2,1.4,1600.2802358472843,1764.6067600235374,-164.3265241762531,-3.0,0.3999999999999999,0.6000000000000001
9.0,12.0,7.0,10.0,H,2.0,0.8,1.6,1.0,1702.2873750635126,1832.151459403981,-129.86408434046848,2.0,0.3999999999999999,-0.19999999999999996
1.0,1.0,0.0,0.0,A,0.6,2.4,0.8,2.6,1480.2790614916507,1467.1925655479959,13.086495943654882,1.0,-0.20000000000000007,-0.20000000000000018
4.0,7.0,7.0,13.0,A,2.2,1.8,2.0,0.6,1662.7006402346415,1756.2846691170998,-93.58402888245837,-6.0,0.20000000000000018,1.2000000000000002
5.0,11.0,9.0,12.0,H,1.6,0.2,1.8,0.8,1652.4649383648689,1501.115771307221,151.34916705764795,-1.0,-0.19999999999999996,-0.6000000000000001
1.0,4.0,3.0,6.0,H,0.8,1.0,0.8,1.8,1656.9725253497204,1544.196790724996,112.77573462472446,-2.0,0.0,-0.8
3.0,3.0,9.0,15.0,D,0.4,1.8,2.2,0.4,1545.8533642121392,1700.6308015763693,-154.77743736423008,-12.0,-1.8000000000000003,1.4
4.0,7.0,3.0,7.0,H,1.4,1.2,2.0,1.8,1835.6500557626418,1659.2020438759807,176.4480118866611,0.0,-0.6000000000000001,-0.6000000000000001
1.0,1.0,1.0,1.0,H,0.6,2.0,0.8,2.4,1535.6701715989557,1474.3334334320919,61.336738166863825,0.0,-0.20000000000000007,-0.3999999999999999
3.0,3.0,7.0,10.0,A,1.0,2.0,1.6,1.2,1456.5657854643478,1556.0141910329428,-99.44840556859504,-7.0,-0.6000000000000001,0.8
1.0,4.0,5.0,11.0,D,0.6,1.8,1.0,0.0,1546.0436376460311,1652.274664930977,-106.23102728494587,-7.0,-0.4,1.8
0.0,3.0,7.0,10.0,D,0.6,1.8,1.0,0.8,1445.5518919975898,1508.2340189438153,-62.68212694622548,-7.0,-0.4,1.0
3.0,9.0,3.0,7.0,D,1.8,1.8,1.0,0.8,1759.2532260627995,1662.3260593104583,96.92716675234124,2.0,0.8,1.0
0.0,3.0,6.0,9.0,D,0.6,1.6,2.6,1.6,1539.8927598931066,1601.4486445072923,-61.55588461418574,-6.0,-2.0,0.0
2.0,2.0,9.0,13.0,D,1.4,2.2,2.2,0.8,1499.4514377032222,1569.1537751568385,-69.70233745361634,-11.0,-0.8000000000000003,1.4000000000000001
6.0,10.0,4.0,7.0,H,2.0,1.2,0.8,1.0,1837.270889342066,1512.194268303697,325.076621038369,3.0,1.2,0.19999999999999996
7.0,13.0,7.0,13.0,H,2.2,0.6,2.0,0.4,1762.0820683661275,1694.8334023273417,67.24866603878581,0.0,0.20000000000000018,0.19999999999999996
6.0,12.0,3.0,4.0,A,1.6,0.6,1.6,2.0,1492.7722240970772,1667.5455910861244,-174.7733669890472,8.0,0.0,-1.4
4.0,5.0,3.0,9.0,D,0.6,0.8,1.0,0.8,1655.8229442295283,1499.2753391780072,156.54760505152103,-4.0,-0.4,0.0
4.0,10.0,2.0,5.0,H,1.8,1.0,0.6,1.2,1698.688683619792,1542.1883563535807,156.50032726621134,5.0,1.2000000000000002,-0.19999999999999996
5.0,9.0,4.0,4.0,D,0.8,0.0,1.0,1.6,1646.7394937260465,1541.2053428038862,105.53415092216028,5.0,-0.19999999999999996,-1.6
7.0,10.0,1.0,1.0,H,2.8,1.6,0.2,2.0,1605.1782032362764,1441.8223332686057,163.35586996767074,9.0,2.5999999999999996,-0.3999999999999999
4.0,7.0,1.0,7.0,H,0.8,1.2,1.2,1.6,1526.1910823281798,1745.2564120383167,-219.0653297101369,0.0,-0.3999999999999999,-0.40000000000000013
7.0,10.0,1.0,1.0,A,1.4,1.0,0.6,2.0,1542.7910768701627,1553.1158740558867,-10.324797185724037,9.0,0.7999999999999999,-1.0
0.0,1.0,7.0,13.0,H,0.8,2.2,2.4,1.0,1489.2662193618828,1747.1492824363365,-257.88306307445373,-12.0,-1.5999999999999999,1.2000000000000002
7.0,11.0,3.0,3.0,H,1.8,0.6,0.8,1.6,1573.6993020285086,1452.0202585926777,121.67904343583086,8.0,1.0,-1.0
7.0,8.0,2.0,3.0,H,1.0,1.0,0.8,1.4,1515.2014593875845,1492.483997259453,22.7174621281315,5.0,0.19999999999999996,-0.3999999999999999
3.0,6.0,6.0,10.0,H,1.4,1.6,2.0,1.0,1679.525931734497,1825.2905486936936,-145.7646169591967,-4.0,-0.6000000000000001,0.6000000000000001
4.0,10.0,1.0,3.0,D,2.0,1.2,0.6,1.0,1691.6178440865297,1499.5548367927154,192.06300729381428,7.0,1.4,0.19999999999999996
1.0,1.0,5.0,7.0,D,0.2,1.8,0.4,0.2,1444.7535308120734,1643.8082961825787,-199.05476537050527,-6.0,-0.2,1.6
3.0,3.0,6.0,7.0,A,0.6,1.6,1.0,1.0,1441.2782016991555,1536.933139221702,-95.65493752254656,-4.0,-0.4,0.6000000000000001
1.0,7.0,7.0,11.0,H,0.6,0.6,1.2,0.4,1506.901650015317,1507.5751485502747,-0.6734985349576164,-4.0,-0.6,0.19999999999999996
4.0,4.0,6.0,9.0,H,1.4,1.8,1.6,1.2,1563.8745559188749,1668.7672498715087,-104.89269395263386,-5.0,-0.20000000000000018,0.6000000000000001
6.0,10.0,7.0,13.0,D,1.8,1.0,2.0,0.2,1740.5819230869895,1580.2666613778556,160.3152617091339,-3.0,-0.19999999999999996,0.8
4.0,5.0,5.0,5.0,D,1.0,1.2,0.4,0.6,1541.6258231216486,1655.4024639117658,-113.7766407901172,0.0,0.6,0.6
2.0,2.0,7.0,10.0,D,0.4,1.6,2.4,1.4,1541.1271295101922,1606.239430079665,-65.11230056947284,-8.0,-2.0,0.20000000000000018
2.0,3.0,4.0,8.0,A,1.0,1.4,1.8,1.6,1492.1442997115382,1699.0283811677068,-206.8840814561686,-5.0,-0.8,-0.20000000000000018
6.0,9.0,6.0,10.0,H,1.8,1.0,1.6,1.2,1827.2822491645748,1540.7993763992815,286.4828727652932,-1.0,0.19999999999999996,-0.19999999999999996
1.0,4.0,3.0,4.0,H,0.6,2.0,0.8,1.8,1747.5389873409467,1486.9836440592528,260.5553432816939,0.0,-0.20000000000000007,0.19999999999999996
4.0,8.0,6.0,9.0,A,1.2,0.8,2.2,1.2,1730.1993145639926,1837.6648576875716,-107.46554312357898,-1.0,-1.0000000000000002,-0.3999999999999999
4.0,10.0,6.0,12.0,D,1.0,0.6,2.6,1.0,1513.3737462614374,1831.8662599764089,-318.49251371497144,-2.0,-1.6,-0.4
3.0,7.0,4.0,4.0,A,0.6,0.4,0.6,1.8,1633.9156699789687,1757.4316135445567,-123.51594356558803,3.0,0.0,-1.4
6.0,10.0,2.0,2.0,A,1.4,1.0,0.4,1.6,1521.9044600562281,1459.7822099775474,62.122250078680736,8.0,0.9999999999999999,-0.6000000000000001
3.0,3.0,1.0,2.0,H,0.6,2.0,0.6,1.4,1494.3197854412265,1484.8081583295645,9.511627111661937,1.0,0.0,0.6000000000000001
3.0,7.0,1.0,7.0,A,1.4,1.8,1.4,1.4,1533.3171887968574,1737.6815021664167,-204.36431336955934,0.0,0.0,0.40000000000000013
5.0,11.0,4.0,7.0,A,2.2,0.8,0.8,0.6,1591.058421689177,1522.082658405805,68.97576328337209,4.0,1.4000000000000001,0.20000000000000007
5.0,11.0,2.0,3.0,D,1.8,0.4,0.6,1.0,1576.4631016622818,1544.930689225766,31.53241243651587,8.0,1.2000000000000002,-0.6
3.0,6.0,0.0,3.0,A,0.6,0.6,0.6,1.6,1638.2194722017118,1458.4611934092095,179.75827879250232,3.0,0.0,-1.0
7.0,8.0,7.0,7.0,H,1.8,1.4,2.0,1.6,1703.1338530031967,1559.769084083385,143.3647689198117,1.0,-0.19999999999999996,-0.20000000000000018
6.0,6.0,5.0,6.0,H,1.0,2.0,1.2,1.0,1673.025255150615,1537.3678178425423,135.65743730807276,0.0,-0.19999999999999996,1.0
7.0,7.0,6.0,9.0,D,0.6,0.4,1.2,1.0,1519.276632612361,1524.710485849672,-5.433853237311041,-2.0,-0.6,-0.6
2.0,4.0,6.0,7.0,D,0.8,1.0,0.8,1.2,1548.0601109948434,1754.3021917754793,-206.2420807806359,-3.0,0.0,-0.19999999999999996
4.0,5.0,7.0,10.0,A,0.6,1.0,2.0,0.8,1456.3271534137546,1835.3213165402017,-378.9941631264471,-5.0,-1.4,0.19999999999999996
2.0,5.0,4.0,8.0,H,0.8,1.0,1.0,0.8,1543.9431568465307,1506.798407257449,37.144749589081584,-3.0,-0.19999999999999996,0.19999999999999996
6.0,7.0,4.0,7.0,A,2.0,2.0,1.8,1.8,1551.9747344831926,1745.4758517666091,-193.50111728341653,0.0,0.19999999999999996,0.19999999999999996
1.0,2.0,3.0,6.0,H,0.4,1.2,0.8,1.4,1491.323857458104,1451.9454942806701,39.37836317743381,-4.0,-0.4,-0.19999999999999996
6.0,6.0,0.0,6.0,A,0.6,1.2,1.6,2.4,1482.581812493599,1545.0551617444848,-62.4733492508858,0.0,-1.0,-1.2
6.0,9.0,2.0,6.0,H,1.4,1.6,0.4,0.4,1679.3288882182194,1631.9158391341075,47.41304908411189,3.0,0.9999999999999999,1.2000000000000002
6.0,7.0,3.0,6.0,H,1.4,1.4,0.4,1.2,1747.6792905740374,1480.3783736861708,267.3009168878666,1.0,0.9999999999999999,0.19999999999999996
7.0,8.0,4.0,7.0,H,0.8,0.6,1.2,1.2,1756.9105190855728,1522.1021585395786,234.80836054599422,1.0,-0.3999999999999999,-0.6
3.0,3.0,3.0,7.0,H,0.4,1.4,2.0,1.8,1461.9463358813487,1541.973892882514,-80.0275570011654,-4.0,-1.6,-0.40000000000000013
1.0,7.0,6.0,12.0,H,1.2,1.0,1.4,0.8,1533.7345406962397,1667.6965060615582,-133.96196536531852,-5.0,-0.19999999999999996,0.19999999999999996
1.0,3.0,3.0,4.0,H,0.2,0.8,0.6,1.2,1635.9201147181686,1487.3195818740428,148.60053284412584,-1.0,-0.39999999999999997,-0.3999999999999999
7.0,10.0,2.0,6.0,H,2.2,1.0,0.6,0.8,1838.3202219478671,1630.9167645713032,207.4034573765639,4.0,1.6,0.19999999999999996
3.0,6.0,3.0,4.0,H,1.6,2.2,0.6,0.8,1552.3337556511074,1540.7815170882209,11.552238562886487,2.0,1.0,1.4000000000000001
9.0,10.0,4.0,5.0,H,2.2,1.2,0.8,1.4,1749.5814480244046,1454.4249959633873,295.15645206101726,5.0,1.4000000000000001,-0.19999999999999996
4.0,8.0,4.0,8.0,H,1.4,0.8,1.6,0.8,1597.0602459955667,1537.941332540141,59.11891345542563,0.0,-0.20000000000000018,0.0
1.0,5.0,3.0,6.0,D,0.6,1.6,0.4,1.6,1503.312258758489,1483.864522185131,19.447736573358043,-1.0,0.19999999999999996,0.0
7.0,10.0,7.0,10.0,H,1.2,0.6,2.2,1.2,1762.7525066125804,1697.291865476189,65.46064113639136,0.0,-1.0000000000000002,-0.6
5.0,9.0,7.0,8.0,H,1.4,0.4,0.8,0.4,1582.2242475016174,1513.5154867730255,68.70876072859187,1.0,0.5999999999999999,0.0
3.0,4.0,7.0,13.0,H,1.0,1.8,2.6,0.0,1469.7927498951258,1747.384752680842,-277.5920027857162,-9.0,-1.6,1.8
1.0,4.0,5.0,9.0,H,0.6,2.0,1.6,0.8,1493.8173116354508,1572.2714580512975,-78.45414641584671,-5.0,-1.0,1.2
3.0,4.0,4.0,8.0,D,0.6,1.2,1.6,0.8,1487.5998672921237,1596.7799605774858,-109.18009328536209,-4.0,-1.0,0.3999999999999999
0.0,6.0,3.0,5.0,A,1.6,1.6,0.4,0.8,1531.7996687717755,1646.0943388289072,-114.29467005713173,1.0,1.2000000000000002,0.8
6.0,9.0,2.0,5.0,H,1.2,1.0,0.8,1.8,1671.2800910210526,1499.7286737989946,171.55141722205803,4.0,0.3999999999999999,-0.8
2.0,3.0,7.0,13.0,A,0.6,1.0,2.6,0.8,1535.9245420109467,1843.1771970251414,-307.2526550141947,-10.0,-2.0,0.19999999999999996
1.0,3.0,4.0,7.0,H,0.4,1.2,0.8,1.0,1635.7812900434365,1528.8700152241065,106.91127481932995,-4.0,-0.4,0.19999999999999996
3.0,5.0,6.0,6.0,D,1.2,1.6,1.6,2.2,1535.526031112269,1554.7490570789794,-19.22302596671034,-1.0,-0.40000000000000013,-0.6000000000000001
4.0,8.0,9.0,12.0,A,1.2,0.8,2.6,1.4,1507.2431267551067,1755.8538080423234,-248.61068128721672,-4.0,-1.4000000000000001,-0.5999999999999999
6.0,10.0,6.0,6.0,D,1.8,2.0,0.6,1.2,1689.8259827832003,1469.4122185743374,220.41376420886286,4.0,1.2000000000000002,0.8
4.0,8.0,1.0,3.0,H,1.6,0.8,0.4,0.8,1602.4548690280142,1530.2496335604183,72.20523546759591,5.0,1.2000000000000002,0.0
4.0,7.0,4.0,8.0,A,0.6,0.6,1.6,1.0,1459.4945122440133,1582.1891643816216,-122.69465213760827,-1.0,-1.0,-0.4
1.0,2.0,3.0,5.0,A,0.8,2.4,0.8,1.4,1490.762642995396,1644.747320847035,-153.98467785163916,-3.0,0.0,1.0
7.0,7.0,3.0,7.0,H,1.4,1.6,1.2,1.6,1559.8773256892257,1464.6644812848795,95.21284440434624,0.0,0.19999999999999996,0.0
6.0,8.0,0.0,3.0,D,1.4,1.0,1.0,1.8,1578.1121129196204,1535.8767202337767,42.235392685843635,5.0,0.3999999999999999,-0.8
4.0,7.0,6.0,9.0,D,0.4,0.6,1.6,1.2,1462.6053491327714,1668.1692541322946,-205.56390499952317,-2.0,-1.2000000000000002,-0.6
3.0,4.0,4.0,4.0,A,0.6,1.2,0.6,1.2,1515.0141259557124,1501.4557565605178,13.558369395194632,0.0,0.0,0.0
6.0,7.0,4.0,7.0,D,1.0,1.0,0.8,1.6,1639.8875314884895,1500.0241189758685,139.86341251262093,0.0,0.19999999999999996,-0.6000000000000001
9.0,15.0,0.0,2.0,H,3.0,0.8,0.2,0.8,1758.5146419728335,1527.5887996299082,230.9258423429253,13.0,2.8,0.0
9.0,13.0,6.0,10.0,H,2.2,0.6,2.2,0.2,1848.0712345134082,1742.4907151925752,105.58051932083299,3.0,0.0,0.39999999999999997
9.0,15.0,4.0,7.0,H,3.0,0.6,1.4,1.2,1760.784807235517,1499.1855912978342,261.59921593768286,8.0,1.6,-0.6
3.0,6.0,1.0,7.0,H,1.0,2.0,1.2,1.4,1473.026647142147,1498.880960897839,-25.85431375569192,-1.0,-0.19999999999999996,0.6000000000000001
7.0,8.0,4.0,8.0,D,1.6,0.8,1.4,1.0,1599.021352177592,1581.5456297700425,17.475722407549483,0.0,0.20000000000000018,-0.19999999999999996
0.0,1.0,1.0,1.0,H,0.2,1.4,0.4,1.8,1535.0087624181958,1528.456757445489,6.552004972706754,0.0,-0.2,-0.40000000000000013
1.0,2.0,3.0,4.0,D,1.0,2.4,1.0,1.8,1488.6163254570918,1517.1604434940166,-28.54411803692483,-2.0,0.0,0.5999999999999999
7.0,7.0,7.0,10.0,A,1.2,1.2,1.8,1.0,1625.1251237112485,1574.6397334664666,50.48539024478191,-3.0,-0.6000000000000001,0.19999999999999996
4.0,5.0,2.0,5.0,H,1.2,1.6,0.8,1.2,1540.922921886601,1457.2084583584394,83.71446352816156,0.0,0.3999999999999999,0.40000000000000013
6.0,7.0,4.0,8.0,H,1.0,1.4,1.4,1.8,1653.1795941486112,1681.3937094816242,-28.21411533301307,-1.0,-0.3999999999999999,-0.40000000000000013
5.0,5.0,4.0,10.0,D,1.0,2.0,2.0,1.0,1501.9607234246803,1666.2326496834828,-164.27192625880252,-5.0,-1.0,1.0
6.0,6.0,5.0,8.0,A,1.2,2.2,2.0,1.2,1463.7734419342648,1608.2745573854743,-144.50111545120944,-2.0,-0.8,1.0000000000000002
4.0,7.0,1.0,2.0,H,1.6,1.8,1.0,2.4,1506.106409193469,1481.695507561457,24.410901632012155,5.0,0.6000000000000001,-0.5999999999999999
1.0,1.0,7.0,13.0,A,0.6,1.6,1.8,0.2,1516.920049619382,1586.1764412925736,-69.2563916731915,-12.0,-1.2000000000000002,1.4000000000000001
4.0,7.0,3.0,7.0,D,1.2,1.4,2.0,1.0,1625.6245298061249,1741.9913090976988,-116.36677929157395,0.0,-0.8,0.3999999999999999
1.0,7.0,5.0,8.0,H,1.0,1.8,1.8,1.4,1686.2019642360751,1576.7373750155916,109.4645892204835,-1.0,-0.8,0.40000000000000013
4.0,7.0,9.0,9.0,A,1.2,1.4,1.2,1.2,1531.2755510013724,1662.8269650338398,-131.5514140324674,-2.0,0.0,0.19999999999999996
1.0,5.0,9.0,13.0,A,0.8,1.2,2.4,0.6,1454.0515322701906,1851.228160601657,-397.1766283314664,-8.0,-1.5999999999999999,0.6
1.0,4.0,2.0,8.0,H,1.0,1.8,1.2,1.0,1527.4040112982088,1615.3809620019326,-87.97695070372379,-4.0,-0.19999999999999996,0.8
5.0,8.0,7.0,11.0,H,1.8,1.2,2.4,1.0,1671.9755940913058,1602.5316129776513,69.44398111365444,-3.0,-0.5999999999999999,0.19999999999999996
1.0,1.0,3.0,6.0,A,0.8,1.8,1.0,1.8,1502.7770476942212,1477.9164438594257,24.860603834795484,-5.0,-0.19999999999999996,0.0
0.0,4.0,4.0,7.0,A,1.0,1.8,1.4,2.0,1486.9593128650793,1543.1971990341322,-56.2378861690529,-3.0,-0.3999999999999999,-0.19999999999999996
2.0,5.0,9.0,12.0,A,1.2,1.2,2.2,1.0,1566.337215027186,1673.2271250222454,-106.8899099950595,-7.0,-1.0000000000000002,0.19999999999999996
9.0,13.0,1.0,2.0,H,1.8,0.4,1.2,2.0,1590.8879690558394,1476.983979798191,113.90398925764839,11.0,0.6000000000000001,-1.6
4.0,7.0,5.0,6.0,H,0.8,1.8,1.2,1.8,1689.4615543087345,1498.7011333520209,190.7604209567137,1.0,-0.3999999999999999,0.0
6.0,7.0,3.0,3.0,A,1.8,2.0,0.6,1.6,1494.0881481049787,1547.0270235066862,-52.93887540170749,4.0,1.2000000000000002,0.3999999999999999
1.0,7.0,9.0,15.0,D,2.0,1.0,3.6,0.8,1739.6956507390855,1763.0804655941304,-23.38481485504485,-8.0,-1.6,0.19999999999999996
9.0,15.0,0.0,1.0,H,3.0,0.6,0.8,1.8,1852.6349425300384,1501.3702657658398,351.2646767641986,14.0,2.2,-1.2000000000000002
4.0,7.0,1.0,5.0,H,1.2,1.4,1.4,1.4,1535.6642464084966,1558.0769799168982,-22.412733508401516,2.0,-0.19999999999999996,0.0
5.0,8.0,6.0,9.0,A,1.8,1.4,0.8,1.2,1655.083909539801,1494.8081284109305,160.27578112887045,-1.0,1.0,0.19999999999999996
9.0,13.0,9.0,15.0,H,2.0,0.4,2.6,0.8,1600.3800864658638,1663.7350076122211,-63.354921146357356,-2.0,-0.6000000000000001,-0.4
2.0,6.0,0.0,1.0,A,1.2,1.4,0.8,2.0,1485.591434090392,1500.069012126708,-14.47757803631589,5.0,0.3999999999999999,-0.6000000000000001
1.0,5.0,4.0,8.0,A,1.0,1.2,1.8,1.4,1602.2424967210047,1615.6700782585792,-13.427581537574497,-3.0,-0.8,-0.19999999999999996
1.0,2.0,6.0,6.0,A,0.8,2.0,1.6,1.6,1443.849378199997,1557.2291775768797,-113.3797993768826,-4.0,-0.8,0.3999999999999999
6.0,7.0,7.0,13.0,D,0.8,2.0,3.2,1.2,1546.5169982931016,1759.760666335161,-213.24366804205943,-6.0,-2.4000000000000004,0.8
1.0,1.0,6.0,7.0,A,0.8,2.0,0.6,1.8,1470.112795309883,1696.3327387970426,-226.21994348715953,-6.0,0.20000000000000007,0.19999999999999996
3.0,7.0,2.0,5.0,A,2.0,2.8,2.0,1.4,1488.049800942316,1745.7339979017481,-257.68419695943203,2.0,0.0,1.4
5.0,11.0,0.0,1.0,D,3.0,1.2,0.8,2.4,1751.4330212322106,1452.1770233029474,299.25599792926323,10.0,2.2,-1.2
3.0,3.0,3.0,6.0,H,1.2,2.0,1.8,3.6,1506.9521027765545,1481.1667102924696,25.785392484084923,-3.0,-0.6000000000000001,-1.6
0.0,2.0,9.0,15.0,D,1.0,1.8,2.4,0.2,1556.4314288701582,1602.0256375126037,-45.59420864244544,-13.0,-1.4,1.6
9.0,9.0,1.0,5.0,D,2.0,1.4,1.0,1.6,1552.6552196117389,1490.165392055533,62.48982755620591,4.0,1.0,-0.20000000000000018
0.0,1.0,7.0,7.0,H,0.8,1.8,1.4,1.4,1509.5013226572544,1527.533189517082,-18.031866859827687,-6.0,-0.5999999999999999,0.40000000000000013
5.0,5.0,0.0,1.0,H,1.8,1.6,0.6,1.8,1747.7978397663333,1468.048953445298,279.74888632103534,4.0,1.2000000000000002,-0.19999999999999996
6.0,9.0,4.0,8.0,A,1.2,1.6,1.2,1.6,1483.4270800453162,1557.8980466587159,-74.4709666133997,1.0,0.0,0.0
6.0,12.0,4.0,8.0,H,2.2,1.2,2.2,1.8,1670.705884811746,1648.113032340276,22.592852471469996,4.0,0.0,-0.6000000000000001
0.0,3.0,3.0,3.0,D,1.2,3.6,1.0,1.8,1479.1327791168555,1511.5352538328684,-32.402474716012875,0.0,0.19999999999999996,1.8
7.0,13.0,6.0,6.0,H,2.0,0.4,1.2,1.6,1606.9349884897254,1502.0427517994328,104.89223669029252,7.0,0.8,-1.2000000000000002
6.0,7.0,7.0,10.0,H,1.4,1.4,2.0,1.2,1535.4107868844842,1544.7776222443367,-9.36683535985253,-3.0,-0.6000000000000001,0.19999999999999996
0.0,1.0,6.0,10.0,H,0.8,2.0,1.8,1.2,1479.4110803007193,1604.3079514031579,-124.89687110243858,-9.0,-1.0,0.8
1.0,2.0,1.0,2.0,A,0.6,1.4,1.0,1.8,1588.275905516893,1570.3980200742699,17.87788544262321,0.0,-0.4,-0.40000000000000013
7.0,10.0,7.0,8.0,A,1.8,1.4,2.4,1.8,1550.4293291040592,1755.26655732099,-204.83722821693073,2.0,-0.5999999999999999,-0.40000000000000013
9.0,15.0,3.0,9.0,H,2.8,0.6,3.0,1.8,1857.4147913694032,1746.6531723928458,110.76161897655743,6.0,-0.20000000000000018,-1.2000000000000002
1.0,3.0,6.0,12.0,A,0.8,1.6,3.0,1.2,1482.4428833890852,1678.4283934781938,-195.98551008910863,-9.0,-2.2,0.40000000000000013
1.0,2.0,6.0,9.0,A,1.4,2.6,1.2,1.8,1440.2236696087348,1495.3804337395288,-55.156764130794045,-7.0,0.19999999999999996,0.8
3.0,5.0,9.0,10.0,D,1.8,2.8,1.0,0.4,1646.6336129431197,1697.8121581941987,-51.17854525107896,-5.0,0.8,2.4
4.0,10.0,4.0,7.0,H,1.8,0.8,1.8,1.8,1552.1268992132625,1543.0800521351334,9.046847078129076,3.0,0.0,-1.0
4.0,4.0,3.0,3.0,H,0.8,1.2,1.2,2.0,1575.3950322477008,1474.4140681272884,100.98096412041241,1.0,-0.3999999999999999,-0.8
3.0,7.0,6.0,10.0,H,1.8,1.8,1.4,0.6,1609.7965956089233,1529.9221426787187,79.8744529302046,-3.0,0.40000000000000013,1.2000000000000002
6.0,12.0,1.0,1.0,H,3.4,1.4,0.8,2.2,1680.9263101042727,1437.7257529826559,243.20055712161684,11.0,2.5999999999999996,-0.8000000000000003
6.0,9.0,1.0,4.0,H,1.0,1.6,1.2,3.0,1502.1540643675214,1472.359148488863,29.794915878658458,5.0,-0.19999999999999996,-1.4
6.0,6.0,9.0,15.0,A,1.2,1.2,3.2,0.8,1498.3040199859304,1861.1535231829057,-362.8495031969753,-9.0,-2.0,0.3999999999999999
7.0,10.0,7.0,13.0,H,1.4,0.8,1.8,0.4,1702.811539375163,1601.935607308761,100.8759320664019,-3.0,-0.40000000000000013,0.4
9.0,11.0,1.0,5.0,H,2.6,1.2,1.6,2.6,1759.8925482106429,1642.0076220534668,117.8849261571761,6.0,1.0,-1.4000000000000001
4.0,4.0,1.0,2.0,D,1.0,1.6,0.6,2.0,1507.9817190987021,1485.9964181232515,21.985300975450627,2.0,0.4,-0.3999999999999999
2.0,6.0,0.0,1.0,H,2.4,2.4,0.2,1.4,1750.3396013676038,1584.5894765421351,165.75012482546867,5.0,2.1999999999999997,1.0
9.0,13.0,3.0,6.0,H,3.4,1.8,1.2,1.2,1762.1107650114955,1496.0858031850778,266.02496182641767,7.0,2.2,0.6000000000000001
9.0,15.0,3.0,7.0,H,3.4,1.0,2.2,1.6,1862.806902164209,1541.42667315383,321.380229010379,8.0,1.1999999999999997,-0.6000000000000001
6.0,9.0,7.0,13.0,H,2.4,1.2,1.6,0.4,1619.5955766123657,1693.0125583717206,-73.41698175935494,-4.0,0.7999999999999998,0.7999999999999999
6.0,12.0,0.0,1.0,A,1.8,1.4,0.4,1.6,1491.6489451464365,1595.09459576322,-103.4456506167835,11.0,1.4,-0.20000000000000018
9.0,15.0,1.0,1.0,H,3.2,0.8,1.0,3.6,1863.9285211762979,1471.2375294767742,392.6909916995237,14.0,2.2,-2.8
1.0,4.0,4.0,10.0,H,2.0,3.2,2.2,1.2,1647.0285423260657,1547.1059789406636,99.9225633854021,-6.0,-0.20000000000000018,2.0
3.0,9.0,4.0,10.0,H,1.2,1.6,1.4,0.4,1539.1183631504819,1592.739386836998,-53.62102368651608,-1.0,-0.19999999999999996,1.2000000000000002
9.0,15.0,7.0,7.0,H,3.2,1.4,1.2,1.2,1765.331678009701,1572.1741192494953,193.15755876020557,8.0,2.0,0.19999999999999996
9.0,12.0,4.0,6.0,A,3.0,1.4,2.2,2.4,1670.0482211640915,1761.217690307785,-91.1694691436935,6.0,0.7999999999999998,-1.0
0.0,4.0,4.0,10.0,H,2.0,2.2,1.4,0.6,1552.9006190452112,1681.5386124803395,-128.63799343512824,-6.0,0.6000000000000001,1.6
0.0,6.0,5.0,5.0,H,1.2,1.2,1.2,1.6,1503.6029566985878,1500.464565585192,3.1383911133957554,1.0,0.0,-0.40000000000000013
6.0,9.0,2.0,2.0,A,2.2,1.2,0.8,2.2,1603.730324859337,1501.86166987628,101.86865498305701,7.0,1.4000000000000001,-1.0000000000000002
3.0,3.0,1.0,1.0,H,1.2,2.0,1.0,2.6,1480.6710147038348,1431.4688064061095,49.20220829772529,2.0,0.19999999999999996,-0.6000000000000001
0.0,1.0,3.0,6.0,A,1.4,2.6,1.6,1.6,1420.66847814501,1514.4032849596872,-93.73480681467709,-5.0,-0.20000000000000018,1.0
3.0,7.0,6.0,9.0,H,1.0,0.8,1.2,1.6,1685.5092894562238,1535.1476861745975,150.36160328162623,-2.0,-0.19999999999999996,-0.8
3.0,7.0,6.0,9.0,H,1.2,1.2,1.8,2.0,1552.9080440283465,1485.8468800587536,67.06116396959283,-2.0,-0.6000000000000001,-0.8
3.0,7.0,4.0,4.0,H,1.0,0.6,1.8,3.0,1601.431262032312,1638.3366671307517,-36.905405098439815,3.0,-0.8,-2.4
1.0,1.0,6.0,9.0,D,1.0,3.0,2.6,1.6,1474.007254480063,1667.2784961608027,-193.27124168073965,-8.0,-1.6,1.4
3.0,3.0,6.0,6.0,D,1.0,1.8,2.0,2.2,1589.6031154210918,1486.162495045963,103.4406203751289,-3.0,-1.0,-0.40000000000000013
6.0,7.0,3.0,6.0,H,1.0,1.0,1.8,1.8,1578.8699453140487,1546.2047929806579,32.66515233339078,1.0,-0.8,-0.8
4.0,5.0,9.0,15.0,A,1.8,2.0,2.8,0.8,1498.2386774810175,1867.5515135715605,-369.312836090543,-10.0,-0.9999999999999998,1.2
6.0,8.0,6.0,9.0,A,2.2,2.0,2.2,1.8,1744.9195478086006,1620.0284673585215,124.89108045007902,-1.0,0.0,0.19999999999999996
2.0,5.0,9.0,15.0,A,1.8,2.4,2.2,1.2,1494.8830528766885,1770.9131907182045,-276.0301378415161,-10.0,-0.40000000000000013,1.2
4.0,10.0,6.0,9.0,H,3.0,1.4,2.4,1.6,1673.2770621991037,1614.0299013202205,59.24716087888328,1.0,0.6000000000000001,-0.20000000000000018
3.0,6.0,3.0,7.0,A,1.2,2.0,1.0,0.8,1478.6392234731074,1692.71694604187,-214.0777225687625,-1.0,0.19999999999999996,1.2
4.0,7.0,6.0,7.0,H,2.4,2.2,1.8,2.2,1500.4383606789272,1730.6436821756363,-230.20532149670908,0.0,0.5999999999999999,0.0
3.0,6.0,4.0,5.0,D,0.8,2.0,1.6,2.0,1531.3991719329576,1501.9871917226574,29.41198021030027,1.0,-0.8,0.0
3.0,4.0,6.0,10.0,A,1.6,2.8,1.4,0.6,1624.044124644938,1593.1624877998624,30.88163684507549,-6.0,0.20000000000000018,2.1999999999999997
6.0,6.0,6.0,7.0,D,1.6,1.4,1.2,1.2,1512.6515642639488,1554.6597647240849,-42.008200460136095,-1.0,0.40000000000000013,0.19999999999999996
9.0,15.0,3.0,7.0,D,2.2,0.8,0.8,0.8,1764.4112701746315,1607.933182575885,156.47808759874647,8.0,1.4000000000000001,0.0
3.0,9.0,0.0,1.0,H,2.4,1.8,1.4,2.6,1617.1487754629047,1417.5496040023259,199.59917146057887,8.0,1.0,-0.8
3.0,3.0,1.0,2.0,H,1.0,2.2,1.2,2.2,1551.6181030610535,1468.5939443996674,83.02415866138608,1.0,-0.19999999999999996,0.0
9.0,15.0,4.0,4.0,H,2.8,0.6,1.4,2.0,1869.5906918938051,1587.5639370988472,282.0267547949579,11.0,1.4,-1.4
4.0,10.0,1.0,5.0,D,2.6,1.4,1.6,2.4,1666.6295314453125,1501.5305836304797,165.09894781483285,5.0,1.0,-1.0
6.0,9.0,9.0,15.0,D,1.8,2.0,2.2,0.4,1621.2749620437455,1865.4645053129643,-244.1895432692188,-6.0,-0.40000000000000013,1.6
6.0,9.0,4.0,4.0,H,0.8,0.4,1.2,1.8,1697.4145542669276,1582.8663288737896,114.54822539313795,5.0,-0.3999999999999999,-1.4
3.0,6.0,4.0,7.0,H,1.2,1.8,0.8,1.8,1733.6744396274592,1528.3684144811348,205.30602514632437,-1.0,0.3999999999999999,0.0
0.0,0.0,7.0,13.0,D,1.0,2.6,2.0,0.8,1423.659663354254,1758.3012108227033,-334.6415474684493,-13.0,-1.0,1.8
1.0,3.0,6.0,6.0,H,1.2,2.2,1.4,2.0,1510.1037889246645,1543.0448977668686,-32.94110884220413,-3.0,-0.19999999999999996,0.20000000000000018
1.0,2.0,3.0,4.0,A,1.2,2.4,1.6,2.2,1460.1765147419303,1632.461554302675,-172.28503956074474,-2.0,-0.40000000000000013,0.19999999999999973
4.0,5.0,0.0,6.0,H,1.8,2.2,1.2,1.4,1508.5789564812792,1472.0474587144856,36.531497766793564,-1.0,0.6000000000000001,0.8000000000000003
9.0,9.0,7.0,7.0,H,1.4,0.6,2.0,1.6,1700.6659582431375,1509.4001602877388,191.26579795539874,2.0,-0.6000000000000001,-1.0
1.0,4.0,5.0,8.0,D,1.4,2.2,1.8,1.2,1582.3993361981281,1667.096524120974,-84.69718792284584,-4.0,-0.40000000000000013,1.0000000000000002
6.0,12.0,7.0,13.0,H,1.8,0.6,2.0,0.4,1607.7515519041885,1850.8754412086382,-243.12388930444968,-1.0,-0.19999999999999996,0.19999999999999996
4.0,7.0,4.0,7.0,H,0.8,0.8,1.8,2.2,1615.4894261654867,1613.7187184541438,1.7707077113429932,0.0,-1.0,-1.4000000000000001
4.0,7.0,7.0,10.0,D,1.6,1.6,2.2,1.6,1550.4911704037677,1504.6069549992444,45.884215404523275,-3.0,-0.6000000000000001,0.0
9.0,10.0,4.0,10.0,A,1.0,1.6,1.4,0.6,1488.693417577244,1854.5597863941418,-365.8663688168979,0.0,-0.3999999999999999,1.0
6.0,12.0,5.0,8.0,A,0.4,1.4,1.8,1.4,1425.9623445311308,1560.0608782355293,-134.0985337043985,4.0,-1.4,0.0
3.0,9.0,5.0,8.0,H,2.0,1.0,1.8,1.6,1736.2896191071598,1501.9917755195438,234.29784358761594,1.0,0.19999999999999996,-0.6000000000000001
0.0,3.0,3.0,6.0,D,1.0,1.6,1.0,1.6,1471.2146314614013,1543.877725019953,-72.66309355855174,-3.0,0.0,0.0
4.0,8.0,4.0,7.0,A,1.8,1.4,2.0,1.6,1495.7994522266374,1522.1796645423806,-26.380212315743165,1.0,-0.19999999999999996,-0.20000000000000018
5.0,6.0,7.0,7.0,H,1.4,1.2,1.0,1.0,1672.990294426889,1609.5956558595717,63.394638567317315,-1.0,0.3999999999999999,0.19999999999999996
1.0,5.0,5.0,11.0,D,1.4,1.8,2.0,1.0,1584.5498639852285,1756.150683035603,-171.6008190503744,-6.0,-0.6000000000000001,0.8
9.0,12.0,3.0,6.0,D,1.6,0.6,2.0,2.0,1605.6178272208965,1634.595278985967,-28.977451765070555,6.0,-0.3999999999999999,-1.4
9.0,12.0,1.0,4.0,H,1.8,0.6,0.4,2.8,1704.117503598101,1524.9168691261714,179.20063447192956,8.0,1.4,-2.1999999999999997
4.0,8.0,3.0,9.0,H,1.8,1.6,0.4,0.8,1507.318439358598,1420.6356806920767,86.6827586665213,-1.0,1.4,0.8
4.0,10.0,7.0,10.0,A,2.2,1.4,1.6,0.8,1511.703337279567,1616.09415448371,-104.3908172041431,0.0,0.6000000000000001,0.5999999999999999
3.0,9.0,1.0,1.0,H,2.0,1.2,0.4,1.6,1758.1173706264506,1469.2479438705536,288.86942675589694,8.0,1.6,-0.40000000000000013
1.0,4.0,4.0,7.0,A,0.4,1.8,2.0,1.8,1514.5946720025902,1624.040915577725,-109.44624357513476,-3.0,-1.6,0.0
4.0,7.0,9.0,15.0,H,1.8,1.6,2.0,0.4,1643.7203013103165,1694.9924812737515,-51.272179963435065,-8.0,-0.19999999999999996,1.2000000000000002
4.0,10.0,5.0,9.0,H,1.6,0.4,2.4,1.0,1857.8615557059356,1669.6885251150952,188.17303059084043,1.0,-0.7999999999999998,-0.6
4.0,7.0,2.0,3.0,H,1.2,1.2,1.0,1.8,1552.1865376816604,1576.241051323521,-24.054513641860694,4.0,0.19999999999999996,-0.6000000000000001
4.0,7.0,4.0,7.0,H,1.2,1.8,1.4,1.2,1614.1167999501868,1491.2783081360224,122.8384918141644,0.0,-0.19999999999999996,0.6000000000000001
5.0,8.0,6.0,9.0,A,1.2,0.8,1.8,1.0,1552.2203770749934,1744.1301202676957,-191.9097431927023,-1.0,-0.6000000000000001,-0.19999999999999996
6.0,12.0,4.0,8.0,H,1.6,0.8,1.4,1.2,1698.1985155284035,1504.112405103946,194.0861104244575,4.0,0.20000000000000018,-0.3999999999999999
3.0,4.0,0.0,1.0,A,0.4,1.8,0.4,2.6,1479.1063304745549,1526.7666496640577,-47.66031918950284,3.0,0.0,-0.8
6.0,10.0,4.0,7.0,A,2.6,1.2,1.6,1.4,1609.4620282596989,1566.7654249996865,42.69660326001235,3.0,1.0,-0.19999999999999996
9.0,9.0,3.0,7.0,D,1.6,1.0,1.2,1.4,1736.7016539336407,1519.131803613622,217.56985032001876,2.0,0.40000000000000013,-0.3999999999999999
1.0,1.0,7.0,7.0,A,0.4,1.6,2.0,1.6,1461.3591951670744,1651.6090500137957,-190.2498548467213,-6.0,-1.6,0.0
7.0,13.0,4.0,8.0,D,2.2,0.6,1.2,0.8,1611.6987049843437,1556.6158265743597,55.082878409984005,5.0,1.0000000000000002,-0.20000000000000007
4.0,8.0,5.0,9.0,A,2.0,0.8,2.4,1.4,1659.3556035988095,1768.4502921427363,-109.09468854392685,-1.0,-0.3999999999999999,-0.5999999999999999
6.0,9.0,6.0,10.0,A,0.6,2.0,2.0,1.6,1479.4238580962028,1623.386359431228,-143.96250133502508,-1.0,-1.4,0.3999999999999999
3.0,6.0,6.0,10.0,A,0.6,0.8,1.2,0.4,1418.1254208942555,1860.3718155037568,-442.2463946095013,-4.0,-0.6,0.4
0.0,3.0,0.0,4.0,D,0.6,1.2,0.4,1.4,1417.007059074496,1480.2246922943143,-63.217633219818254,-1.0,0.19999999999999996,-0.19999999999999996
5.0,11.0,1.0,1.0,D,2.0,0.8,0.4,1.6,1605.5262989549153,1467.5316011965028,137.99469775841249,10.0,1.6,-0.8
3.0,9.0,7.0,10.0,A,0.6,2.0,2.2,1.2,1471.472127142954,1659.5607809670446,-188.08865382409067,-1.0,-1.6,0.8
4.0,5.0,3.0,7.0,A,1.4,1.8,1.4,1.4,1561.6559272728807,1518.6975291545864,42.958398118294326,-2.0,0.0,0.40000000000000013
9.0,10.0,4.0,5.0,H,1.4,0.6,1.2,1.8,1861.8338637925722,1517.6697553248066,344.1641084677656,5.0,0.19999999999999996,-1.2000000000000002
6.0,7.0,3.0,5.0,H,2.2,1.6,1.4,1.0,1618.0297654687213,1650.787866389787,-32.75810092106576,2.0,0.8000000000000003,0.6000000000000001
4.0,6.0,3.0,4.0,H,1.0,1.0,0.6,2.2,1563.0432745763255,1520.339201662092,42.70407291423362,2.0,0.4,-1.2000000000000002
7.0,9.0,6.0,10.0,H,2.2,1.6,2.2,1.6,1772.3727611710665,1619.4638904028977,152.90887076816875,-1.0,0.0,0.0
7.0,10.0,6.0,12.0,H,2.0,0.8,2.0,1.2,1742.9137720847773,1691.986397377267,50.92737470751035,-2.0,0.0,-0.3999999999999999
0.0,4.0,5.0,9.0,H,1.6,1.6,1.8,1.0,1656.8346109858594,1599.479554358843,57.35505662701644,-5.0,-0.19999999999999996,0.6000000000000001
9.0,10.0,9.0,12.0,A,2.0,1.2,2.2,0.6,1561.855965358607,1866.7433234336518,-304.88735807504486,-2.0,-0.20000000000000018,0.6
3.0,9.0,6.0,9.0,A,1.4,1.6,2.6,1.6,1677.3598212107584,1632.6563416352299,44.70347957552849,0.0,-1.2000000000000002,0.0
9.0,13.0,1.0,4.0,H,3.0,1.0,1.0,1.4,1662.0044849177561,1414.5633551237845,247.44112979397164,9.0,2.0,-0.3999999999999999
6.0,9.0,4.0,8.0,H,2.0,2.0,1.2,1.0,1625.2431354862586,1557.2640294929647,67.97910599329384,1.0,0.8,1.0
3.0,3.0,9.0,11.0,A,0.8,2.6,2.6,1.4,1514.4556311334268,1778.2563316997316,-263.80070056630484,-8.0,-1.8,1.2000000000000002
1.0,2.0,3.0,5.0,D,0.8,1.8,1.2,1.2,1467.3625018271819,1561.8250266422017,-94.46252481501983,-3.0,-0.3999999999999999,0.6000000000000001
1.0,4.0,7.0,13.0,A,0.6,1.6,2.6,0.8,1474.5925900590667,1748.545874320025,-273.9532842609583,-9.0,-2.0,0.8
6.0,7.0,0.0,6.0,D,1.4,1.4,1.0,2.8,1514.696690533895,1475.4729657636453,39.223724770249646,1.0,0.3999999999999999,-1.4
4.0,7.0,4.0,7.0,D,1.2,1.4,1.0,2.0,1553.4492803458297,1521.4845044719416,31.96477587388813,0.0,0.19999999999999996,-0.6000000000000001
9.0,15.0,4.0,7.0,H,2.8,0.6,1.4,1.4,1868.123276125009,1513.3167378425378,354.80653828247114,8.0,1.4,-0.7999999999999999
2.0,6.0,1.0,1.0,A,1.6,1.2,0.4,1.8,1583.7812162177536,1490.290928200156,93.49028801759755,5.0,1.2000000000000002,-0.6000000000000001
1.0,4.0,3.0,6.0,A,1.0,2.8,1.2,2.0,1468.3242356061821,1684.5085513682216,-216.18431576203943,-2.0,-0.19999999999999996,0.7999999999999998
9.0,13.0,6.0,10.0,H,2.4,0.8,2.0,1.4,1781.0417783404537,1559.0705187178849,221.97125962256882,3.0,0.3999999999999999,-0.5999999999999999
7.0,13.0,9.0,13.0,D,1.8,0.8,2.6,1.0,1743.6394258977705,1666.9109333400106,76.72849255775986,0.0,-0.8,-0.19999999999999996
6.0,12.0,2.0,3.0,H,3.0,1.4,0.8,1.6,1636.2245507606212,1463.7942927017905,172.43025805883076,9.0,2.2,-0.20000000000000018
4.0,5.0,6.0,9.0,A,1.0,1.0,2.2,2.0,1550.7759889373342,1636.292173191126,-85.51618425379183,-4.0,-1.2000000000000002,-1.0
1.0,1.0,3.0,6.0,A,1.0,1.8,1.6,1.4,1408.4437472414484,1662.9542188681955,-254.51047162674718,-5.0,-0.6000000000000001,0.40000000000000013
1.0,4.0,9.0,15.0,H,1.2,2.2,2.6,0.6,1530.686983074393,1851.8919241840426,-321.20494110964955,-11.0,-1.4000000000000001,1.6
3.0,9.0,1.0,1.0,H,2.0,1.8,1.0,3.2,1562.8929972579979,1404.6212687013353,158.27172855666254,8.0,1.0,-1.4000000000000001
7.0,13.0,9.0,15.0,H,2.6,1.0,2.8,0.8,1677.3174276370669,1770.6352840433974,-93.31785640633052,-2.0,-0.19999999999999973,0.19999999999999996
6.0,6.0,1.0,1.0,H,2.2,1.2,0.8,2.6,1666.0539176164766,1465.224536857901,200.82938075857555,5.0,1.4000000000000001,-1.4000000000000001
3.0,6.0,4.0,5.0,A,1.2,2.0,1.0,1.4,1668.6914605142092,1569.266371199842,99.42508931436714,1.0,0.19999999999999996,0.6000000000000001
4.0,4.0,1.0,1.0,A,1.0,1.8,0.6,2.2,1477.7491123175248,1512.5418158826312,-34.79270356510642,3.0,0.4,-0.40000000000000013
2.0,2.0,7.0,11.0,A,0.8,2.0,1.8,1.0,1458.5530260672156,1748.8806925323454,-290.3276664651298,-9.0,-1.0,1.0
6.0,12.0,9.0,12.0,H,2.2,1.0,2.8,1.4,1643.4890796968693,1629.027644254878,14.461435441991398,0.0,-0.5999999999999996,-0.3999999999999999
4.0,7.0,1.0,5.0,D,1.2,1.4,1.4,1.4,1512.4686791032386,1584.6292749570528,-72.16059585381413,2.0,-0.19999999999999996,0.0
4.0,5.0,1.0,4.0,A,0.8,2.0,0.8,1.0,1509.476989683269,1562.7835037260068,-53.30651404273772,1.0,0.0,1.0
4.0,4.0,1.0,1.0,A,0.8,1.6,0.8,2.4,1498.5387563506679,1479.2275963898644,19.31115996080348,3.0,0.0,-0.7999999999999998
4.0,8.0,2.0,5.0,D,1.2,1.2,1.0,1.4,1565.036700703231,1516.6983495998497,48.33835110338123,3.0,0.19999999999999996,-0.19999999999999996
3.0,6.0,1.0,3.0,H,1.2,1.8,1.0,1.6,1673.8393807495568,1579.4813547217052,94.35802602785157,3.0,0.19999999999999996,0.19999999999999996
4.0,5.0,0.0,1.0,H,0.8,1.8,0.8,3.2,1514.1807516054348,1399.9175067791696,114.26324482626524,4.0,0.0,-1.4000000000000001
3.0,4.0,4.0,7.0,A,1.0,2.0,1.0,0.4,1468.754650456032,1573.256449659839,-104.50179920380697,-3.0,0.0,1.6
4.0,4.0,7.0,13.0,A,1.0,1.4,2.6,1.2,1490.768113482902,1685.0880705048328,-194.3199570219308,-9.0,-1.6,0.19999999999999996
3.0,4.0,1.0,2.0,H,1.2,1.4,0.6,2.2,1484.4469234208643,1451.855214963876,32.59170845698827,2.0,0.6,-0.8000000000000003
6.0,9.0,6.0,12.0,D,2.2,2.4,2.4,1.0,1630.2195160519532,1769.4434122463222,-139.223896194369,-3.0,-0.19999999999999973,1.4
3.0,9.0,9.0,9.0,D,1.8,1.6,2.6,1.0,1562.983973349169,1665.9629415253055,-102.9789681761365,0.0,-0.8,0.6000000000000001
4.0,7.0,9.0,12.0,D,1.4,1.6,2.6,1.2,1531.0552903626458,1643.1207724086166,-112.06548204597084,-5.0,-1.2000000000000002,0.40000000000000013
7.0,11.0,6.0,12.0,H,2.4,1.0,2.6,1.0,1758.967360576177,1841.805256140211,-82.83789556403394,-1.0,-0.20000000000000018,0.0
2.0,6.0,3.0,4.0,D,0.6,0.8,0.8,1.2,1513.2245913836985,1494.2418716990533,18.98271968464519,2.0,-0.20000000000000007,-0.3999999999999999
0.0,1.0,6.0,6.0,A,0.8,3.4,1.0,1.6,1394.54329663607,1679.2135908926564,-284.67029425658643,-5.0,-0.19999999999999996,1.7999999999999998
6.0,7.0,7.0,13.0,D,1.2,0.6,2.2,0.6,1575.6745515739437,1756.5492586620724,-180.87470708812862,-6.0,-1.0000000000000002,0.0
7.0,10.0,5.0,8.0,H,2.8,1.0,1.0,1.0,1670.748565267383,1560.2510769611536,110.49748830622934,2.0,1.7999999999999998,0.0
4.0,10.0,6.0,7.0,H,2.4,1.2,1.8,1.2,1771.4094829857045,1482.480852681482,288.92863030422245,3.0,0.5999999999999999,0.0
1.0,2.0,3.0,4.0,H,1.0,1.8,0.8,1.8,1584.064625238852,1464.1713799388854,119.89324529996657,-2.0,0.19999999999999996,0.0
0.0,2.0,5.0,5.0,A,0.6,2.4,1.4,1.8,1441.2572592084155,1541.6532461181064,-100.39598690969092,-3.0,-0.7999999999999999,0.5999999999999999
3.0,9.0,4.0,10.0,H,2.2,1.0,2.4,2.2,1844.657817005569,1627.366955186595,217.290861818974,-1.0,-0.19999999999999973,-1.2000000000000002
7.0,10.0,4.0,7.0,H,2.2,1.2,1.6,1.8,1648.3555478717117,1557.749197886074,90.60634998563773,3.0,0.6000000000000001,-0.6000000000000001
7.0,13.0,4.0,7.0,H,2.4,1.2,1.0,1.6,1688.562530810594,1510.7062912996737,177.8562395109202,6.0,1.4,-0.40000000000000013
4.0,5.0,9.0,13.0,A,0.4,1.4,1.8,0.8,1551.0641472748325,1697.749460496915,-146.6853132220824,-8.0,-1.4,0.5999999999999999
7.0,8.0,4.0,4.0,A,1.6,0.8,1.2,1.4,1563.0972590545898,1596.6419177582059,-33.54465870361605,4.0,0.40000000000000013,-0.5999999999999999
7.0,11.0,0.0,0.0,H,2.0,0.8,0.6,3.4,1757.8573519009828,1393.2352033971595,364.6221485038234,11.0,1.4,-2.5999999999999996
0.0,1.0,3.0,3.0,H,0.4,2.4,0.6,2.2,1449.0742530034984,1456.3543861438025,-7.280133140304088,-2.0,-0.19999999999999996,0.19999999999999973
7.0,8.0,7.0,13.0,D,1.4,1.4,3.4,0.4,1542.4887245900977,1669.9130867953916,-127.42436220529385,-5.0,-2.0,0.9999999999999999
4.0,10.0,3.0,4.0,H,2.2,1.2,0.8,1.2,1773.6666363547513,1510.9674380146516,262.69919834009966,6.0,1.4000000000000001,0.0
1.0,7.0,3.0,7.0,D,2.0,2.4,0.8,1.0,1621.830662695654,1516.2425837906148,105.58807890503908,0.0,1.2,1.4
6.0,9.0,3.0,9.0,A,1.2,1.2,1.6,1.0,1671.0752611573344,1852.7961467408911,-181.72088558355676,0.0,-0.40000000000000013,0.19999999999999996
4.0,4.0,3.0,6.0,A,1.4,2.4,1.4,1.2,1543.0930008089224,1497.1370497586336,45.95595105028883,-2.0,0.0,1.2
7.0,13.0,1.0,5.0,H,3.0,0.8,1.2,1.4,1652.116349291663,1490.481070279102,161.6352790125611,8.0,1.8,-0.5999999999999999
5.0,11.0,7.0,11.0,H,3.6,0.8,2.8,0.8,1679.566234048567,1748.2042046478075,-68.63797059924059,0.0,0.8000000000000003,0.0
0.0,0.0,5.0,9.0,H,0.4,4.0,1.6,1.2,1404.6434128270962,1531.080515160161,-126.43710233306479,-9.0,-1.2000000000000002,2.8
6.0,9.0,3.0,3.0,H,1.6,0.8,0.8,2.6,1853.839557852383,1448.0308418920065,405.8087159603765,6.0,0.8,-1.8
4.0,5.0,6.0,9.0,A,0.8,1.2,1.0,1.2,1507.8078212482867,1679.5100236996625,-171.7022024513758,-4.0,-0.19999999999999996,0.0
0.0,3.0,1.0,5.0,A,0.8,2.4,0.4,1.2,1446.2021325956673,1561.2164008229677,-115.01426822730036,-2.0,0.4,1.2
6.0,9.0,2.0,5.0,D,1.6,1.0,1.6,2.4,1497.8465947174755,1621.121117736812,-123.27452301933658,4.0,0.0,-1.4
6.0,7.0,1.0,4.0,H,1.6,1.2,1.2,2.0,1602.4893285858154,1537.2455899813128,65.2437386045026,3.0,0.40000000000000013,-0.8
2.0,3.0,7.0,13.0,H,0.6,1.6,3.0,0.8,1522.1462920629647,1640.93749524335,-118.79120318038531,-10.0,-2.4,0.8
1.0,4.0,7.0,10.0,D,1.2,1.8,2.2,1.0,1495.3138353875072,1768.833871246346,-273.5200358588388,-6.0,-1.0000000000000002,0.8
9.0,13.0,4.0,7.0,A,1.8,0.8,1.6,1.2,1681.8643617315183,1578.9823578199864,102.88200391153191,6.0,0.19999999999999996,-0.3999999999999999
3.0,3.0,7.0,11.0,H,0.8,3.2,2.2,0.8,1461.6456591005249,1665.9514168400485,-204.30575773952364,-8.0,-1.4000000000000001,2.4000000000000004
4.0,8.0,6.0,12.0,H,1.6,1.4,1.6,1.2,1542.531870392402,1670.4130064992773,-127.88113610687537,-4.0,0.0,0.19999999999999996
4.0,10.0,0.0,3.0,H,2.4,0.6,0.8,2.4,1750.003426721533,1444.4029105219417,305.6005161995913,7.0,1.5999999999999999,-1.7999999999999998
3.0,7.0,4.0,7.0,A,0.8,1.2,1.2,1.0,1546.832661790417,1512.2303337500261,34.60232804039083,0.0,-0.3999999999999999,0.19999999999999996
6.0,9.0,2.0,2.0,H,1.0,1.2,1.0,1.8,1682.7703214110984,1492.0535376760713,190.7167837350271,7.0,0.0,-0.6000000000000001
6.0,10.0,1.0,4.0,H,2.8,1.2,0.8,1.4,1645.08111478636,1503.6642017052766,141.41691308108352,6.0,1.9999999999999998,-0.19999999999999996
2.0,3.0,3.0,3.0,D,1.2,2.4,0.8,2.6,1613.9054971852245,1411.8590333786838,202.04646380654071,0.0,0.3999999999999999,-0.20000000000000018
7.0,8.0,9.0,10.0,H,1.8,1.0,2.0,1.0,1772.3843835379018,1598.9388162942596,173.44556724364224,-2.0,-0.19999999999999996,0.0
0.0,4.0,4.0,6.0,H,1.4,2.0,1.0,1.2,1544.0488639033022,1515.3430181409753,28.705845762326817,-2.0,0.3999999999999999,0.8
4.0,10.0,9.0,9.0,D,2.4,1.2,2.4,1.0,1583.629281651033,1849.1926340213365,-265.5633523703036,1.0,0.0,0.19999999999999996
0.0,0.0,3.0,4.0,A,0.6,2.8,1.6,2.4,1434.3927202446403,1554.0590541806037,-119.6663339359634,-4.0,-1.0,0.3999999999999999
4.0,4.0,6.0,6.0,A,1.0,2.4,1.2,2.4,1400.4237556099536,1473.080936869255,-72.65718125930152,-2.0,-0.19999999999999996,0.0
6.0,9.0,6.0,10.0,A,1.8,1.4,2.2,0.8,1590.3980814089646,1758.544161606828,-168.1460801978635,-1.0,-0.40000000000000013,0.5999999999999999
3.0,5.0,3.0,4.0,A,1.2,1.6,1.2,1.4,1505.3016431980302,1623.9468721281696,-118.64522893013941,1.0,0.0,0.20000000000000018
7.0,10.0,7.0,11.0,D,3.0,1.4,2.2,0.6,1844.5017957175696,1777.0752218416687,67.42657387590089,-1.0,0.7999999999999998,0.7999999999999999
1.0,2.0,3.0,4.0,H,0.8,1.6,1.0,1.8,1500.7592765309296,1538.1269229355587,-37.36764640462911,-2.0,-0.19999999999999996,-0.19999999999999996
4.0,8.0,4.0,8.0,H,1.8,1.2,2.8,2.0,1671.1377219040094,1578.442976587072,92.69474531693731,0.0,-0.9999999999999998,-0.8
3.0,9.0,6.0,10.0,A,1.4,1.4,2.2,1.2,1656.9544009231415,1658.539720362496,-1.5853194393544072,-1.0,-0.8000000000000003,0.19999999999999996
7.0,10.0,6.0,12.0,A,1.6,1.0,1.2,1.0,1504.2331929492798,1690.7674622118448,-186.53426926256498,-2.0,0.40000000000000013,0.0
1.0,4.0,4.0,8.0,H,1.0,1.6,1.6,1.4,1511.922607718157,1534.2734643795216,-22.35085666136456,-4.0,-0.6000000000000001,0.20000000000000018
6.0,10.0,3.0,7.0,H,2.2,0.8,1.8,1.8,1761.2227529711317,1531.594873015218,229.62787995591384,3.0,0.40000000000000013,-1.0
3.0,9.0,4.0,5.0,H,1.6,1.2,1.2,1.6,1595.4242402521097,1495.7331176877844,99.69112256432527,4.0,0.40000000000000013,-0.40000000000000013
0.0,0.0,4.0,4.0,H,0.6,2.4,1.0,2.4,1440.7171665270166,1394.0993093275772,46.61785719943941,-4.0,-0.4,0.0
3.0,4.0,4.0,7.0,A,1.6,2.2,1.0,1.6,1492.4720284462778,1517.0628077010324,-24.59077925475458,-3.0,0.6000000000000001,0.6000000000000001
6.0,10.0,9.0,12.0,H,2.2,1.0,1.4,0.8,1678.864876644101,1683.040307471753,-4.175430827652008,-2.0,0.8000000000000003,0.19999999999999996
6.0,6.0,3.0,3.0,D,1.6,2.2,1.2,2.2,1550.840823349493,1541.3451537666695,9.495669582823439,3.0,0.40000000000000013,0.0
5.0,11.0,0.0,6.0,D,3.2,1.4,1.4,1.8,1837.7097931064363,1663.7464035342748,173.96338957216153,5.0,1.8000000000000003,-0.40000000000000013
5.0,11.0,3.0,4.0,H,2.0,0.4,1.0,1.8,1779.253297941851,1509.7445316179746,269.50876632387644,7.0,1.0,-1.4
6.0,9.0,6.0,12.0,D,1.8,2.0,2.4,1.2,1475.4922050962814,1656.1284521354696,-180.63624703918822,-3.0,-0.5999999999999999,0.8
4.0,5.0,5.0,6.0,H,2.2,2.6,1.4,1.4,1586.8871905696378,1615.5026581456038,-28.615467575966022,-1.0,0.8000000000000003,1.2000000000000002
3.0,4.0,3.0,3.0,H,1.6,2.0,1.6,1.8,1536.594242609739,1435.7177969324955,100.87644567724351,1.0,0.0,0.19999999999999996
3.0,4.0,9.0,12.0,A,1.0,1.8,2.2,0.6,1490.166013137446,1766.7898575214701,-276.6238443840241,-8.0,-1.2000000000000002,1.2000000000000002
4.0,6.0,3.0,9.0,H,1.6,1.6,1.6,1.4,1622.1778619551244,1588.7490364425892,33.42882551253524,-3.0,0.0,0.20000000000000018
1.0,4.0,7.0,10.0,A,1.4,1.6,2.0,2.0,1526.9038600724423,1489.9334987905086,36.97036128193372,-6.0,-0.6000000000000001,-0.3999999999999999
3.0,4.0,0.0,3.0,H,1.6,2.2,1.2,2.0,1516.4917604682391,1485.7247995960133,30.76696087222581,1.0,0.40000000000000013,0.20000000000000018
1.0,4.0,7.0,11.0,A,0.8,3.0,2.4,1.0,1390.8540291423956,1782.4985781270327,-391.64454898463714,-7.0,-1.5999999999999999,2.0
7.0,10.0,3.0,9.0,H,2.0,1.4,3.4,1.8,1668.4343281247616,1825.4039171171444,-156.9695889923828,1.0,-1.4,-0.40000000000000013
6.0,9.0,4.0,7.0,H,1.0,0.8,2.4,2.6,1687.9266744506765,1582.0008235907144,105.92585085996211,2.0,-1.4,-1.8
6.0,10.0,6.0,10.0,H,1.2,1.2,1.6,1.0,1528.8230873023408,1667.1045970427926,-138.28150974045184,0.0,-0.40000000000000013,0.19999999999999996
1.0,4.0,7.0,7.0,A,1.6,2.4,1.6,1.6,1648.2855121796656,1566.301714704102,81.9837974755635,-3.0,0.0,0.7999999999999998
7.0,10.0,9.0,12.0,H,1.6,1.2,2.0,1.2,1678.386996809501,1756.8371888367308,-78.45019202722983,-2.0,-0.3999999999999999,0.0
0.0,4.0,3.0,6.0,H,0.8,2.4,1.4,1.8,1403.5994027417257,1576.003662843259,-172.40426010153328,-2.0,-0.5999999999999999,0.5999999999999999
3.0,6.0,0.0,3.0,D,1.4,1.6,1.2,2.4,1532.5056798522387,1489.8133623535136,42.69231749872506,3.0,0.19999999999999996,-0.7999999999999998
6.0,8.0,3.0,3.0,D,1.8,1.6,1.4,1.6,1615.402753876753,1442.492905010867,172.90984886588603,5.0,0.40000000000000013,0.0
1.0,4.0,7.0,11.0,A,1.2,1.6,2.2,1.0,1521.105058949883,1788.297379249592,-267.1923202997091,-7.0,-1.0000000000000002,0.6000000000000001
6.0,12.0,7.0,10.0,A,1.4,0.4,2.0,1.8,1670.9760014953783,1506.8841717458067,164.09182974957162,2.0,-0.6000000000000001,-1.4
6.0,10.0,3.0,7.0,H,1.6,1.2,2.6,2.6,1537.4835339368012,1573.340376956254,-35.856843019452754,3.0,-1.0,-1.4000000000000001
6.0,6.0,7.0,10.0,H,2.4,2.0,2.0,1.6,1525.0571403224624,1557.7363348498789,-32.679194527416485,-4.0,0.3999999999999999,0.3999999999999999
3.0,4.0,2.0,6.0,A,1.4,2.0,2.8,2.0,1486.0621202237235,1829.507810030867,-343.4456898071435,-2.0,-1.4,0.0
1.0,1.0,6.0,9.0,H,1.4,2.6,1.2,1.2,1655.9905514669913,1659.399557755467,-3.4090062884756662,-8.0,0.19999999999999996,1.4000000000000001
1.0,1.0,4.0,4.0,A,1.0,2.6,2.0,2.0,1481.6953898023592,1664.1085240181458,-182.4131342157866,-3.0,-1.0,0.6000000000000001
4.0,4.0,9.0,12.0,A,1.6,1.4,1.8,1.0,1432.3487337114504,1547.6277052362177,-115.27897152476726,-8.0,-0.19999999999999996,0.3999999999999999
3.0,6.0,6.0,9.0,H,1.2,2.0,3.4,1.8,1663.5202902428282,1520.9364078351011,142.58388240772706,-3.0,-2.2,0.19999999999999996
3.0,4.0,3.0,4.0,H,1.8,2.8,0.6,2.2,1576.834154561348,1400.1056251366317,176.72852942471627,0.0,1.2000000000000002,0.5999999999999996
4.0,6.0,1.0,1.0,D,2.0,2.0,1.0,2.0,1821.2476075647544,1529.3652614159955,291.88234614875887,5.0,1.0,0.0
6.0,12.0,4.0,8.0,H,2.0,1.2,1.8,1.6,1760.8259559984224,1611.4139867150614,149.41196928336103,4.0,0.19999999999999996,-0.40000000000000013
3.0,3.0,7.0,13.0,A,0.8,1.6,1.8,0.8,1566.0722596330622,1688.3184000196977,-122.24614038663549,-10.0,-1.0,0.8
4.0,10.0,4.0,7.0,H,1.6,2.0,1.4,1.4,1564.2802948085227,1525.9617198935948,38.31857491492792,3.0,0.20000000000000018,0.6000000000000001
9.0,13.0,3.0,9.0,D,2.4,1.0,1.2,1.0,1782.7479125444313,1676.525468200539,106.22244434389222,4.0,1.2,0.0
1.0,2.0,4.0,7.0,D,1.0,1.8,1.6,1.8,1528.8490414776486,1611.9302066534083,-83.08116517575968,-5.0,-0.6000000000000001,0.0
9.0,13.0,3.0,3.0,D,1.6,0.8,0.4,2.4,1680.2518916216186,1408.1721335347108,272.07975808690776,10.0,1.2000000000000002,-1.5999999999999999
7.0,11.0,6.0,12.0,D,1.8,1.0,1.8,1.0,1779.3760041428593,1764.1978643999944,15.178139742864914,-1.0,0.0,0.0
6.0,7.0,9.0,12.0,H,2.2,1.6,1.6,0.6,1668.5758223326882,1543.1604069216753,125.41541541101287,-5.0,0.6000000000000001,1.0
1.0,1.0,7.0,13.0,A,0.6,2.4,2.4,0.6,1469.574821971694,1519.0047395764718,-49.429917604777756,-12.0,-1.7999999999999998,1.7999999999999998
6.0,9.0,1.0,4.0,A,3.2,1.8,1.4,1.2,1505.9853703384504,1447.2997712081012,58.685599130349146,5.0,1.8000000000000003,0.6000000000000001
6.0,10.0,4.0,7.0,H,1.6,1.6,1.0,1.0,1574.6325933703704,1666.1731696386914,-91.54057626832105,3.0,0.6000000000000001,0.6000000000000001
0.0,3.0,3.0,9.0,H,1.4,2.2,1.8,1.6,1498.2553287837602,1651.3270816827915,-153.07175289903125,-6.0,-0.40000000000000013,0.6000000000000001
4.0,4.0,3.0,6.0,H,1.0,1.8,1.4,2.0,1534.5570640543388,1568.238810400604,-33.6817463462653,-2.0,-0.3999999999999999,-0.19999999999999996
3.0,6.0,1.0,1.0,A,1.0,1.6,0.6,2.4,1634.6259517196895,1486.275951934796,148.3499997848935,5.0,0.4,-0.7999999999999998
9.0,13.0,3.0,6.0,H,2.6,1.0,2.6,1.8,1525.8618634136158,1499.1282465013064,26.733616912309344,7.0,0.0,-0.8
4.0,4.0,3.0,6.0,A,0.4,2.0,1.6,2.0,1397.8867824369804,1508.5406798814906,-110.65389744451022,-2.0,-1.2000000000000002,0.0
4.0,7.0,5.0,11.0,A,1.6,0.8,1.8,1.0,1443.1361948885124,1783.5395804624482,-340.4033855739358,-4.0,-0.19999999999999996,-0.19999999999999996
1.0,4.0,7.0,11.0,H,0.4,1.4,1.4,0.8,1673.7493677482737,1672.6756935120363,1.0736742362373661,-7.0,-0.9999999999999999,0.5999999999999999
0.0,3.0,4.0,7.0,A,1.0,1.4,1.0,1.4,1552.457947780937,1548.171375906464,4.286571874473111,-4.0,0.0,0.0
3.0,6.0,2.0,3.0,H,1.4,1.6,1.0,1.6,1574.4290919480543,1522.6587599301984,51.770332017855935,3.0,0.3999999999999999,0.0
6.0,12.0,4.0,6.0,A,1.8,0.4,1.6,1.6,1537.8799068381443,1826.5281076482854,-288.64820081014113,6.0,0.19999999999999996,-1.2000000000000002
2.0,5.0,9.0,10.0,H,1.2,1.6,2.4,1.4,1620.6888037952085,1659.817225190888,-39.128421395679425,-5.0,-1.2,0.20000000000000018
4.0,10.0,6.0,10.0,A,1.8,1.2,1.6,1.4,1747.3746985882692,1591.4557591820956,155.91893940617365,0.0,0.19999999999999996,-0.19999999999999996
6.0,10.0,3.0,9.0,H,1.6,1.2,1.8,1.0,1555.099433121693,1530.9518496229152,24.14758349877775,1.0,-0.19999999999999996,0.19999999999999996
7.0,8.0,1.0,4.0,H,2.0,1.6,0.8,1.6,1827.4384301510252,1396.9764599342407,430.4619702167845,4.0,1.2,0.0
3.0,4.0,4.0,7.0,H,1.2,2.4,1.0,1.6,1498.7417576584342,1661.2835620246356,-162.5418043662014,-3.0,0.19999999999999996,0.7999999999999998
4.0,10.0,3.0,4.0,H,1.4,1.0,0.6,1.2,1675.2847025462074,1440.5271858543413,234.75751669186616,6.0,0.7999999999999999,-0.19999999999999996
6.0,6.0,6.0,6.0,A,1.8,2.2,1.2,1.4,1497.562012067442,1585.4077597621028,-87.84574769466076,0.0,0.6000000000000001,0.8000000000000003
2.0,2.0,0.0,3.0,H,1.0,1.8,1.2,2.0,1530.6652732089553,1544.45143450218,-13.786161293224723,-1.0,-0.19999999999999996,-0.19999999999999996
0.0,6.0,4.0,7.0,H,2.0,1.6,1.4,1.4,1513.1537401645837,1733.349204924992,-220.19546476040819,-1.0,0.6000000000000001,0.20000000000000018
6.0,9.0,9.0,13.0,H,2.2,1.6,2.6,0.8,1663.9452520580157,1521.733836546488,142.21141551152778,-4.0,-0.3999999999999999,0.8
5.0,11.0,3.0,3.0,H,1.4,0.4,1.0,2.2,1787.392643239616,1630.7728889425216,156.61975429709446,8.0,0.3999999999999999,-1.8000000000000003
9.0,12.0,4.0,8.0,D,1.8,1.2,1.6,1.4,1589.4466302017074,1622.6979327755967,-33.251302573889234,4.0,0.19999999999999996,-0.19999999999999996
3.0,4.0,6.0,6.0,D,1.0,1.6,2.0,2.2,1439.2968142675234,1498.79238365426,-59.49556938673663,-2.0,-1.0,-0.6000000000000001
0.0,3.0,7.0,10.0,A,1.4,2.4,1.8,1.0,1623.4855111178078,1834.725807975739,-211.24029685793107,-7.0,-0.40000000000000013,1.4
6.0,9.0,3.0,6.0,H,1.6,1.4,1.4,1.8,1590.8197862827349,1507.7417136439517,83.07807263878317,3.0,0.20000000000000018,-0.40000000000000013
0.0,6.0,4.0,10.0,D,1.2,1.6,1.8,1.4,1532.2209712989088,1674.0155808702139,-141.79460957130505,-4.0,-0.6000000000000001,0.20000000000000018
3.0,4.0,6.0,12.0,D,0.8,1.8,2.6,1.4,1658.5530103013905,1666.6758037812608,-8.122793479870325,-8.0,-1.8,0.40000000000000013
1.0,4.0,4.0,5.0,H,0.8,1.2,1.6,1.6,1736.329400327491,1527.6850778064563,208.6443225210346,-1.0,-0.8,-0.40000000000000013
0.0,0.0,6.0,7.0,H,0.8,2.4,1.6,1.6,1550.4873026947066,1492.7058894659076,57.78141322879901,-7.0,-0.8,0.7999999999999998
1.0,4.0,7.0,10.0,D,0.8,1.6,1.4,1.0,1399.5768528212163,1586.8462373147318,-187.26938449351542,-6.0,-0.5999999999999999,0.6000000000000001
6.0,12.0,7.0,11.0,A,2.4,1.0,1.8,0.8,1516.170643481871,1792.9558363042331,-276.7851928223622,1.0,0.5999999999999999,0.19999999999999996
5.0,6.0,9.0,10.0,D,1.2,1.2,2.0,1.2,1618.2163982968107,1559.580967600479,58.635430696331696,-4.0,-0.8,0.0
3.0,5.0,1.0,2.0,H,1.4,2.2,1.0,2.0,1531.9244607981768,1395.3374698294958,136.586990968681,3.0,0.3999999999999999,0.20000000000000018
4.0,7.0,5.0,6.0,H,1.6,1.6,1.0,1.0,1509.350869994552,1607.6579119565185,-98.30704196196643,1.0,0.6000000000000001,0.6000000000000001
4.0,8.0,0.0,3.0,A,1.6,1.4,1.6,2.2,1659.9351564641129,1637.5659355239088,22.36922094020406,5.0,0.0,-0.8000000000000003
6.0,6.0,3.0,7.0,A,1.8,2.0,1.8,1.0,1486.619292077531,1742.4159977158674,-255.79670563833633,-1.0,0.0,1.0
3.0,3.0,1.0,4.0,D,0.4,2.0,0.8,1.6,1505.6016508590933,1534.3610340837672,-28.75938322467391,-1.0,-0.4,0.3999999999999999
9.0,13.0,1.0,4.0,H,2.4,1.2,1.0,1.6,1835.8174525795398,1438.2051696637225,397.61228291581733,9.0,1.4,-0.40000000000000013
4.0,10.0,3.0,3.0,H,2.2,1.6,1.2,2.4,1671.1489429299118,1546.0141635460557,125.13477938385608,7.0,1.0000000000000002,-0.7999999999999998
9.0,11.0,9.0,12.0,H,2.2,0.6,1.8,1.0,1795.9440391240105,1587.8315834629575,208.112455661053,-1.0,0.40000000000000013,-0.4
5.0,11.0,3.0,9.0,D,1.8,0.4,2.0,1.8,1582.2942063051858,1520.722674491417,61.57153181376884,2.0,-0.19999999999999996,-1.4
7.0,10.0,4.0,5.0,A,1.8,1.0,1.2,1.6,1549.5513806973986,1668.5825972044709,-119.03121650707226,5.0,0.6000000000000001,-0.6000000000000001
1.0,2.0,4.0,5.0,A,1.4,2.2,1.4,1.8,1389.7497142375198,1665.522912056089,-275.7731978185691,-3.0,0.0,0.40000000000000013
3.0,3.0,4.0,10.0,D,1.6,2.4,2.2,1.2,1631.8032642305056,1515.1135412879553,116.68972294255036,-7.0,-0.6000000000000001,1.2
1.0,4.0,4.0,4.0,D,1.2,1.8,0.4,1.4,1437.2695098320296,1506.5373106907862,-69.26780085875657,0.0,0.7999999999999999,0.40000000000000013
2.0,2.0,7.0,10.0,D,0.4,1.6,2.4,2.0,1535.4159358341649,1670.094041179514,-134.6781053453492,-8.0,-2.0,-0.3999999999999999
2.0,6.0,6.0,7.0,H,1.0,1.4,1.6,2.2,1612.9912368779733,1526.591135876722,86.40010100125119,-1.0,-0.6000000000000001,-0.8000000000000003
1.0,7.0,3.0,6.0,D,1.6,2.0,2.0,2.0,1517.043775065516,1490.298191503432,26.745583562083993,1.0,-0.3999999999999999,0.0
6.0,9.0,4.0,10.0,A,1.6,1.8,2.4,1.2,1574.0491988955712,1563.333765264785,10.715433630786265,-1.0,-0.7999999999999998,0.6000000000000001
4.0,7.0,3.0,9.0,H,2.0,2.2,1.4,0.6,1673.6816796548753,1577.1951238547813,96.48655580009404,-2.0,0.6000000000000001,1.6
6.0,7.0,9.0,13.0,H,1.8,1.2,3.0,0.8,1751.086347353971,1787.273689485907,-36.18734213193602,-6.0,-1.2,0.3999999999999999
3.0,3.0,9.0,13.0,A,1.6,2.8,2.6,1.2,1540.9915668915744,1840.840049234021,-299.8484823424467,-10.0,-1.0,1.5999999999999999
1.0,7.0,4.0,4.0,A,1.8,1.6,2.4,3.0,1481.4871530174084,1640.6143027165292,-159.12714969912076,3.0,-0.5999999999999999,-1.4
4.0,10.0,3.0,3.0,A,2.8,1.4,1.6,3.0,1549.9511409405732,1554.3741912157861,-4.423050275212972,7.0,1.1999999999999997,-1.6
5.0,8.0,4.0,8.0,H,2.4,2.2,1.6,1.4,1675.8571626071532,1607.2281154503341,68.62904715681907,0.0,0.7999999999999998,0.8000000000000003
2.0,5.0,2.0,5.0,H,0.8,1.4,1.2,1.8,1514.016975292736,1509.564110463566,4.452864829170039,0.0,-0.3999999999999999,-0.40000000000000013
6.0,12.0,2.0,2.0,H,3.0,1.2,1.2,2.2,1788.6688240073165,1435.87437531062,352.79444869669646,10.0,1.8,-1.0000000000000002
9.0,15.0,3.0,3.0,H,2.8,1.0,0.6,1.6,1842.607276617417,1533.648708450769,308.9585681666481,12.0,2.1999999999999997,-0.6000000000000001
5.0,8.0,1.0,1.0,A,2.8,2.0,1.2,3.0,1499.40594190462,1405.457313620855,93.94862828376495,7.0,1.5999999999999999,-1.0
2.0,6.0,9.0,9.0,A,1.0,1.2,2.2,1.2,1569.290388700092,1758.9910825086602,-189.70069380856808,-3.0,-1.2000000000000002,0.0
4.0,7.0,7.0,10.0,A,2.2,1.6,2.6,1.8,1652.939405301971,1686.2651864089933,-33.325781107022294,-3.0,-0.3999999999999999,-0.19999999999999996
3.0,6.0,3.0,9.0,A,1.6,2.8,1.8,2.2,1515.0902814050735,1585.5500533672198,-70.4597719621463,-3.0,-0.19999999999999996,0.5999999999999996
3.0,6.0,6.0,12.0,A,1.8,2.2,3.2,1.4,1548.0578492929205,1794.9851659301821,-246.92731663726158,-6.0,-1.4000000000000001,0.8000000000000003
1.0,2.0,9.0,12.0,A,1.4,2.4,3.4,0.8,1431.5382061500322,1763.327251669248,-331.78904551921573,-10.0,-2.0,1.5999999999999999
5.0,8.0,3.0,7.0,A,1.4,1.0,2.0,1.4,1505.1325897136064,1661.8237908811006,-156.69120116749423,1.0,-0.6000000000000001,-0.3999999999999999
7.0,7.0,2.0,2.0,D,2.8,2.8,0.8,2.4,1634.79738475031,1515.3810284297854,119.41635632052453,5.0,1.9999999999999998,0.3999999999999999
1.0,4.0,1.0,3.0,H,1.6,2.0,0.6,2.4,1491.1362460582395,1559.641295659261,-68.50504960102148,1.0,1.0,-0.3999999999999999
7.0,11.0,3.0,7.0,A,2.4,1.6,2.0,1.6,1660.1390507734457,1565.6692527742807,94.46979799916494,4.0,0.3999999999999999,0.0
9.0,15.0,3.0,9.0,D,2.6,0.8,2.0,2.2,1834.8774611359577,1593.2798688486791,241.59759228727853,6.0,0.6000000000000001,-1.4000000000000001
4.0,5.0,9.0,10.0,A,2.4,2.2,2.4,1.6,1491.8551379474213,1693.815990366192,-201.96085241877063,-5.0,0.0,0.6000000000000001
3.0,4.0,3.0,5.0,A,1.4,2.6,1.0,1.4,1398.3055144366,1614.379914634589,-216.074400197989,-1.0,0.3999999999999999,1.2000000000000002
2.0,3.0,3.0,6.0,D,0.4,1.4,1.6,3.0,1530.36288143178,1518.3761084240625,11.986773007717375,-3.0,-1.2000000000000002,-1.6
7.0,13.0,3.0,6.0,H,2.4,1.0,1.8,2.4,1836.8250050843815,1546.1103053444967,290.71469973988474,7.0,0.5999999999999999,-1.4
6.0,12.0,1.0,5.0,H,3.2,1.2,2.2,2.0,1796.773784819727,1490.0665190578763,306.70726576185075,7.0,1.0,-0.8
6.0,7.0,4.0,4.0,H,1.8,1.2,1.6,1.8,1665.3018846806226,1487.6581522587176,177.64373242190504,3.0,0.19999999999999996,-0.6000000000000001
6.0,7.0,2.0,4.0,D,2.0,1.4,0.6,1.0,1609.5288285637089,1535.2139675026601,74.31486106104876,3.0,1.4,0.3999999999999999
1.0,4.0,1.0,2.0,H,1.2,3.0,1.0,2.8,1523.4631828776467,1426.451131696448,97.01205118119856,2.0,0.19999999999999996,0.20000000000000018
9.0,13.0,4.0,5.0,A,2.6,1.4,1.2,1.2,1677.0064134634772,1521.9421666163212,155.06424684715603,8.0,1.4000000000000001,0.19999999999999996
2.0,3.0,7.0,13.0,A,1.0,2.2,2.0,0.6,1511.0120694969487,1841.1939640172181,-330.18189452026945,-10.0,-1.0,1.6
9.0,15.0,5.0,8.0,H,4.2,0.4,2.8,2.4,1767.558531739216,1630.5661046803418,136.99242705887423,7.0,1.4000000000000004,-2.0
6.0,7.0,3.0,4.0,H,1.8,1.8,1.4,3.2,1569.2026647337696,1394.7721024771113,174.43056225665828,3.0,0.40000000000000013,-1.4000000000000001
0.0,2.0,3.0,3.0,H,0.6,2.8,1.2,2.2,1566.4851545568556,1539.2664464469021,27.218708109953468,-1.0,-0.6,0.5999999999999996
0.0,3.0,4.0,7.0,D,1.2,2.4,1.6,2.0,1537.950522021493,1594.5957932740882,-56.645271252595194,-4.0,-0.40000000000000013,0.3999999999999999
2.0,4.0,3.0,4.0,A,0.8,1.2,1.0,2.8,1523.261198789028,1578.4379232704878,-55.176724481459814,0.0,-0.19999999999999996,-1.5999999999999999
6.0,8.0,4.0,7.0,H,1.6,1.2,2.2,1.6,1531.5850339766123,1599.8859612034178,-68.30092722680547,1.0,-0.6000000000000001,-0.40000000000000013
4.0,8.0,6.0,9.0,H,2.6,2.6,2.0,1.8,1636.2291338792854,1563.539635534826,72.68949834445948,-1.0,0.6000000000000001,0.8
3.0,4.0,9.0,12.0,A,1.6,2.0,3.2,1.4,1483.0420346130927,1801.389902465352,-318.34786785225924,-8.0,-1.6,0.6000000000000001
4.0,8.0,4.0,7.0,H,2.0,1.8,1.8,2.0,1664.2160097707497,1519.3862238803426,144.82978589040704,1.0,0.19999999999999996,-0.19999999999999996
0.0,4.0,6.0,9.0,A,2.2,2.6,2.6,1.6,1482.1987428455855,1673.1696608929135,-190.97091804732804,-5.0,-0.3999999999999999,1.0
0.0,1.0,1.0,3.0,A,0.8,3.2,1.0,1.6,1416.0070520298252,1521.4561491635716,-105.44909713374636,-2.0,-0.19999999999999996,1.6
7.0,13.0,6.0,12.0,H,1.6,0.4,2.4,1.4,1844.7808807593158,1673.4194967213796,171.3613840379362,1.0,-0.7999999999999998,-0.9999999999999999
3.0,3.0,9.0,15.0,A,1.0,3.0,4.0,0.6,1391.3285869013655,1771.0020473149618,-379.67346041359633,-12.0,-3.0,2.4
3.0,9.0,2.0,3.0,H,1.8,1.4,1.0,1.8,1677.2503203212398,1519.4303751891678,157.819945132072,6.0,0.8,-0.40000000000000013
4.0,5.0,0.0,3.0,D,1.2,1.4,0.6,3.6,1515.6568283283516,1397.1279077365855,118.52892059176611,2.0,0.6,-2.2
4.0,4.0,0.0,1.0,D,1.4,2.2,1.8,3.2,1515.6308228584387,1485.9541438674894,29.676678990949313,3.0,-0.40000000000000013,-1.0
6.0,9.0,6.0,10.0,H,1.4,1.6,2.2,1.2,1569.9143337164362,1525.210335795002,44.703997921434166,-1.0,-0.8000000000000003,0.40000000000000013
9.0,15.0,1.0,4.0,H,4.8,0.4,1.4,2.2,1773.5655327984457,1535.3870365380092,238.17849626043653,11.0,3.4,-1.8000000000000003
9.0,12.0,6.0,10.0,A,3.0,1.4,2.2,1.6,1660.1326310295528,1677.2530396341103,-17.120408604557497,2.0,0.7999999999999998,-0.20000000000000018
4.0,7.0,3.0,4.0,H,2.2,1.4,1.4,1.8,1604.3460117874035,1478.581984029107,125.7640277582966,3.0,0.8000000000000003,-0.40000000000000013
6.0,6.0,0.0,1.0,D,1.4,2.8,0.6,3.0,1572.0547032198801,1422.3902720804329,149.6644311394473,5.0,0.7999999999999999,-0.20000000000000018
9.0,12.0,9.0,13.0,D,2.6,1.2,1.6,0.4,1799.7748306252417,1846.395952599426,-46.621121974184234,-1.0,1.0,0.7999999999999999
5.0,5.0,4.0,8.0,H,1.8,2.4,2.6,2.4,1602.9314927859668,1627.8934343674068,-24.961941581439987,-3.0,-0.8,0.0
4.0,5.0,1.0,1.0,H,1.4,1.6,1.2,2.6,1522.0879551324251,1479.5230170634159,42.56493806900926,4.0,0.19999999999999996,-1.0
1.0,1.0,1.0,1.0,H,0.6,3.0,1.2,2.6,1432.764174642853,1525.013133975589,-92.24895933273592,0.0,-0.6,0.3999999999999999
1.0,1.0,0.0,3.0,D,1.6,2.8,1.2,1.8,1476.6967763884675,1481.4082247040553,-4.711448315587859,-2.0,0.40000000000000013,0.9999999999999998
6.0,9.0,6.0,10.0,H,2.0,1.2,2.4,1.2,1536.697141834617,1665.7662335944954,-129.06909175987835,-1.0,-0.3999999999999999,0.0
7.0,7.0,6.0,9.0,D,1.8,2.6,2.0,2.2,1571.7116930176637,1660.4756412317693,-88.76394821410554,-2.0,-0.19999999999999996,0.3999999999999999
1.0,1.0,3.0,9.0,D,1.2,2.2,1.6,1.4,1526.5054134742436,1675.7580408225851,-149.25262734834155,-8.0,-0.40000000000000013,0.8000000000000003
4.0,10.0,6.0,9.0,H,2.0,2.0,1.0,1.4,1665.4818433826265,1564.908131565579,100.57371181704752,1.0,1.0,0.6000000000000001
6.0,9.0,2.0,2.0,H,2.0,1.4,1.6,2.6,1668.950702085798,1473.5123078971649,195.43839418863308,7.0,0.3999999999999999,-1.2000000000000002
1.0,4.0,6.0,9.0,D,1.0,3.0,2.0,1.0,1398.26190313651,1535.5631464346925,-137.3012432981825,-5.0,-1.0,2.0
7.0,8.0,1.0,2.0,H,2.0,1.6,0.6,1.8,1529.2163184104315,1512.3020119111613,16.914306499270197,6.0,1.4,-0.19999999999999996
5.0,8.0,4.0,4.0,D,2.2,2.0,0.8,2.6,1596.4181993734671,1439.2774680553528,157.14073131811438,4.0,1.4000000000000001,-0.6000000000000001
1.0,4.0,4.0,5.0,D,1.0,1.4,1.4,1.6,1479.537298882944,1517.50174867955,-37.964449796606004,-1.0,-0.3999999999999999,-0.20000000000000018
3.0,7.0,5.0,8.0,H,2.2,2.2,2.0,1.6,1633.6783316204762,1565.9267957645943,67.75153585588191,-1.0,0.20000000000000018,0.6000000000000001
7.0,13.0,4.0,7.0,H,2.6,0.8,1.6,1.2,1802.8625037448485,1601.2583386677968,201.60416507705168,6.0,1.0,-0.3999999999999999
7.0,11.0,9.0,15.0,D,1.4,0.6,4.6,0.4,1841.794891102397,1778.1665942954746,63.628296806922435,-4.0,-3.1999999999999997,0.19999999999999996
2.0,8.0,6.0,9.0,D,2.6,2.0,2.0,1.4,1566.0138285872217,1668.8636692631706,-102.84984067594883,-1.0,0.6000000000000001,0.6000000000000001
7.0,10.0,2.0,6.0,H,2.0,1.4,1.4,1.2,1536.1073276584314,1510.6107394315502,25.49658822688116,4.0,0.6000000000000001,0.19999999999999996
5.0,5.0,3.0,9.0,D,1.2,2.0,1.0,1.4,1440.013842514366,1564.1717571065658,-124.15791459219986,-4.0,0.19999999999999996,0.6000000000000001
6.0,7.0,0.0,2.0,D,2.4,2.4,0.8,1.8,1628.0486205531056,1517.931722978532,110.11689757457361,5.0,1.5999999999999999,0.5999999999999999
2.0,2.0,4.0,10.0,H,0.8,1.6,2.4,1.2,1488.278336474812,1526.8221088428245,-38.54377236801247,-8.0,-1.5999999999999999,0.40000000000000013
7.0,13.0,1.0,2.0,H,3.4,0.4,1.6,2.2,1779.9409741518782,1471.7379280407613,308.2030461111169,11.0,1.7999999999999998,-1.8000000000000003
1.0,2.0,3.0,7.0,D,1.4,2.2,1.6,1.2,1525.780020606761,1601.9837315352795,-76.2037109285186,-5.0,-0.20000000000000018,1.0000000000000002
5.0,11.0,4.0,10.0,H,1.2,0.4,2.0,1.8,1845.1809211089437,1662.0958133760798,183.0851077328639,1.0,-0.8,-1.4
7.0,13.0,2.0,2.0,H,2.4,0.8,1.0,3.4,1803.9009236929787,1397.2234831883798,406.67744050459896,11.0,1.4,-2.5999999999999996
5.0,9.0,4.0,7.0,H,2.2,1.6,1.4,1.4,1605.824252120983,1666.3519880750694,-60.52773595408644,2.0,0.8000000000000003,0.20000000000000018
4.0,7.0,2.0,6.0,A,0.8,1.4,2.0,1.8,1551.41938784777,1578.7661978460176,-27.346809998247636,1.0,-1.2,-0.40000000000000013
4.0,5.0,7.0,13.0,A,0.6,1.2,2.8,0.4,1594.1906092893291,1787.7340963978286,-193.54348710849945,-8.0,-2.1999999999999997,0.7999999999999999
1.0,2.0,9.0,13.0,H,1.2,2.0,2.2,1.2,1480.7159770824687,1527.129278616724,-46.4133015342552,-11.0,-1.0000000000000002,0.8
2.0,5.0,5.0,11.0,A,1.2,1.2,1.8,0.6,1506.4942948843886,1849.2973656561053,-342.80307077171665,-6.0,-0.6000000000000001,0.6
1.0,2.0,5.0,6.0,H,0.8,1.8,1.4,1.6,1523.2160118682955,1434.7295536246024,88.48645824369305,-4.0,-0.5999999999999999,0.19999999999999996
4.0,7.0,2.0,3.0,D,1.4,2.2,1.0,1.4,1656.1795044290666,1531.6963295537741,124.48317487529243,4.0,0.3999999999999999,0.8000000000000003
4.0,7.0,4.0,7.0,A,2.2,1.6,2.2,2.2,1516.857410540935,1638.013318854995,-121.15590831406007,0.0,0.0,-0.6000000000000001
4.0,4.0,7.0,13.0,D,1.6,2.0,2.2,0.8,1667.4285451454298,1802.8243666226183,-135.39582147718852,-9.0,-0.6000000000000001,1.2
2.0,2.0,7.0,9.0,D,1.2,3.0,2.4,2.0,1400.251290258564,1602.7964450507986,-202.5451547922346,-7.0,-1.2,1.0
4.0,10.0,5.0,5.0,H,2.0,1.2,1.0,1.0,1672.1810856032232,1484.9609201347594,187.22016546846385,5.0,1.0,0.19999999999999996
6.0,10.0,2.0,5.0,D,2.0,1.6,1.8,2.0,1528.2840108642831,1666.2738128978706,-137.98980203358747,5.0,0.19999999999999996,-0.3999999999999999
7.0,10.0,7.0,10.0,H,2.2,1.4,2.0,1.2,1646.1408701459827,1664.0535343122356,-17.912664166252853,0.0,0.20000000000000018,0.19999999999999996
3.0,3.0,2.0,3.0,H,1.2,1.6,1.6,3.2,1535.871897337495,1396.0757224748431,139.79617486265192,0.0,-0.40000000000000013,-1.6
2.0,6.0,1.0,4.0,D,1.4,1.4,0.4,1.6,1436.4244647241314,1592.4956981898001,-156.07123346566868,2.0,0.9999999999999999,-0.20000000000000018
7.0,11.0,3.0,4.0,H,2.4,1.0,1.4,2.0,1850.559938614412,1479.453404124162,371.10653449024994,7.0,1.0,-1.0
4.0,5.0,1.0,4.0,D,1.2,1.4,0.8,1.8,1483.9985052866662,1552.3818026958631,-68.38329740919698,1.0,0.3999999999999999,-0.40000000000000013
4.0,6.0,1.0,4.0,A,1.8,1.8,1.6,1.8,1564.416491743875,1531.2071166430776,33.20937510079739,2.0,0.19999999999999996,0.0
7.0,13.0,4.0,5.0,A,2.6,0.2,1.4,2.4,1771.9075810696988,1672.0060197571963,99.90156131250251,8.0,1.2000000000000002,-2.1999999999999997
7.0,11.0,1.0,2.0,A,1.8,1.0,1.0,2.0,1784.677770217045,1524.640891289962,260.0368789270831,9.0,0.8,-1.0
5.0,9.0,4.0,4.0,H,2.6,2.2,0.8,1.6,1608.0436072092793,1517.9688497098148,90.07475749946457,5.0,1.8,0.6000000000000001
3.0,4.0,5.0,6.0,A,1.0,2.2,1.4,1.2,1468.2055654212697,1547.1197360403874,-78.91417061911761,-2.0,-0.3999999999999999,1.0000000000000002
1.0,3.0,2.0,6.0,A,1.6,2.4,1.2,1.2,1384.3754946790627,1448.1246925199118,-63.74919784084909,-3.0,0.40000000000000013,1.2
2.0,5.0,6.0,10.0,A,1.2,1.6,1.4,0.6,1545.6924434873101,1778.5969402782519,-232.90449679094172,-5.0,-0.19999999999999996,1.0
3.0,5.0,4.0,5.0,H,1.0,1.4,1.4,1.8,1532.9246485257868,1556.1327345080501,-23.208085982263356,0.0,-0.3999999999999999,-0.40000000000000013
3.0,7.0,4.0,8.0,A,1.8,1.4,1.6,1.2,1525.3578414785384,1790.5270453815842,-265.16920390304585,-1.0,0.19999999999999996,0.19999999999999996
4.0,4.0,4.0,6.0,H,0.6,2.2,1.6,1.6,1524.2932616439102,1477.6740933525707,46.61916829133952,-2.0,-1.0,0.6000000000000001
4.0,8.0,4.0,10.0,H,1.8,1.6,2.0,1.6,1675.952903459143,1524.3371271623364,151.61577629680664,-2.0,-0.19999999999999996,0.0
6.0,10.0,7.0,11.0,H,1.4,0.4,3.4,1.8,1782.0772544567299,1604.5632930308013,177.51396142592853,-1.0,-2.0,-1.4
1.0,2.0,1.0,7.0,A,0.8,1.8,1.4,1.6,1532.3349979232605,1537.694572726386,-5.359574803125497,-5.0,-0.5999999999999999,0.19999999999999996
6.0,7.0,7.0,10.0,H,1.8,1.6,2.4,1.4,1543.3048585926474,1635.760660079122,-92.45580148647468,-3.0,-0.5999999999999999,0.20000000000000018
6.0,7.0,4.0,10.0,H,1.0,1.8,2.0,1.2,1538.7433502383178,1776.0769567871766,-237.33360654885882,-3.0,-1.0,0.6000000000000001
2.0,6.0,1.0,2.0,H,2.0,1.8,1.4,2.8,1668.2717279182225,1382.3775796587108,285.89414825951167,4.0,0.6000000000000001,-0.9999999999999998
2.0,5.0,9.0,11.0,A,0.6,1.2,2.8,1.0,1586.7552549680177,1856.3003818361944,-269.5451268681768,-6.0,-2.1999999999999997,0.19999999999999996
6.0,10.0,7.0,9.0,H,1.2,1.4,2.2,1.0,1546.165689923436,1539.6973963552691,6.468293568166928,1.0,-1.0000000000000002,0.3999999999999999
7.0,10.0,4.0,8.0,D,2.2,1.6,2.8,2.4,1671.3845950304435,1609.1316014595009,62.252993570942635,2.0,-0.5999999999999996,-0.7999999999999998
1.0,2.0,3.0,3.0,H,0.8,1.6,1.0,3.0,1537.933613629912,1462.6069497146182,75.32666391529392,-1.0,-0.19999999999999996,-1.4
5.0,6.0,4.0,6.0,D,2.4,2.2,1.6,1.2,1661.0058672553378,1455.3905531827966,205.6153140725412,0.0,0.7999999999999998,1.0000000000000002
3.0,4.0,9.0,9.0,D,1.4,2.0,2.0,1.4,1523.0391163622119,1545.623583708974,-22.58446734676204,-5.0,-0.6000000000000001,0.6000000000000001
3.0,4.0,3.0,7.0,D,1.6,2.6,1.6,1.4,1559.4540947639716,1772.7555965312552,-213.30150176728353,-3.0,0.0,1.2000000000000002
6.0,10.0,0.0,1.0,H,2.0,1.2,1.2,3.0,1638.0737582455185,1380.0644814923144,258.0092767532042,9.0,0.8,-1.8
4.0,7.0,1.0,2.0,H,1.2,1.4,0.4,2.0,1546.2388372174976,1578.210990476906,-31.972153259408515,5.0,0.7999999999999999,-0.6000000000000001
4.0,7.0,6.0,12.0,A,1.2,2.0,2.4,0.4,1654.5718338190838,1791.5589549498816,-136.98712113079773,-5.0,-1.2,1.6
1.0,5.0,9.0,13.0,A,1.4,1.8,3.4,0.8,1474.3253536659213,1859.6491215228439,-385.3237678569226,-8.0,-2.0,1.0
4.0,8.0,3.0,7.0,H,2.8,2.4,1.6,2.0,1617.5740274714558,1646.129407807129,-28.555380335673135,1.0,1.1999999999999997,0.3999999999999999
0.0,3.0,9.0,12.0,D,1.0,3.0,1.2,1.2,1462.1340851350676,1546.6385545029866,-84.504469367919,-9.0,-0.19999999999999996,1.8
9.0,12.0,6.0,7.0,H,2.6,0.8,1.6,1.4,1793.9687036254306,1543.8290885419485,250.1396150834821,5.0,1.0,-0.5999999999999999
6.0,8.0,4.0,4.0,D,2.0,1.0,1.0,1.6,1536.4604425437901,1526.2760701736909,10.184372370099254,4.0,1.0,-0.6000000000000001
5.0,6.0,6.0,10.0,A,1.4,1.0,2.2,0.8,1447.726435062158,1645.737876366157,-198.01144130399894,-4.0,-0.8000000000000003,0.19999999999999996
0.0,1.0,1.0,4.0,A,1.2,3.4,1.2,2.0,1369.8993111377024,1484.4905240205333,-114.59121288283086,-3.0,0.0,1.4
9.0,15.0,3.0,4.0,H,3.8,0.8,1.0,1.6,1861.270979542457,1536.3117556102989,324.95922393215824,11.0,2.8,-0.8
4.0,8.0,1.0,5.0,H,2.4,1.8,1.4,2.2,1623.3131586670042,1553.7149635684232,69.59819509858107,3.0,1.0,-0.40000000000000013
1.0,2.0,7.0,8.0,H,0.2,2.2,2.2,2.0,1588.0145363011704,1661.5810492061792,-73.56651290500872,-6.0,-2.0,0.20000000000000018
4.0,5.0,0.0,4.0,H,1.4,1.6,1.2,2.2,1777.0235505763985,1641.8614537619856,135.16209681441296,1.0,0.19999999999999996,-0.6000000000000001
7.0,10.0,5.0,6.0,H,2.2,1.4,2.4,2.2,1556.066032365565,1650.5634185987467,-94.49738623318171,4.0,-0.19999999999999973,-0.8000000000000003
2.0,5.0,9.0,15.0,A,0.8,1.0,4.0,0.8,1522.167612812641,1865.379436903507,-343.211824090866,-10.0,-3.2,0.19999999999999996
6.0,7.0,4.0,8.0,A,1.4,1.6,2.0,1.0,1530.8335281671066,1549.456002918632,-18.622474751525488,-1.0,-0.6000000000000001,0.6000000000000001
7.0,10.0,0.0,0.0,H,1.2,1.4,1.0,3.6,1550.0176893153136,1366.5201763253754,183.4975129899383,10.0,0.19999999999999996,-2.2
6.0,12.0,3.0,4.0,D,2.8,0.8,0.4,2.2,1641.486354590559,1592.2660580767686,49.220296513790345,8.0,2.4,-1.4000000000000001
0.0,3.0,4.0,5.0,H,1.4,2.8,1.4,1.6,1644.9686228539601,1444.6192659701835,200.34935688377664,-2.0,0.0,1.1999999999999997
1.0,4.0,1.0,4.0,H,1.2,3.0,1.2,2.8,1558.699170618594,1457.1498780848967,101.54929253369733,0.0,0.0,0.20000000000000018
3.0,4.0,7.0,13.0,A,1.0,2.2,2.6,0.6,1524.042309908011,1568.3354780678528,-44.2931681598418,-9.0,-1.6,1.6
3.0,4.0,7.0,10.0,A,1.2,2.0,3.0,1.4,1475.6033017581824,1632.200380929355,-156.5970791711727,-6.0,-1.8,0.6000000000000001
4.0,6.0,9.0,12.0,A,1.8,2.2,2.6,0.8,1641.806263893332,1802.7258583308453,-160.9195944375133,-6.0,-0.8,1.4000000000000001
4.0,8.0,4.0,7.0,D,2.0,1.4,1.8,1.6,1662.0252276648396,1776.579372117738,-114.55414445289853,1.0,0.19999999999999996,-0.20000000000000018
3.0,3.0,9.0,15.0,A,1.2,2.8,4.0,0.4,1638.3019258899456,1872.0461338675216,-233.74420797757602,-12.0,-2.8,2.4
4.0,5.0,9.0,10.0,A,0.6,1.8,2.4,1.8,1580.5542494961433,1643.9121895099804,-63.35794001383715,-5.0,-1.7999999999999998,0.0
1.0,5.0,7.0,10.0,H,1.4,2.0,2.8,1.0,1648.9964809143437,1634.2961375695472,14.700343344796465,-5.0,-1.4,1.0
0.0,0.0,3.0,3.0,A,1.0,3.4,1.2,2.4,1361.097411353883,1643.724690861438,-282.62727950755493,-3.0,-0.19999999999999996,1.0
9.0,15.0,4.0,4.0,H,3.4,0.2,1.4,3.0,1873.7412504025972,1557.0040540835184,316.73719631907875,11.0,2.0,-2.8
1.0,1.0,2.0,5.0,A,1.0,3.2,0.8,1.6,1446.146396323662,1533.1710945738757,-87.02469825021376,-4.0,0.19999999999999996,1.6
5.0,8.0,3.0,3.0,H,2.4,2.0,0.8,2.4,1778.902451054233,1521.719230971516,257.18322008271707,5.0,1.5999999999999999,-0.3999999999999999
7.0,13.0,2.0,8.0,H,3.0,0.8,2.0,1.4,1578.1538744296379,1652.2068313030545,-74.05295687341663,5.0,1.0,-0.5999999999999999
9.0,13.0,3.0,6.0,H,2.8,1.0,1.2,1.6,1648.447803032618,1526.297914644469,122.14988838814884,7.0,1.5999999999999999,-0.6000000000000001
1.0,5.0,3.0,4.0,A,1.6,1.8,1.4,2.0,1432.6585488284297,1487.5640188999362,-54.90547007150644,1.0,0.20000000000000018,-0.19999999999999996
4.0,4.0,3.0,7.0,A,0.6,2.0,1.6,2.0,1569.6484335845828,1659.9022968259042,-90.25386324132137,-3.0,-1.0,0.0
4.0,10.0,4.0,7.0,A,1.8,0.6,2.4,1.6,1539.0199436204202,1644.732196867759,-105.71225324733882,3.0,-0.5999999999999999,-1.0
9.0,15.0,7.0,13.0,H,2.8,0.4,1.4,0.2,1805.0469156480424,1547.6966319981166,257.3502836499258,2.0,1.4,0.2
6.0,7.0,4.0,5.0,H,1.2,1.6,1.2,2.0,1664.1682217841717,1528.9051696156082,135.2630521685635,2.0,0.0,-0.3999999999999999
3.0,4.0,1.0,5.0,A,1.6,3.2,1.6,2.4,1546.8659876866368,1662.3448976999362,-115.47891001329936,-1.0,0.0,0.8000000000000003
6.0,6.0,0.0,6.0,D,1.4,1.8,1.2,1.4,1485.8186916537488,1528.0432418906564,-42.22455023690759,0.0,0.19999999999999996,0.40000000000000013
4.0,10.0,3.0,6.0,H,3.2,1.6,1.8,3.2,1647.453785464811,1420.938074757202,226.51571070760906,4.0,1.4000000000000001,-1.6
9.0,15.0,0.0,3.0,H,2.8,0.6,0.8,2.4,1807.0300824596902,1519.7360641598682,287.294018299822,12.0,1.9999999999999998,-1.7999999999999998
7.0,9.0,7.0,8.0,A,0.4,2.4,2.2,1.8,1462.6521204704584,1783.4662300801272,-320.8141096096688,1.0,-1.8000000000000003,0.5999999999999999
4.0,10.0,1.0,4.0,A,1.2,0.6,0.6,1.6,1535.4872639704413,1581.857801612258,-46.37053764181678,6.0,0.6,-1.0
4.0,7.0,9.0,13.0,H,1.8,1.4,3.0,0.4,1547.2857818140649,1569.8880362359932,-22.602254421928365,-6.0,-1.2,0.9999999999999999
9.0,15.0,9.0,15.0,A,2.8,0.8,3.2,0.4,1641.905434415393,1880.283619019822,-238.37818460442895,0.0,-0.40000000000000036,0.4
6.0,9.0,6.0,6.0,D,1.4,2.2,1.4,1.8,1511.0684670056442,1642.7600127804583,-131.69154577481413,3.0,0.0,0.40000000000000013
4.0,5.0,9.0,15.0,A,1.4,2.4,2.2,0.6,1653.6239956771572,1815.7509844824692,-162.12698880531207,-10.0,-0.8000000000000003,1.7999999999999998
4.0,7.0,3.0,7.0,H,1.6,1.6,0.8,1.2,1647.413905418389,1530.8333713325105,116.58053408587853,0.0,0.8,0.40000000000000013
9.0,15.0,6.0,8.0,H,3.2,0.4,0.2,2.0,1881.2506233152378,1461.6851161750426,419.5655071401952,7.0,3.0,-1.6
3.0,3.0,4.0,7.0,A,1.6,2.8,1.6,1.6,1409.930686323443,1496.8260800875078,-86.89539376406469,-4.0,0.0,1.1999999999999997
6.0,10.0,3.0,4.0,A,2.8,0.8,1.4,2.6,1556.4880946957435,1560.2659292268866,-3.777834531143071,6.0,1.4,-1.8
3.0,7.0,9.0,9.0,H,1.2,1.0,1.2,1.4,1591.349094076515,1654.6769293199147,-63.327835243399704,-2.0,0.0,-0.3999999999999999
3.0,5.0,4.0,10.0,H,1.0,1.6,1.2,2.0,1535.6378853464823,1504.33575127477,31.302134071712317,-5.0,-0.19999999999999996,-0.3999999999999999
1.0,4.0,6.0,10.0,D,1.2,1.6,2.4,1.4,1528.6013417109482,1646.8956856445193,-118.2943439335711,-6.0,-1.2,0.20000000000000018
0.0,3.0,6.0,12.0,A,0.8,2.6,2.4,1.2,1510.373285340245,1651.2682132350162,-140.89492789477117,-9.0,-1.5999999999999999,1.4000000000000001
7.0,11.0,6.0,7.0,H,2.6,1.4,1.2,1.4,1785.9897302404688,1544.7622816537232,241.2274485867456,4.0,1.4000000000000001,0.0
3.0,6.0,9.0,15.0,A,1.4,2.2,3.0,0.4,1555.8879359905577,1885.6286165515667,-329.74068056100896,-9.0,-1.6,1.8000000000000003
7.0,10.0,0.0,0.0,D,1.8,1.2,0.8,3.6,1494.3878840102527,1512.8114814175,-18.42359740724737,10.0,1.0,-2.4000000000000004
1.0,7.0,3.0,4.0,A,0.8,1.4,1.0,2.4,1495.7449402862994,1662.2148066656277,-166.46986637932832,3.0,-0.19999999999999996,-1.0
3.0,7.0,6.0,7.0,D,0.4,2.4,1.2,1.6,1460.93681801748,1536.386183504045,-75.44936548656506,0.0,-0.7999999999999999,0.7999999999999998
0.0,4.0,2.0,2.0,A,0.6,2.0,0.8,1.8,1517.9729768488003,1541.4617361946584,-23.48875934585817,2.0,-0.20000000000000007,0.19999999999999996
3.0,7.0,3.0,3.0,H,1.2,1.6,1.0,2.2,1548.873808844715,1405.8191591324512,143.05464971226388,4.0,0.19999999999999996,-0.6000000000000001
9.0,15.0,6.0,7.0,D,2.0,0.2,1.4,1.2,1808.427824361221,1598.6722541977633,209.7555701634576,8.0,0.6000000000000001,-1.0
6.0,12.0,3.0,9.0,D,2.6,1.6,2.6,1.0,1646.183823550544,1561.5724843802157,84.61133917032839,3.0,0.0,0.6000000000000001
7.0,8.0,7.0,10.0,H,1.8,1.4,2.0,0.8,1654.1081364815227,1640.2014545813856,13.906681900137073,-2.0,-0.19999999999999996,0.5999999999999999
6.0,9.0,9.0,13.0,A,1.4,1.0,2.6,1.0,1645.5757519013932,1795.0909076589903,-149.51515575759709,-4.0,-1.2000000000000002,0.0
5.0,5.0,4.0,10.0,A,1.4,1.6,2.2,1.4,1531.597640425997,1656.0479193192054,-124.4502788932084,-5.0,-0.8000000000000003,0.20000000000000018
6.0,7.0,0.0,3.0,H,1.4,2.4,0.8,2.4,1666.1522192838145,1514.0355642306135,152.11665505320093,4.0,0.5999999999999999,0.0
9.0,15.0,6.0,9.0,H,2.8,0.6,1.8,1.8,1887.1260417891594,1547.3763836071223,339.74965818203714,6.0,0.9999999999999998,-1.2000000000000002
9.0,13.0,5.0,8.0,A,2.4,0.6,1.4,1.2,1776.9024114026927,1512.5763802665504,264.3260311361423,5.0,1.0,-0.6
4.0,7.0,3.0,6.0,D,1.4,1.8,1.6,1.8,1534.10984504909,1558.1642744455128,-24.054429396422847,1.0,-0.20000000000000018,0.0
1.0,7.0,1.0,4.0,D,2.0,1.2,1.0,1.2,1557.1317776771918,1500.1856469893232,56.94613068786862,3.0,1.0,0.0
7.0,7.0,1.0,7.0,D,1.4,1.2,0.4,2.6,1592.7294511498094,1466.8796210654339,125.84983008437553,0.0,0.9999999999999999,-1.4000000000000001
0.0,3.0,3.0,9.0,A,1.2,2.4,1.4,1.4,1399.637899602707,1651.7570114311375,-252.1191118284305,-6.0,-0.19999999999999996,1.0
4.0,7.0,7.0,13.0,A,1.8,1.0,1.6,0.4,1632.1403093589443,1816.4889695836623,-184.34866022471806,-6.0,0.19999999999999996,0.6
1.0,1.0,7.0,10.0,A,0.8,2.8,2.0,1.4,1503.9945285678,1662.9250893312228,-158.93056076342282,-9.0,-1.2,1.4
2.0,5.0,3.0,9.0,D,1.8,1.4,1.4,1.0,1556.9770918086067,1651.9116972997226,-94.93460549111592,-4.0,0.40000000000000013,0.3999999999999999
3.0,7.0,3.0,6.0,H,1.8,0.8,1.6,2.0,1637.2728021089379,1542.2438908571287,95.02891125180918,1.0,0.19999999999999996,-1.2
0.0,3.0,2.0,5.0,D,1.0,2.4,0.4,2.4,1398.6978246081142,1467.8196960600267,-69.12187145191251,-2.0,0.6,0.0
6.0,12.0,4.0,5.0,H,1.8,0.2,1.2,1.4,1779.3123473191058,1529.187704509584,250.1246428095219,7.0,0.6000000000000001,-1.2
1.0,2.0,0.0,0.0,D,1.4,1.6,1.0,3.0,1497.7556474469652,1516.4655637729716,-18.70991632600635,2.0,0.3999999999999999,-1.4
5.0,8.0,7.0,13.0,H,1.6,1.2,2.0,1.0,1544.9373180501266,1652.0976163301862,-107.16029828005958,-5.0,-0.3999999999999999,0.19999999999999996
6.0,9.0,1.0,1.0,H,1.4,2.2,0.8,2.6,1669.7736606155202,1500.3730872360943,169.40057337942585,8.0,0.5999999999999999,-0.3999999999999999
4.0,4.0,7.0,10.0,A,1.2,1.8,2.0,1.2,1548.103361601828,1666.1088321628902,-118.00547056106211,-6.0,-0.8,0.6000000000000001
5.0,8.0,7.0,11.0,D,1.2,0.8,1.2,0.6,1587.9638646280866,1517.341966788273,70.62189783981353,-3.0,0.0,0.20000000000000007
9.0,15.0,7.0,13.0,D,2.8,0.8,1.6,0.4,1882.5748898233498,1821.040121549472,61.534768273877944,2.0,1.1999999999999997,0.4
1.0,1.0,6.0,12.0,A,1.0,2.8,2.0,0.2,1495.111626868407,1784.573807686793,-289.46218081838606,-11.0,-1.0,2.5999999999999996
5.0,9.0,5.0,8.0,A,1.2,0.8,1.4,1.0,1505.2876470518893,1556.9916377865104,-51.70399073462113,1.0,-0.19999999999999996,-0.19999999999999996
1.0,1.0,3.0,3.0,H,1.0,2.8,0.8,1.4,1524.7698862479517,1548.6727693336265,-23.90288308567483,-2.0,0.19999999999999996,1.4
6.0,10.0,7.0,13.0,D,1.4,1.2,2.6,1.0,1655.6859288774426,1878.9865772760934,-223.30064839865076,-3.0,-1.2000000000000002,0.19999999999999996
3.0,6.0,1.0,4.0,D,1.4,1.8,1.0,1.8,1539.59872846268,1550.7485239962768,-11.149795533596944,2.0,0.3999999999999999,0.0
5.0,11.0,2.0,3.0,H,1.6,0.6,1.2,1.6,1822.6485701254583,1496.1471988709789,326.5013712544794,8.0,0.40000000000000013,-1.0
7.0,10.0,3.0,9.0,H,2.2,1.0,1.6,0.8,1671.388040019664,1582.6846567713128,88.7033832483512,1.0,0.6000000000000001,0.19999999999999996
3.0,3.0,9.0,12.0,D,0.6,1.6,2.0,1.4,1470.6727403297969,1666.92061634575,-196.24787601595312,-9.0,-1.4,0.20000000000000018
4.0,7.0,3.0,7.0,A,1.0,1.0,1.8,1.0,1638.7268735385392,1650.4576258701213,-11.730752331582153,0.0,-0.8,0.0
3.0,5.0,1.0,1.0,H,1.0,1.6,0.4,1.8,1533.381466792102,1394.5040623255961,138.87740446650582,4.0,0.6,-0.19999999999999996
4.0,4.0,4.0,8.0,D,1.4,2.4,1.4,1.4,1525.6573803070603,1654.798434818334,-129.14105451127375,-4.0,0.0,1.0
2.0,5.0,3.0,4.0,H,1.0,1.6,1.0,1.6,1555.984656958531,1465.4366073675426,90.54804959098851,1.0,0.0,0.0
5.0,11.0,7.0,11.0,H,2.4,1.2,1.6,0.8,1880.606039647662,1555.3721754149417,325.2338642327204,0.0,0.7999999999999998,0.3999999999999999
2.0,2.0,3.0,7.0,H,1.4,2.2,1.4,1.6,1504.360055437316,1525.1686102257647,-20.808554788448646,-5.0,0.0,0.6000000000000001
1.0,4.0,0.0,1.0,H,1.2,1.8,1.2,2.8,1545.664296858502,1489.046058472585,56.61823838591704,3.0,0.0,-0.9999999999999998
7.0,11.0,1.0,1.0,H,2.0,1.0,0.6,2.2,1823.561380803293,1393.5912516477613,429.9701291555318,10.0,1.4,-1.2000000000000002
2.0,3.0,6.0,12.0,A,0.8,1.4,2.0,0.4,1542.3963213208633,1790.8502556995563,-248.45393437869302,-9.0,-1.2,0.9999999999999999
7.0,10.0,4.0,4.0,D,2.0,1.6,0.8,1.6,1663.3897008547738,1642.2577890295154,21.131911825258385,6.0,1.2,0.0
9.0,13.0,4.0,8.0,D,3.0,1.0,1.0,0.8,1664.9426583409022,1511.733028730651,153.2096296102511,5.0,2.0,0.19999999999999996
2.0,6.0,6.0,9.0,H,1.4,1.6,2.2,0.8,1591.7597393510532,1641.382543290381,-49.622803939327696,-3.0,-0.8000000000000003,0.8
3.0,6.0,7.0,11.0,H,1.2,1.6,2.2,1.2,1540.3296921617284,1808.4002988673294,-268.070606705601,-5.0,-1.0000000000000002,0.40000000000000013
1.0,1.0,4.0,5.0,A,0.8,2.6,1.4,1.8,1383.901103517992,1514.0502035670854,-130.14910004909348,-4.0,-0.5999999999999999,0.8
2.0,8.0,4.0,6.0,A,1.2,1.2,1.6,1.8,1640.422397710246,1606.1357764591412,34.28662125110486,2.0,-0.40000000000000013,-0.6000000000000001
6.0,6.0,4.0,5.0,H,1.8,1.4,1.4,1.8,1646.5011247177404,1550.8660755311716,95.63504918656872,1.0,0.40000000000000013,-0.40000000000000013
2.0,4.0,5.0,5.0,A,1.0,1.6,1.4,1.6,1454.2966460175578,1536.797341657045,-82.50069563948728,-1.0,-0.3999999999999999,0.0
6.0,8.0,5.0,11.0,A,1.6,1.2,2.0,1.2,1545.6028973940727,1673.1589788756428,-127.55608148157012,-3.0,-0.3999999999999999,0.0
2.0,5.0,4.0,7.0,H,0.6,1.2,2.2,2.0,1647.1348014790133,1540.787284409004,106.34751707000919,-2.0,-1.6,-0.8
0.0,1.0,5.0,11.0,A,1.4,2.6,2.2,1.4,1485.8997879233737,1883.7523101968734,-397.85252227349974,-10.0,-0.8000000000000003,1.2000000000000002
9.0,12.0,7.0,11.0,H,1.8,0.4,2.0,0.8,1795.1321133425392,1660.6608006979193,134.47131264461996,1.0,-0.19999999999999996,-0.4
2.0,6.0,1.0,3.0,H,1.0,1.0,0.8,1.2,1519.7634363723412,1534.3659136791732,-14.602477306832043,3.0,0.19999999999999996,-0.19999999999999996
6.0,8.0,4.0,8.0,A,1.8,1.8,1.0,0.8,1501.4011270458975,1532.412512893529,-31.011385847631573,0.0,0.8,1.0
5.0,11.0,6.0,6.0,D,2.2,1.2,1.0,1.2,1667.308281855222,1546.1803891821492,121.12789267307289,5.0,1.2000000000000002,0.0
4.0,4.0,1.0,3.0,H,1.8,2.2,0.8,1.8,1545.8819451524018,1449.20198527416,96.67995987824179,1.0,1.0,0.40000000000000013
6.0,8.0,0.0,0.0,D,1.6,1.6,1.4,2.8,1600.5285258930905,1491.5070384894243,109.02148740366624,8.0,0.20000000000000018,-1.1999999999999997
7.0,11.0,0.0,1.0,H,2.0,1.4,1.0,2.6,1884.3658880133235,1383.2875257015419,501.0783623117816,10.0,1.0,-1.2000000000000002
7.0,8.0,3.0,7.0,D,1.4,1.0,1.6,1.6,1534.2312167714827,1548.169022279635,-13.93780550815245,1.0,-0.20000000000000018,-0.6000000000000001
6.0,10.0,9.0,12.0,D,2.0,1.4,1.6,0.6,1805.2509700397238,1798.2814421701448,6.969527869578997,-2.0,0.3999999999999999,0.7999999999999999
4.0,5.0,4.0,8.0,H,1.4,2.0,1.0,0.8,1560.7586849596842,1637.2421920505008,-76.4835070908166,-3.0,0.3999999999999999,1.2
0.0,2.0,6.0,9.0,H,0.6,1.2,2.4,1.2,1544.7150511631125,1636.151987233801,-91.43693607068849,-7.0,-1.7999999999999998,0.0
4.0,10.0,2.0,5.0,H,2.0,1.0,0.8,1.2,1667.3319094140263,1633.751288994139,33.58062041988728,5.0,1.2,-0.19999999999999996
1.0,2.0,4.0,8.0,H,0.6,1.4,2.2,1.8,1645.7806476124454,1793.2216114214175,-147.44096380897213,-6.0,-1.6,-0.40000000000000013
4.0,7.0,9.0,11.0,H,1.2,1.2,1.8,1.2,1562.131564727165,1868.4147124683077,-306.2831477411428,-4.0,-0.6000000000000001,0.0
0.0,2.0,6.0,7.0,D,1.4,2.6,1.6,2.0,1447.834781615367,1502.7683307046905,-54.93354908932338,-5.0,-0.20000000000000018,0.6000000000000001
7.0,13.0,7.0,8.0,H,2.0,0.8,2.0,2.0,1801.3343452825807,1597.4756227806547,203.85872250192597,5.0,0.0,-1.2
7.0,8.0,6.0,7.0,H,1.4,1.0,1.6,2.0,1540.378900671019,1552.7922971821943,-12.413396511175279,1.0,-0.20000000000000018,-1.0
0.0,1.0,5.0,9.0,H,1.0,2.2,1.2,0.6,1394.7433844167506,1522.775358056274,-128.03197363952336,-8.0,-0.19999999999999996,1.6
1.0,1.0,3.0,4.0,D,1.6,2.8,0.4,0.8,1490.1683409214234,1546.0537487311135,-55.88540780969015,-3.0,1.2000000000000002,1.9999999999999998
3.0,9.0,5.0,9.0,H,2.4,1.2,1.8,1.0,1644.1960379566958,1659.2642311323273,-15.06819317563145,0.0,0.5999999999999999,0.19999999999999996
4.0,5.0,4.0,10.0,D,0.6,1.2,2.2,1.2,1635.2567364683032,1669.317364996224,-34.0606285279207,-5.0,-1.6,0.0
1.0,7.0,6.0,7.0,H,1.6,1.6,2.4,2.4,1555.3071731001812,1538.7437943318557,16.563378768325492,0.0,-0.7999999999999998,-0.7999999999999998
4.0,7.0,6.0,10.0,H,1.8,2.0,1.6,1.2,1612.0336642506,1853.8566709983625,-241.82300674776252,-3.0,0.19999999999999996,0.8
2.0,2.0,3.0,3.0,H,1.8,2.6,1.0,2.0,1495.0702022290975,1389.8415231090764,105.22867912002107,-1.0,0.8,0.6000000000000001
7.0,13.0,4.0,6.0,H,1.8,1.0,1.4,1.6,1805.3114403366963,1655.2871360782117,150.02430425848456,7.0,0.40000000000000013,-0.6000000000000001
4.0,4.0,4.0,7.0,A,0.8,1.2,1.4,1.6,1533.49966966708,1567.8612521642146,-34.36158249713458,-3.0,-0.5999999999999999,-0.40000000000000013
3.0,7.0,7.0,10.0,H,2.4,2.2,1.6,0.8,1546.573775046969,1554.3015840120515,-7.727808965082431,-3.0,0.7999999999999998,1.4000000000000001
3.0,7.0,4.0,8.0,D,1.6,2.0,1.0,0.6,1549.2155336047263,1526.352121633742,22.863411970984316,-1.0,0.6000000000000001,1.4
4.0,5.0,4.0,7.0,H,0.8,1.4,1.6,2.0,1639.412496007675,1498.6125711653187,140.79992484235618,-2.0,-0.8,-0.6000000000000001
9.0,10.0,3.0,5.0,A,1.6,0.6,0.6,0.8,1530.5343629196923,1655.625185363772,-125.09082244407978,5.0,1.0,-0.20000000000000007
6.0,9.0,1.0,2.0,A,2.6,1.2,1.4,2.6,1627.2697224793512,1464.7610970927117,162.50862538663955,7.0,1.2000000000000002,-1.4000000000000001
4.0,8.0,1.0,7.0,D,1.8,1.4,1.8,1.6,1670.0043009384196,1792.5346754792217,-122.53037454080209,1.0,0.0,-0.20000000000000018
3.0,9.0,3.0,6.0,A,1.6,1.4,2.2,1.6,1836.5044815540957,1644.621911923618,191.88256963047775,3.0,-0.6000000000000001,-0.20000000000000018
7.0,7.0,5.0,5.0,A,1.6,1.6,2.0,2.2,1553.2610839831375,1509.6703704101747,43.59071357296284,2.0,-0.3999999999999999,-0.6000000000000001
2.0,6.0,6.0,9.0,D,0.6,0.4,2.8,2.4,1524.09543916283,1548.830457517881,-24.735018355051125,-3.0,-2.1999999999999997,-2.0
1.0,5.0,4.0,4.0,D,1.0,1.6,0.6,1.2,1649.6493471907447,1539.137458554547,110.51188863619768,1.0,0.4,0.40000000000000013
2.0,5.0,6.0,10.0,H,1.2,1.4,1.8,1.0,1794.7482216630995,1528.3208167358146,266.4274049272849,-5.0,-0.6000000000000001,0.3999999999999999
1.0,7.0,5.0,6.0,A,1.2,1.8,1.2,1.2,1490.6389504675462,1677.9779216361921,-187.3389711686459,1.0,0.0,0.6000000000000001
4.0,7.0,4.0,10.0,A,1.4,1.2,1.8,1.4,1543.0909820631546,1623.244266199497,-80.15328413634234,-3.0,-0.40000000000000013,-0.19999999999999996
3.0,3.0,7.0,13.0,A,0.8,1.8,1.8,0.8,1387.0432103423925,1808.1097531033802,-421.06654276098766,-10.0,-1.0,1.0
4.0,4.0,4.0,8.0,D,1.4,2.4,1.4,0.8,1466.8772713820301,1637.2963217183565,-170.41905033632634,-4.0,0.0,1.5999999999999999
6.0,7.0,4.0,7.0,A,1.0,0.8,1.4,1.8,1640.296843450849,1564.5438755176492,75.7529679331999,0.0,-0.3999999999999999,-1.0
6.0,10.0,3.0,3.0,D,1.6,1.2,1.0,1.8,1615.7675047877117,1394.5199717541777,221.24753303353395,7.0,0.6000000000000001,-0.6000000000000001
4.0,7.0,4.0,5.0,A,1.0,1.6,1.2,1.2,1558.125342126704,1801.1667550540446,-243.04141292734062,2.0,-0.19999999999999996,0.40000000000000013
3.0,9.0,5.0,5.0,H,1.6,1.4,1.4,1.8,1533.9819741741487,1461.216113943696,72.76586023045274,4.0,0.20000000000000018,-0.40000000000000013
7.0,8.0,3.0,7.0,A,2.2,1.4,1.6,1.4,1497.777179207077,1554.9841732662521,-57.20699405917503,1.0,0.6000000000000001,0.0
2.0,5.0,6.0,6.0,D,1.0,1.4,1.0,1.2,1539.1708282104262,1640.26347379497,-101.09264558454379,-1.0,0.0,0.19999999999999996
4.0,7.0,1.0,4.0,H,1.8,1.8,1.2,2.2,1554.5679027929639,1484.9015051924634,69.66639760050043,3.0,0.6000000000000001,-0.40000000000000013
5.0,8.0,1.0,5.0,H,1.4,1.2,1.4,2.0,1684.4436096735838,1643.1836591533531,41.25995052023063,3.0,0.0,-0.8
5.0,8.0,2.0,6.0,H,1.6,1.0,0.6,0.4,1641.8294683069778,1519.5622925742086,122.26717573276915,2.0,1.0,0.6
6.0,9.0,6.0,7.0,D,2.6,1.0,1.4,1.8,1639.6108606328478,1558.2721352739077,81.33872535894011,2.0,1.2000000000000002,-0.8
9.0,13.0,0.0,6.0,H,2.2,1.2,1.0,1.8,1816.077480686627,1828.5367539708488,-12.459273284221808,7.0,1.2000000000000002,-0.6000000000000001
4.0,5.0,2.0,6.0,A,1.4,1.6,1.2,1.4,1450.582449781898,1549.804492372224,-99.22204259032605,-1.0,0.19999999999999996,0.20000000000000018
0.0,1.0,4.0,7.0,H,0.8,2.6,1.2,1.8,1494.1323474636115,1548.894499855556,-54.76215239194448,-6.0,-0.3999999999999999,0.8
1.0,2.0,7.0,10.0,H,0.8,2.4,2.4,1.6,1648.2320115391858,1549.5195504071312,98.71246113205461,-8.0,-1.5999999999999999,0.7999999999999998
7.0,8.0,7.0,8.0,H,2.2,1.2,2.0,0.8,1804.8365956957746,1638.1596276652479,166.67696803052672,0.0,0.20000000000000018,0.3999999999999999
1.0,4.0,7.0,11.0,A,0.8,1.4,1.8,0.8,1389.4999803995536,1689.463601028208,-299.9636206286543,-7.0,-1.0,0.5999999999999999
2.0,3.0,6.0,8.0,H,0.2,1.2,2.4,1.8,1526.1938754826165,1491.1455962986693,35.048279183947216,-5.0,-2.1999999999999997,-0.6000000000000001
0.0,3.0,3.0,9.0,H,0.6,2.0,1.6,1.4,1830.4074146911041,1532.1113134538934,298.2961012372107,-6.0,-1.0,0.6000000000000001
4.0,7.0,9.0,13.0,D,1.2,1.2,2.2,1.0,1642.4115893764001,1813.929365105197,-171.51777572879678,-6.0,-1.0000000000000002,0.19999999999999996
4.0,8.0,7.0,8.0,H,1.4,1.4,1.6,1.4,1567.0548206469898,1606.9848194146296,-39.929998767639745,0.0,-0.20000000000000018,0.0
3.0,7.0,4.0,7.0,H,2.0,1.8,2.0,1.0,1564.5419823081245,1630.0530515909754,-65.51106928285094,0.0,0.0,0.8
4.0,8.0,3.0,6.0,A,1.8,0.8,1.0,1.8,1622.838737284821,1547.4322038343203,75.40653345050077,2.0,0.8,-1.0
5.0,6.0,3.0,3.0,D,1.2,1.4,1.0,2.0,1554.5800799394951,1825.631827123833,-271.05174718433796,3.0,0.19999999999999996,-0.6000000000000001
4.0,4.0,1.0,4.0,H,1.2,2.4,1.0,2.2,1650.4828658071056,1387.2491261316338,263.2337396754717,0.0,0.19999999999999996,0.19999999999999973
4.0,7.0,2.0,8.0,H,1.8,1.6,1.6,1.4,1559.314995380898,1632.6161444026334,-73.30114902173545,-1.0,0.19999999999999996,0.20000000000000018
4.0,10.0,9.0,10.0,D,1.8,1.4,2.2,0.8,1570.824905032628,1801.0665113101363,-230.24160627750825,0.0,-0.40000000000000013,0.5999999999999999
1.0,5.0,6.0,9.0,A,0.8,1.0,2.0,1.6,1440.984021358804,1574.1404107312185,-133.15638937241442,-4.0,-1.2,-0.6000000000000001
3.0,4.0,4.0,7.0,D,1.2,2.2,1.4,1.6,1494.5021026958104,1606.6150641824306,-112.11296148662018,-3.0,-0.19999999999999996,0.6000000000000001
4.0,7.0,9.0,11.0,A,2.0,1.0,2.4,0.8,1618.8900793405073,1700.626573278676,-81.73649393816868,-4.0,-0.3999999999999999,0.19999999999999996
3.0,4.0,3.0,7.0,H,1.0,2.2,2.0,2.2,1554.6423753171825,1485.3977208370427,69.24465448013984,-3.0,-1.0,0.0
7.0,11.0,4.0,5.0,D,2.4,0.8,0.8,1.0,1793.138342399497,1534.1220443932557,259.0162980062414,6.0,1.5999999999999999,-0.19999999999999996
7.0,13.0,5.0,8.0,D,2.4,1.2,1.6,1.4,1806.3662765170939,1578.387993620731,227.97828289636277,5.0,0.7999999999999998,-0.19999999999999996
2.0,5.0,4.0,4.0,H,1.8,2.2,1.4,2.4,1636.6662973101238,1490.45194978832,146.2143475218038,1.0,0.40000000000000013,-0.19999999999999973
0.0,6.0,0.0,4.0,A,1.8,2.2,0.8,1.2,1471.4650750259564,1454.9166671698904,16.548407856065978,2.0,1.0,1.0000000000000002
6.0,6.0,6.0,7.0,H,1.0,2.2,1.2,1.6,1557.5200066876541,1640.3950629537717,-82.87505626611755,-1.0,-0.19999999999999996,0.6000000000000001
9.0,13.0,6.0,10.0,H,3.0,1.2,2.4,1.6,1704.6175992602082,1555.3239693993658,149.29362986084243,3.0,0.6000000000000001,-0.40000000000000013
2.0,8.0,5.0,6.0,A,1.6,1.6,1.2,1.4,1592.49860065267,1568.6965434692559,23.802057183414036,2.0,0.40000000000000013,0.20000000000000018
4.0,4.0,3.0,7.0,A,1.2,2.0,2.0,1.2,1808.6104292713558,1639.8601351372984,168.7502941340574,-3.0,-0.8,0.8
1.0,1.0,1.0,4.0,A,0.8,2.4,1.8,1.6,1380.8665843307394,1625.2726211414017,-244.40603681066227,-3.0,-1.0,0.7999999999999998
9.0,9.0,3.0,7.0,D,2.0,1.6,1.4,1.8,1570.8304809460822,1557.9523051023189,12.878175843763302,2.0,0.6000000000000001,-0.19999999999999996
7.0,9.0,5.0,11.0,A,1.8,1.2,2.2,0.6,1562.1325746871398,1799.7023111816131,-237.56973649447332,-2.0,-0.40000000000000013,0.6
4.0,7.0,1.0,5.0,D,1.6,2.0,1.4,2.0,1556.0903714855574,1594.3605342694314,-38.27016278387396,2.0,0.20000000000000018,0.0
3.0,7.0,6.0,9.0,A,2.0,1.6,1.2,1.8,1542.5810189410934,1570.2629571459265,-27.68193820483316,-2.0,0.8,-0.19999999999999996
6.0,7.0,4.0,4.0,H,1.4,1.6,1.2,2.0,1652.3336129298016,1796.6718792953259,-144.3382663655243,3.0,0.19999999999999996,-0.3999999999999999
3.0,4.0,4.0,5.0,A,0.8,1.2,2.0,2.0,1447.2271288529198,1644.3558356270944,-197.1287067741746,-1.0,-1.2,-0.8
4.0,6.0,9.0,15.0,D,0.8,0.8,3.2,1.2,1536.1236759839667,1702.6159676694972,-166.49229168553052,-9.0,-2.4000000000000004,-0.3999999999999999
5.0,6.0,0.0,1.0,D,1.6,1.8,0.8,3.0,1571.4443457805323,1387.8102321709382,183.63411360959412,5.0,0.8,-1.2
4.0,4.0,0.0,3.0,A,1.4,2.6,1.6,2.6,1477.15512692725,1484.7618978870264,-7.606770959776441,1.0,-0.20000000000000018,0.0
3.0,7.0,7.0,10.0,A,1.8,1.4,1.8,1.2,1625.3457426138336,1585.3448734695469,40.00086914428675,-3.0,0.0,0.19999999999999996
3.0,7.0,5.0,11.0,A,2.6,1.2,2.4,1.4,1617.56520245796,1814.0736952005357,-196.50849274257575,-4.0,0.20000000000000018,-0.19999999999999996
3.0,3.0,3.0,6.0,H,1.4,2.4,1.6,1.8,1495.9247109705184,1614.1829295303417,-118.25821855982326,-3.0,-0.20000000000000018,0.5999999999999999
1.0,2.0,5.0,5.0,A,0.4,2.4,1.4,2.2,1379.7505763382467,1564.150027318249,-184.39945098000226,-3.0,-0.9999999999999999,0.19999999999999973
0.0,0.0,3.0,4.0,H,1.6,1.2,2.4,2.4,1578.757719198377,1609.0704404055095,-30.312721207132654,-4.0,-0.7999999999999998,-1.2
5.0,11.0,1.0,4.0,H,3.2,2.0,1.2,2.8,1815.5698150540718,1475.6590070737138,339.91080798035796,7.0,2.0,-0.7999999999999998
7.0,13.0,3.0,7.0,A,2.8,1.0,1.4,1.0,1686.7967377431678,1587.2635757068617,99.53316203630607,6.0,1.4,0.0
7.0,13.0,4.0,8.0,D,2.2,0.8,1.6,1.8,1581.9400899749057,1565.537358181781,16.402731793124758,5.0,0.6000000000000001,-1.0
1.0,4.0,5.0,6.0,D,1.4,1.6,0.8,0.8,1788.9019343004504,1543.8936209788421,245.00831332160828,-2.0,0.5999999999999999,0.8
6.0,8.0,6.0,9.0,H,2.8,1.6,1.4,1.4,1651.7674679045494,1644.9219806523465,6.845487252202929,-1.0,1.4,0.20000000000000018
2.0,3.0,3.0,6.0,D,1.2,2.0,2.0,2.0,1590.2501795904957,1546.691373620029,43.558805970466665,-3.0,-0.8,0.0
5.0,11.0,3.0,3.0,H,2.6,0.8,0.6,1.8,1801.0790978806208,1445.8503421539122,355.22875572670864,8.0,2.0,-1.0
5.0,8.0,7.0,11.0,A,1.2,1.2,3.2,1.8,1558.2517738192523,1821.4680685530684,-263.2162947338161,-3.0,-2.0,-0.6000000000000001
3.0,3.0,6.0,6.0,D,2.2,2.4,1.4,1.6,1603.6047000967667,1501.3904512792612,102.21424881750545,-3.0,0.8000000000000003,0.7999999999999998
5.0,9.0,5.0,11.0,D,1.6,1.0,1.4,0.4,1584.321691673469,1584.8819740082984,-0.5602823348292532,-2.0,0.20000000000000018,0.6
4.0,8.0,1.0,1.0,H,1.4,1.6,0.2,2.4,1568.7727473157788,1376.5151872042488,192.25756011152998,7.0,1.2,-0.7999999999999998
0.0,4.0,1.0,5.0,A,1.2,2.6,1.6,1.4,1471.126708902679,1793.4342324714853,-322.30752356880635,-1.0,-0.40000000000000013,1.2000000000000002
3.0,6.0,9.0,15.0,A,1.0,1.0,1.6,1.2,1532.0405188486059,1590.6108213286132,-58.570302480007285,-9.0,-0.6000000000000001,-0.19999999999999996
3.0,9.0,2.0,3.0,D,1.4,1.4,1.0,1.8,1640.7426813397608,1594.4294789030814,46.313202436679376,6.0,0.3999999999999999,-0.40000000000000013
3.0,3.0,4.0,10.0,H,0.6,1.8,2.4,1.4,1459.6982956717914,1672.9487842252886,-213.25048855349723,-7.0,-1.7999999999999998,0.40000000000000013
3.0,3.0,9.0,10.0,A,0.8,2.2,3.2,1.4,1602.4055474519648,1663.5448499829263,-61.13930253096146,-7.0,-2.4000000000000004,0.8000000000000003
1.0,4.0,7.0,11.0,A,1.2,1.8,1.8,0.4,1540.863922371983,1806.9065491286667,-266.0426267566836,-7.0,-0.6000000000000001,1.4
4.0,5.0,4.0,8.0,H,1.4,1.4,1.0,1.6,1795.970427903729,1555.7155783870087,240.25484951672024,-3.0,0.3999999999999999,-0.20000000000000018
1.0,1.0,1.0,4.0,A,0.2,1.8,1.2,1.8,1368.3464017266901,1549.0327078495418,-180.68630612285165,-3.0,-1.0,0.0
4.0,8.0,1.0,7.0,D,1.6,1.8,1.4,1.6,1568.8929375320379,1672.8285940090295,-103.93565647699165,1.0,0.20000000000000018,0.19999999999999996
3.0,4.0,9.0,11.0,D,1.2,1.6,2.0,0.6,1597.5582813211734,1803.7777467105748,-206.21946538940142,-7.0,-0.8,1.0
4.0,7.0,0.0,1.0,H,1.2,1.6,0.6,2.8,1644.23853427165,1467.6308559707898,176.60767830086024,6.0,0.6,-1.1999999999999997
5.0,9.0,2.0,6.0,H,1.6,0.8,1.0,0.6,1590.746250171097,1526.1762426858072,64.5700074852898,3.0,0.6000000000000001,0.20000000000000007
1.0,4.0,9.0,12.0,A,2.6,2.6,3.0,0.8,1592.4567674630484,1674.6927826166445,-82.2360151535961,-8.0,-0.3999999999999999,1.8
5.0,7.0,3.0,6.0,D,1.4,1.2,1.0,1.6,1578.628478563622,1465.3915087816385,113.23696978198336,1.0,0.3999999999999999,-0.40000000000000013
9.0,11.0,0.0,3.0,D,3.8,1.8,0.8,2.2,1814.2169770079902,1609.656638997043,204.56033801094713,8.0,3.0,-0.40000000000000013
7.0,7.0,9.0,15.0,A,1.8,1.2,2.0,0.6,1491.0802881065304,1600.920984501344,-109.84069639481368,-8.0,-0.19999999999999996,0.6
4.0,4.0,7.0,7.0,D,1.4,1.4,1.8,1.2,1553.0265893947242,1791.9765463585466,-238.9499569638224,-3.0,-0.40000000000000013,0.19999999999999996
1.0,5.0,5.0,9.0,D,0.8,1.2,1.4,0.6,1668.020203334316,1595.5546408458106,72.46556248850538,-4.0,-0.5999999999999999,0.6
9.0,15.0,7.0,11.0,D,2.0,0.2,3.6,1.6,1604.0710342792313,1811.066927230103,-206.99589295087162,4.0,-1.6,-1.4000000000000001
3.0,5.0,5.0,7.0,H,0.8,2.2,1.6,1.4,1563.5325387258965,1570.811518224734,-7.278979498837543,-2.0,-0.8,0.8000000000000003
1.0,3.0,4.0,7.0,A,0.2,0.8,1.4,1.8,1516.695649379291,1653.7191275781663,-137.0234781988754,-4.0,-1.2,-1.0
0.0,0.0,5.0,8.0,A,0.4,2.8,1.4,1.6,1457.6671814383756,1578.856612064452,-121.1894306260765,-8.0,-0.9999999999999999,1.1999999999999997
9.0,15.0,4.0,7.0,H,3.0,0.2,1.6,1.4,1677.9622595819735,1487.8108111412014,190.15144844077213,8.0,1.4,-1.2
7.0,11.0,1.0,4.0,H,2.0,0.6,2.2,2.2,1806.634037072129,1589.600477101494,217.033559970635,7.0,-0.20000000000000018,-1.6
4.0,7.0,3.0,4.0,A,1.2,1.6,1.0,1.4,1456.314706636362,1606.63508346645,-150.32037683008798,3.0,0.19999999999999996,0.20000000000000018
1.0,4.0,0.0,1.0,H,0.8,2.0,0.2,2.6,1612.115739442429,1365.8873012813042,246.2284381611248,3.0,0.6000000000000001,-0.6000000000000001
7.0,13.0,7.0,10.0,D,2.4,0.8,1.4,1.4,1800.415955848872,1659.9372088014234,140.47874704744868,3.0,1.0,-0.5999999999999999
3.0,7.0,7.0,8.0,A,1.2,2.4,1.2,1.4,1551.1425043466827,1591.246646443666,-40.104142096983196,-1.0,0.0,1.0
4.0,5.0,5.0,11.0,A,1.6,1.4,3.4,1.4,1547.2855830090148,1816.8079336158123,-269.52235060679754,-6.0,-1.7999999999999998,0.0
9.0,15.0,5.0,9.0,A,2.8,0.2,1.6,0.8,1663.1466745743621,1610.370225853422,52.77644872094015,6.0,1.1999999999999997,-0.6000000000000001
0.0,0.0,2.0,6.0,A,0.4,2.4,1.6,1.6,1448.0453254681352,1580.4333741949745,-132.38804872683932,-6.0,-1.2000000000000002,0.7999999999999998
0.0,2.0,1.0,1.0,H,0.2,1.0,1.4,2.6,1525.9173647943626,1580.3787616864224,-54.46139689205984,1.0,-1.2,-1.6
4.0,4.0,5.0,7.0,A,1.0,2.0,1.2,0.8,1599.1697237497563,1619.5810991591227,-20.41137540936643,-3.0,-0.19999999999999996,1.2
7.0,13.0,0.0,1.0,H,1.8,0.2,0.4,2.2,1606.5692150510095,1363.389120509526,243.1800945414834,12.0,1.4,-2.0
4.0,4.0,7.0,8.0,A,0.8,1.8,2.0,1.2,1452.2187679863634,1796.072485008545,-343.8537170221816,-4.0,-1.2,0.6000000000000001
2.0,3.0,1.0,7.0,H,0.8,1.4,1.4,1.6,1671.3436123696226,1484.4874021058947,186.85621026372792,-4.0,-0.5999999999999999,-0.20000000000000018
7.0,11.0,5.0,5.0,H,3.0,0.8,1.4,1.6,1800.3772203956694,1667.0388769824983,133.33834341317106,6.0,1.6,-0.8
0.0,4.0,5.0,11.0,A,1.0,2.2,1.8,1.0,1480.0090643537146,1804.8942936010521,-324.8852292473375,-7.0,-0.8,1.2000000000000002
0.0,0.0,6.0,12.0,A,0.8,2.8,2.2,1.0,1358.5789622623602,1667.956832821528,-309.37787055916783,-12.0,-1.4000000000000001,1.7999999999999998
7.0,9.0,3.0,4.0,A,1.6,0.8,0.8,1.4,1604.5205740198949,1540.9778899335904,63.54268408630446,5.0,0.8,-0.5999999999999999
7.0,9.0,7.0,13.0,H,1.8,1.0,2.0,0.6,1617.4684210704986,1599.4710198339328,17.997401236565793,-4.0,-0.19999999999999996,0.4
5.0,11.0,1.0,4.0,H,2.6,0.8,0.8,2.2,1818.0979646356786,1450.9287369664971,367.1692276691815,7.0,1.8,-1.4000000000000001
7.0,8.0,3.0,6.0,D,1.4,1.6,1.0,2.6,1654.5598892926012,1556.519823855505,98.04006543709625,2.0,0.3999999999999999,-1.0
7.0,11.0,4.0,5.0,A,1.4,0.4,1.6,1.4,1577.325019325986,1561.2072101266947,16.117809199291287,6.0,-0.20000000000000018,-0.9999999999999999
0.0,1.0,0.0,0.0,A,1.2,2.0,0.4,2.2,1564.5374589234161,1463.8866282311415,100.65083069227467,1.0,0.7999999999999999,-0.20000000000000018
4.0,8.0,4.0,4.0,A,2.0,1.6,1.2,2.0,1568.1361577121136,1611.4669402326172,-43.33078252050359,4.0,0.8,-0.3999999999999999
0.0,1.0,5.0,9.0,H,0.6,2.4,1.6,1.2,1492.1224733545757,1642.44648029174,-150.3240069371643,-8.0,-1.0,1.2
6.0,12.0,3.0,5.0,A,2.2,1.2,1.6,1.6,1652.7656637612156,1583.327326772426,69.43833698878962,7.0,0.6000000000000001,-0.40000000000000013
0.0,4.0,0.0,0.0,A,1.0,2.8,1.0,3.2,1435.896399454303,1373.6112997745543,62.28509967974878,4.0,0.0,-0.40000000000000036
6.0,6.0,3.0,3.0,H,0.8,1.2,0.6,1.8,1546.2807007210345,1458.5838174436974,87.69688327733707,3.0,0.20000000000000007,-0.6000000000000001
7.0,11.0,7.0,11.0,A,2.8,1.0,2.8,0.8,1610.286410391858,1825.2799753143192,-214.99356492246125,0.0,0.0,0.19999999999999996
4.0,10.0,6.0,8.0,H,1.8,1.6,1.6,1.0,1606.8041906292203,1597.1874032246074,9.616787404612978,2.0,0.19999999999999996,0.6000000000000001
4.0,7.0,0.0,1.0,A,2.0,1.6,1.4,2.2,1548.494475694712,1577.2501933553988,-28.75571766068674,6.0,0.6000000000000001,-0.6000000000000001
6.0,7.0,6.0,10.0,A,1.4,1.6,1.6,0.8,1597.7870817449896,1591.0048778136136,6.782203931375989,-3.0,-0.20000000000000018,0.8
7.0,11.0,7.0,13.0,H,1.8,1.0,3.4,0.8,1811.9736256468657,1793.2978883498558,18.675737297009846,-2.0,-1.5999999999999999,0.19999999999999996
4.0,5.0,4.0,4.0,H,1.4,1.8,1.0,2.8,1671.6263719317217,1551.9323289062816,119.69404302544012,1.0,0.3999999999999999,-0.9999999999999998
9.0,9.0,9.0,11.0,D,1.6,0.8,2.2,0.8,1551.0205797437252,1820.5400962916285,-269.5195165479033,-2.0,-0.6000000000000001,0.0
3.0,7.0,6.0,8.0,H,1.2,2.0,1.8,1.6,1606.4530221037132,1662.3607530526158,-55.907730948902554,-1.0,-0.6000000000000001,0.3999999999999999
3.0,3.0,7.0,11.0,A,0.6,2.2,2.2,1.0,1454.8102752929656,1815.7471677975975,-360.93689250463194,-8.0,-1.6,1.2000000000000002
2.0,8.0,0.0,1.0,D,1.2,1.2,0.8,3.2,1635.3706733048646,1442.9722064411785,192.39846686368605,7.0,0.3999999999999999,-2.0
6.0,7.0,6.0,10.0,H,1.6,1.4,2.8,1.6,1591.159751186202,1598.9717662154444,-7.812015029242502,-3.0,-1.1999999999999997,-0.20000000000000018
6.0,10.0,3.0,9.0,H,3.2,1.8,2.0,1.6,1797.303265695891,1648.7602864151804,148.5429792807106,1.0,1.2000000000000002,0.19999999999999996
3.0,3.0,6.0,10.0,A,1.2,3.0,2.4,1.0,1367.354026384182,1616.5436837822303,-249.18965739804844,-7.0,-1.2,2.0
1.0,4.0,3.0,7.0,A,1.2,2.2,1.8,1.4,1539.0400993887965,1561.386705212197,-22.346605823400523,-3.0,-0.6000000000000001,0.8000000000000003
6.0,10.0,7.0,10.0,A,1.6,0.6,2.0,1.0,1577.1805405981036,1564.8449169592352,12.335623638868356,0.0,-0.3999999999999999,-0.4
3.0,3.0,3.0,7.0,H,1.4,1.8,1.4,1.6,1585.0021237748012,1590.035151325587,-5.033027550785846,-4.0,0.0,0.19999999999999996
7.0,11.0,3.0,3.0,H,2.2,0.8,0.6,2.0,1822.1053777935097,1490.5571918526946,331.5481859408151,8.0,1.6,-1.2
2.0,6.0,7.0,13.0,D,1.0,1.2,2.4,0.8,1637.8164995235836,1819.6595515747906,-181.843052051207,-7.0,-1.4,0.3999999999999999
3.0,3.0,6.0,7.0,A,0.4,2.2,1.0,1.4,1444.9995375587778,1571.1974429463849,-126.19790538760708,-4.0,-0.6,0.8000000000000003
3.0,3.0,3.0,9.0,A,1.4,2.6,1.6,1.8,1361.1565881220988,1612.6504603657963,-251.49387224369752,-6.0,-0.20000000000000018,0.8
7.0,13.0,3.0,6.0,D,2.4,1.0,1.0,1.4,1562.7243890528473,1592.155679231975,-29.4312901791277,7.0,1.4,-0.3999999999999999
9.0,13.0,1.0,4.0,A,2.4,0.8,1.0,1.6,1797.7994690079795,1556.9877981784146,240.81167082956495,9.0,1.4,-0.8
6.0,10.0,3.0,3.0,A,2.8,1.2,0.8,1.8,1600.8240133319287,1506.2768623029963,94.54715102893238,7.0,1.9999999999999998,-0.6000000000000001
6.0,9.0,3.0,9.0,A,1.6,1.2,1.6,0.8,1577.9919990809415,1590.348292703364,-12.356293622422527,0.0,0.0,0.3999999999999999
1.0,1.0,6.0,6.0,A,0.6,3.0,1.4,1.4,1434.1760579652707,1593.798272250709,-159.6222142854383,-5.0,-0.7999999999999999,1.6
2.0,4.0,3.0,7.0,H,1.2,1.6,1.6,2.0,1645.6782218647531,1654.4990307114463,-8.820808846693126,-3.0,-0.40000000000000013,-0.3999999999999999
3.0,6.0,3.0,7.0,H,1.6,2.2,2.4,2.0,1654.6976673350773,1593.0343852955475,61.663282039529804,-1.0,-0.7999999999999998,0.20000000000000018
6.0,10.0,5.0,11.0,A,3.2,1.6,2.4,1.2,1785.1049742245718,1831.8578430461098,-46.75286882153796,-1.0,0.8000000000000003,0.40000000000000013
6.0,9.0,3.0,9.0,H,2.0,1.8,2.4,1.0,1619.538561065438,1593.935912632287,25.60264843315099,0.0,-0.3999999999999999,0.8
6.0,9.0,5.0,6.0,H,1.6,0.8,1.2,1.4,1599.069622624921,1636.956891943196,-37.887269318275,3.0,0.40000000000000013,-0.5999999999999999
6.0,6.0,6.0,9.0,A,1.0,1.2,1.2,1.0,1495.4645522742912,1588.8043091096465,-93.33975683535527,-3.0,-0.19999999999999996,0.19999999999999996
3.0,6.0,3.0,3.0,H,1.4,2.0,1.2,2.8,1656.381558899448,1359.274059934097,297.10749896535094,3.0,0.19999999999999996,-0.7999999999999998
7.0,11.0,3.0,6.0,H,2.0,1.0,1.8,2.8,1835.2301788010468,1651.3253315801403,183.9048472209065,5.0,0.19999999999999996,-1.7999999999999998
9.0,9.0,3.0,9.0,A,2.0,1.2,2.8,1.6,1586.3674151589169,1792.535831316364,-206.16841615744715,0.0,-0.7999999999999998,-0.40000000000000013
1.0,4.0,1.0,1.0,H,0.8,1.6,0.8,3.4,1595.8489961656203,1430.4827410316254,165.36625513399485,3.0,0.0,-1.7999999999999998
6.0,9.0,5.0,11.0,D,1.4,1.0,2.2,1.0,1568.1729751865003,1565.748856812732,2.4241183737683514,-2.0,-0.8000000000000003,0.0
3.0,6.0,6.0,10.0,D,2.8,2.6,2.0,0.8,1595.9615812839436,1794.8722730195834,-198.91069173563983,-4.0,0.7999999999999998,1.8
3.0,4.0,0.0,3.0,H,0.6,1.2,0.4,2.6,1561.5454625125278,1440.4418732246645,121.10358928786331,1.0,0.19999999999999996,-1.4000000000000001
1.0,4.0,6.0,9.0,H,2.2,2.2,1.8,1.6,1608.671769059584,1779.8256435407236,-171.1538744811396,-5.0,0.40000000000000013,0.6000000000000001
9.0,9.0,6.0,9.0,H,1.8,1.8,1.2,1.2,1625.943806158457,1582.3990640166276,43.544742141829374,0.0,0.6000000000000001,0.6000000000000001
6.0,9.0,1.0,1.0,H,2.0,1.0,1.2,2.8,1602.5825978472246,1426.9697658093219,175.61283203790276,8.0,0.8,-1.7999999999999998
7.0,11.0,0.0,3.0,H,2.0,1.0,0.8,3.0,1835.9310643170095,1358.5731744181344,477.3578898988751,8.0,1.2,-2.0
7.0,10.0,4.0,5.0,A,1.6,0.8,1.2,2.0,1557.2769139430802,1647.852953186616,-90.57603924353589,5.0,0.40000000000000013,-1.2
3.0,6.0,5.0,9.0,D,1.0,1.0,2.2,1.2,1494.6113452385903,1566.6020638484329,-71.99071860984259,-3.0,-1.2000000000000002,-0.19999999999999996
3.0,6.0,0.0,3.0,H,1.6,1.8,0.4,2.6,1659.1733695623604,1437.650062561752,221.52330700060838,3.0,1.2000000000000002,-0.8
6.0,9.0,3.0,6.0,D,1.6,0.8,1.8,1.2,1583.7680599910552,1596.5352678001486,-12.767207809093406,3.0,-0.19999999999999996,-0.3999999999999999
4.0,7.0,4.0,10.0,D,1.2,1.4,1.6,0.4,1598.6243695159415,1792.0968996692623,-193.4725301533208,-3.0,-0.40000000000000013,0.9999999999999999
6.0,7.0,3.0,6.0,A,1.0,0.8,1.6,2.4,1551.2513883138047,1661.6194057788634,-110.36801746505876,1.0,-0.6000000000000001,-1.5999999999999999
0.0,3.0,4.0,7.0,A,0.8,3.0,1.2,1.0,1349.6067322850377,1503.577787371687,-153.97105508664936,-4.0,-0.3999999999999999,2.0
1.0,4.0,4.0,7.0,A,1.2,1.6,1.2,0.8,1582.728783262973,1571.083398480256,11.645384782716974,-3.0,0.0,0.8
3.0,6.0,9.0,12.0,D,1.2,1.6,2.2,1.8,1773.590521931305,1632.1789277678756,141.4115941634293,-6.0,-1.0000000000000002,-0.19999999999999996
0.0,1.0,4.0,7.0,A,1.0,2.2,2.4,1.2,1419.2789298163193,1616.3626050525866,-197.08367523626725,-6.0,-1.4,1.0000000000000002
3.0,7.0,6.0,6.0,D,1.6,1.4,0.8,0.8,1563.3988434164992,1554.4546087457384,8.944234670760807,1.0,0.8,0.5999999999999999
2.0,8.0,6.0,9.0,H,1.6,0.6,1.6,1.2,1796.2444189102898,1655.0258503213329,141.21856858895694,-1.0,0.0,-0.6
3.0,9.0,4.0,10.0,H,1.4,1.4,1.8,0.8,1589.6341147733615,1576.5330092343213,13.10110553904019,-1.0,-0.40000000000000013,0.5999999999999999
0.0,0.0,5.0,5.0,A,0.0,2.6,1.2,1.6,1429.387245850079,1606.8871862276146,-177.49994037753572,-5.0,-1.2,1.0
5.0,8.0,6.0,9.0,H,0.8,0.4,1.4,1.2,1799.1677465087448,1586.7107871749065,212.4569593338383,-1.0,-0.5999999999999999,-0.7999999999999999
4.0,7.0,4.0,7.0,H,1.2,1.2,0.8,0.6,1512.1732553010327,1545.8591408163927,-33.68588551536004,0.0,0.3999999999999999,0.6
7.0,7.0,7.0,8.0,H,1.8,1.6,1.8,1.2,1623.3119488960622,1599.937842384139,23.374106511923173,-1.0,0.0,0.40000000000000013
1.0,4.0,0.0,1.0,A,1.4,1.6,1.2,2.6,1566.3282171812311,1435.679495898061,130.64872128317006,3.0,0.19999999999999996,-1.0
7.0,13.0,6.0,8.0,A,2.6,0.8,1.4,1.6,1619.7983927389528,1660.233488215539,-40.435095476586184,5.0,1.2000000000000002,-0.8
4.0,7.0,0.0,0.0,H,1.4,1.0,0.0,2.4,1775.0296215239066,1427.9481462574772,347.0814752664294,7.0,1.4,-1.4
6.0,6.0,4.0,10.0,H,1.2,2.2,1.6,0.6,1666.6261545500374,1566.076649709082,100.54950484095548,-4.0,-0.40000000000000013,1.6
0.0,0.0,9.0,12.0,D,0.6,3.2,2.0,0.6,1353.745662550648,1598.4436675816144,-244.69800503096644,-12.0,-1.4,2.6
9.0,13.0,3.0,7.0,H,2.2,0.8,1.4,1.2,1838.028050610973,1561.3018571225357,276.7261934884373,6.0,0.8000000000000003,-0.3999999999999999
6.0,6.0,1.0,7.0,H,1.2,1.2,1.4,1.2,1660.2972806483854,1571.2615789072688,89.03570174111655,-1.0,-0.19999999999999996,0.0
1.0,7.0,1.0,1.0,D,0.8,0.6,1.0,1.8,1543.6092181698984,1568.5781398277254,-24.968921657826968,6.0,-0.19999999999999996,-1.2000000000000002
3.0,3.0,7.0,10.0,A,1.4,2.6,1.2,0.8,1425.003962320278,1522.8487888788156,-97.84482655853753,-7.0,0.19999999999999996,1.8
6.0,10.0,9.0,10.0,H,1.8,1.4,1.8,1.2,1666.4846639953732,1617.060773116228,49.42389087914535,0.0,0.0,0.19999999999999996
2.0,4.0,7.0,8.0,D,1.0,1.2,0.8,0.6,1565.074018213369,1795.3955854179114,-230.32156720454236,-4.0,0.19999999999999996,0.6
7.0,10.0,4.0,10.0,H,1.8,0.8,2.0,1.4,1606.2179593974663,1612.0241009231008,-5.80614152563453,0.0,-0.19999999999999996,-0.5999999999999999
3.0,7.0,6.0,9.0,D,1.6,1.0,1.4,0.6,1565.9103214368436,1660.4636089206238,-94.5532874837802,-2.0,0.20000000000000018,0.4
3.0,6.0,9.0,13.0,H,1.2,1.4,2.0,0.6,1600.810078959039,1823.9287588268405,-223.11867986780157,-7.0,-0.8,0.7999999999999999
1.0,4.0,1.0,1.0,H,1.2,1.4,0.6,2.8,1574.0316652726451,1350.9755761852716,223.0560890873735,3.0,0.6,-1.4
4.0,8.0,4.0,7.0,D,1.8,1.2,1.0,1.0,1602.0661209637346,1772.901342944311,-170.8352219805763,1.0,0.8,0.19999999999999996
0.0,0.0,6.0,9.0,A,0.0,2.4,1.4,2.0,1421.7403382839373,1672.8339625235774,-251.09362423964012,-9.0,-1.4,0.3999999999999999
5.0,8.0,7.0,13.0,H,1.0,0.6,2.0,0.6,1776.446162884653,1602.6731394571243,173.77302342752864,-5.0,-1.0,0.0
1.0,7.0,0.0,0.0,D,1.4,1.8,0.0,2.2,1605.1898984760917,1428.5745407309464,176.61535774514527,7.0,1.4,-0.40000000000000013
6.0,10.0,2.0,4.0,A,1.4,0.8,0.8,1.0,1602.9454625782075,1579.1893287513894,23.756133826818086,6.0,0.5999999999999999,-0.19999999999999996
1.0,1.0,9.0,12.0,A,0.8,2.6,1.8,1.2,1346.488840607044,1670.9713995736008,-324.4825589665568,-11.0,-1.0,1.4000000000000001
7.0,9.0,4.0,5.0,D,1.0,0.6,0.8,1.0,1788.0053028095895,1573.3006040451655,214.70469876442394,4.0,0.19999999999999996,-0.4
4.0,10.0,3.0,3.0,D,1.2,0.2,1.4,2.2,1652.996272822059,1432.471298418843,220.524974403216,7.0,-0.19999999999999996,-2.0
6.0,12.0,2.0,5.0,H,2.0,0.8,1.0,1.0,1825.9430769321239,1541.594900064615,284.34817686750876,7.0,1.0,-0.19999999999999996
9.0,10.0,3.0,4.0,H,1.4,1.0,1.0,1.4,1531.452893070532,1565.4275610809289,-33.974668010396954,6.0,0.3999999999999999,-0.3999999999999999
9.0,12.0,4.0,8.0,H,2.0,1.2,1.4,0.8,1678.2798268289746,1596.6202566583374,81.65957017063715,4.0,0.6000000000000001,0.3999999999999999
1.0,2.0,6.0,9.0,H,1.4,2.0,1.8,1.4,1576.6519836037078,1592.7362351830566,-16.084251579348802,-7.0,-0.40000000000000013,0.6000000000000001
9.0,12.0,4.0,10.0,H,2.0,0.8,2.0,1.6,1683.6160062143067,1597.3369600717922,86.27904614251452,2.0,0.0,-0.8
2.0,5.0,1.0,5.0,H,0.8,1.0,1.4,2.0,1581.36495341239,1597.1255491088673,-15.760595696477367,0.0,-0.5999999999999999,-1.0
3.0,7.0,4.0,5.0,D,1.2,2.4,1.4,1.6,1593.996644618058,1579.9922990574419,14.00434556061623,2.0,-0.19999999999999996,0.7999999999999998
4.0,6.0,7.0,8.0,A,0.8,0.8,1.8,1.0,1571.9177101185576,1783.7177815174848,-211.80007139892723,-2.0,-1.0,-0.19999999999999996
1.0,2.0,1.0,1.0,D,0.8,1.4,0.8,2.4,1534.6874273890455,1353.3963132826136,181.2911141064319,1.0,0.0,-1.0
9.0,12.0,9.0,15.0,H,2.0,1.0,3.0,0.4,1678.5087845345483,1676.0786212533592,2.4301632811891523,-3.0,-1.0,0.6
1.0,5.0,9.0,13.0,A,1.0,1.2,2.0,1.0,1582.1948172652649,1545.8783324636045,36.31648480166041,-8.0,-1.0,0.19999999999999996
1.0,1.0,6.0,12.0,A,0.4,2.2,2.0,1.0,1425.515909280378,1829.0017083826922,-403.4857991023141,-11.0,-1.6,1.2000000000000002
3.0,6.0,5.0,8.0,A,1.4,1.4,0.8,0.6,1581.5973892901748,1664.1351187149407,-82.53772942476598,-2.0,0.5999999999999999,0.7999999999999999
4.0,4.0,5.0,9.0,A,1.4,2.0,1.2,0.8,1428.7353999430793,1791.741201285353,-363.0058013422738,-5.0,0.19999999999999996,1.2
3.0,4.0,3.0,9.0,A,1.4,2.0,1.4,1.0,1553.6483216925328,1614.7247019666036,-61.07638027407074,-5.0,0.0,1.0
7.0,11.0,9.0,15.0,H,2.2,0.8,2.6,0.4,1788.4142314454525,1673.8123346065806,114.60189683887188,-4.0,-0.3999999999999999,0.4
5.0,11.0,1.0,5.0,D,1.8,0.6,1.0,2.4,1784.7942288857344,1600.9436170176768,183.8506118680575,6.0,0.8,-1.7999999999999998
9.0,15.0,1.0,1.0,H,2.0,0.8,0.4,2.2,1550.2685874980646,1421.125654245918,129.14293325214658,14.0,1.6,-1.4000000000000001
5.0,8.0,4.0,5.0,H,1.0,0.8,0.6,1.0,1669.105626740491,1566.9472020930073,102.1584246474838,3.0,0.4,-0.19999999999999996
1.0,2.0,2.0,3.0,H,1.4,2.6,1.0,1.4,1602.76349827006,1529.049478227853,73.71402004220704,-1.0,0.3999999999999999,1.2000000000000002
6.0,12.0,1.0,4.0,H,3.0,1.2,1.4,2.6,1678.4637964030665,1426.350224793372,252.11357160969442,8.0,1.6,-1.4000000000000001
1.0,2.0,3.0,6.0,A,0.8,2.0,1.4,1.4,1346.9274135242597,1588.0662890485287,-241.138875524269,-4.0,-0.5999999999999999,0.6000000000000001
6.0,12.0,3.0,3.0,H,1.8,1.0,1.2,2.0,1831.0684054278343,1551.5816246473908,279.4867807804435,9.0,0.6000000000000001,-1.0
5.0,5.0,1.0,4.0,D,1.0,1.2,0.8,1.2,1577.2495211013686,1584.9375952213381,-7.688074119969542,1.0,0.19999999999999996,0.0
3.0,9.0,5.0,8.0,A,1.6,1.2,1.6,1.2,1601.0643237847764,1595.025331594217,6.038992190559384,1.0,0.0,0.0
9.0,13.0,9.0,15.0,H,2.2,0.6,2.2,0.6,1790.9128915847682,1547.7699273587489,243.14296422601933,-2.0,0.0,0.0
6.0,12.0,3.0,6.0,H,2.6,0.8,1.4,1.6,1678.9232867280691,1582.9553369270402,95.96794980102891,6.0,1.2000000000000002,-0.8
3.0,4.0,1.0,4.0,D,0.4,1.0,1.0,2.4,1560.9513855813286,1432.3460413050507,128.60534427627795,0.0,-0.6,-1.4
1.0,1.0,1.0,2.0,H,0.4,2.2,0.8,2.0,1426.4936143086104,1341.5594534615673,84.93416084704313,-1.0,-0.4,0.20000000000000018
5.0,9.0,5.0,6.0,A,2.0,1.0,1.0,1.0,1767.7041561958818,1594.3395937912212,173.36456240466055,3.0,1.0,0.0
7.0,11.0,9.0,12.0,H,1.2,0.6,2.2,1.0,1680.8703882467553,1819.30364392157,-138.43325567481475,-1.0,-1.0000000000000002,-0.4
1.0,2.0,0.0,3.0,D,1.2,1.8,1.4,2.6,1526.8560043608002,1553.7750985144435,-26.9190941536433,-1.0,-0.19999999999999996,-0.8
7.0,8.0,1.0,2.0,H,1.6,1.0,0.4,1.4,1601.9587002977057,1578.0042265178495,23.954473779856244,6.0,1.2000000000000002,-0.3999999999999999
4.0,4.0,6.0,12.0,D,1.6,2.6,3.2,1.0,1602.065234805938,1679.1620598671884,-77.09682506125046,-8.0,-1.6,1.6
2.0,5.0,3.0,6.0,D,1.2,2.6,0.8,1.2,1598.14551892131,1603.8624218811433,-5.716902959833305,-1.0,0.3999999999999999,1.4000000000000001
3.0,6.0,1.0,5.0,A,1.2,1.4,0.8,1.2,1569.5813370183882,1574.3253854899806,-4.74404847159235,1.0,0.3999999999999999,0.19999999999999996
1.0,2.0,9.0,11.0,A,1.0,2.6,2.2,1.2,1424.3232668787634,1609.981474723993,-185.65820784522953,-9.0,-1.2000000000000002,1.4000000000000001
1.0,1.0,9.0,13.0,D,0.6,2.2,2.0,0.6,1349.198480417632,1783.2738646287034,-434.0753842110714,-12.0,-1.4,1.6
6.0,12.0,4.0,5.0,A,2.0,0.8,1.8,2.2,1536.4619765920904,1613.3731855725964,-76.91120898050599,7.0,0.19999999999999996,-1.4000000000000001
5.0,9.0,6.0,12.0,A,1.2,0.8,2.2,0.8,1583.8961677803736,1689.3667127389167,-105.47054495854309,-3.0,-1.0000000000000002,0.0
6.0,9.0,4.0,6.0,D,2.2,1.6,1.8,1.2,1815.1975963365383,1771.8102037809135,43.38739255562473,3.0,0.40000000000000013,0.40000000000000013
1.0,4.0,3.0,3.0,A,1.6,2.6,1.0,2.6,1542.1874943777289,1609.7331230580246,-67.54562868029575,1.0,0.6000000000000001,0.0
1.0,2.0,2.0,3.0,A,1.0,2.0,1.4,1.8,1563.9089833489322,1540.9512475297174,22.957735819214804,-1.0,-0.3999999999999999,0.19999999999999996
4.0,10.0,9.0,11.0,H,2.8,1.2,1.6,0.8,1686.406133165018,1673.6263149489257,12.77981821609228,-1.0,1.1999999999999997,0.3999999999999999
4.0,4.0,3.0,4.0,D,0.8,1.4,0.8,1.8,1597.2313917801116,1433.124644409642,164.10674737046952,0.0,0.0,-0.40000000000000013
6.0,12.0,1.0,1.0,H,2.0,0.6,1.0,2.8,1693.2509288766798,1538.3032782399657,154.94765063671412,11.0,1.0,-2.1999999999999997
6.0,10.0,1.0,1.0,H,1.6,1.2,1.0,2.4,1678.2301456850769,1559.305152612781,118.92499307229582,9.0,0.6000000000000001,-1.2
4.0,7.0,1.0,2.0,H,1.2,1.2,0.4,1.6,1576.9925635650368,1346.5313023425758,230.46126122246096,5.0,0.7999999999999999,-0.40000000000000013
4.0,5.0,2.0,5.0,A,1.4,1.4,1.0,1.4,1529.6994890223866,1608.4831502874424,-78.7836612650558,0.0,0.3999999999999999,0.0
9.0,13.0,3.0,3.0,A,2.4,1.2,0.8,1.6,1596.1469238689706,1583.4158878734106,12.731035995559978,10.0,1.5999999999999999,-0.40000000000000013
4.0,5.0,1.0,2.0,H,1.2,1.6,0.8,2.4,1440.0915936134334,1417.3563176749722,22.7352759384612,3.0,0.3999999999999999,-0.7999999999999998
2.0,6.0,7.0,10.0,H,2.0,1.4,2.4,1.0,1776.928649625252,1681.2876873206794,95.64096230457267,-4.0,-0.3999999999999999,0.3999999999999999
7.0,8.0,4.0,10.0,H,2.0,1.8,2.2,1.4,1626.2228041440842,1802.3479777650505,-176.12517362096628,-2.0,-0.20000000000000018,0.40000000000000013
5.0,6.0,3.0,9.0,H,1.0,1.6,1.6,1.0,1615.1220676792932,1531.0730319708218,84.04903570847137,-3.0,-0.6000000000000001,0.6000000000000001
7.0,13.0,4.0,8.0,H,2.0,0.6,0.8,0.6,1786.3026510930745,1580.8673813160026,205.43526977707188,5.0,1.2,0.0
4.0,7.0,7.0,7.0,A,1.4,1.2,1.4,1.2,1666.0030684776057,1592.2771824081105,73.72588606949512,0.0,0.0,0.0
1.0,2.0,4.0,8.0,A,0.4,1.4,2.0,1.2,1343.9334759289463,1779.5264760388816,-435.59300010993525,-6.0,-1.6,0.19999999999999996
5.0,8.0,6.0,12.0,A,1.4,1.4,1.4,0.8,1597.6145928685773,1689.098703103942,-91.4841102353646,-4.0,0.0,0.5999999999999999
0.0,1.0,9.0,12.0,H,0.8,1.8,1.8,0.6,1570.2790934729474,1682.2769880165135,-111.99789454356619,-11.0,-1.0,1.2000000000000002
1.0,1.0,7.0,10.0,A,0.6,2.4,2.2,1.8,1527.9557143000886,1636.5703680839613,-108.61465378387265,-9.0,-1.6,0.5999999999999999
1.0,1.0,4.0,5.0,A,0.4,2.4,1.4,1.4,1407.7114333158654,1539.3443733814934,-131.63294006562796,-4.0,-0.9999999999999999,1.0
3.0,6.0,7.0,13.0,A,1.4,1.8,1.6,0.4,1576.2935759123782,1793.424963054107,-217.13138714172874,-7.0,-0.20000000000000018,1.4
3.0,5.0,7.0,7.0,H,0.8,1.2,1.2,1.2,1584.8682694293766,1436.0907055000594,148.77756392931724,-2.0,-0.3999999999999999,0.0
1.0,7.0,7.0,9.0,D,2.2,1.8,1.8,1.0,1795.5609627976469,1621.9090826466968,173.6518801509501,-2.0,0.40000000000000013,0.8
0.0,6.0,6.0,12.0,D,1.2,1.4,2.6,1.6,1530.0711502927363,1597.148805547056,-67.07765525431978,-6.0,-1.4000000000000001,-0.20000000000000018
